﻿State_Name,State_District_Name,LL_Crude_Birth_Rate_Cbr_Total,LL_Crude_Birth_Rate_Cbr_Rural,LL_Crude_Birth_Rate_Cbr_Urban,LL_Natural_Growth_Rate_Total,LL_Natural_Growth_Rate_Rural,LL_Natural_Growth_Rate_Urban,LL_Total_Fertility_Rate_Total,LL_Total_Fertility_Rate_Rural,LL_Total_Fertility_Rate_Urban,LL_Women_Aged_20_24_Reporting_Birth_Of_Order_2__Above_Total,LL_Women_Aged_20_24_Reporting_Birth_Of_Order_2__Above_Rural,LL_Women_Aged_20_24_Reporting_Birth_Of_Order_2__Above_Urban,LL_Women_Reporting_Birth_Of_Order_3__Above_Total,LL_Women_Reporting_Birth_Of_Order_3__Above_Rural,LL_Women_Reporting_Birth_Of_Order_3__Above_Urban,LL_Women_With_Two_Children_Wanting_No_More_Children_Total,LL_Women_With_Two_Children_Wanting_No_More_Children_Rural,LL_Women_With_Two_Children_Wanting_No_More_Children_Urban,LL_Women_Aged_15_19_Years_Who_Were_Already_Mothers_Or_Pregnant_At_The_Time_Of_Survey_Total,LL_Women_Aged_15_19_Years_Who_Were_Already_Mothers_Or_Pregnant_At_The_Time_Of_Survey_Rural,LL_Women_Aged_15_19_Years_Who_Were_Already_Mothers_Or_Pregnant_At_The_Time_Of_Survey_Urban,LL_Median_Age_At_First_Live_Birth_Of_Women_Aged_15_49_Years_Total,LL_Median_Age_At_First_Live_Birth_Of_Women_Aged_15_49_Years_Rural,LL_Median_Age_At_First_Live_Birth_Of_Women_Aged_15_49_Years_Urban,LL_Median_Age_At_First_Live_Birth_Of_Women_Aged_25_49_Years_Total,LL_Median_Age_At_First_Live_Birth_Of_Women_Aged_25_49_Years_Rural,LL_Median_Age_At_First_Live_Birth_Of_Women_Aged_25_49_Years_Urban,LL_Live_Births_Taking_Place_After_An_Interval_Of_36_Months_Total,LL_Live_Births_Taking_Place_After_An_Interval_Of_36_Months_Rural,LL_Live_Births_Taking_Place_After_An_Interval_Of_36_Months_Urban,LL_Mean_Number_Of_Children_Ever_Born_To_Women_Aged_15_49_Years_Total,LL_Mean_Number_Of_Children_Ever_Born_To_Women_Aged_15_49_Years_Rural,LL_Mean_Number_Of_Children_Ever_Born_To_Women_Aged_15_49_Years_Urban,LL_Mean_Number_Of_Children_Surviving_To_Women_Aged_15_49_Years_Total,LL_Mean_Number_Of_Children_Surviving_To_Women_Aged_15_49_Years_Rural,LL_Mean_Number_Of_Children_Surviving_To_Women_Aged_15_49_Years_Urban,LL_Mean_Number_Of_Children_Ever_Born_To_Women_Aged_45_49_Years_Total,LL_Mean_Number_Of_Children_Ever_Born_To_Women_Aged_45_49_Years_Rural,LL_Mean_Number_Of_Children_Ever_Born_To_Women_Aged_45_49_Years_Urban
Assam,Barpeta,20.4,21.1,14.6,13.8,14.4,8.4,2.4,NA,NA,41.4,42,32.8,33.7,35.2,15.3,82.1,80.6,92.6,42.9,43.7,30,22.7,22.4,25.1,22.4,22.1,24.4,53.3,53.1,56.8,2.7,2.7,2.2,2.4,2.5,2.1,4.1,4.3,3.4
Assam,Bongaigaon,19.2,20.5,11.3,13.1,14.2,6.3,2.1,NA,NA,45.2,46.3,29.2,29.7,31.3,11.8,81.2,78.8,92.6,47.2,47.7,37.5,22.3,21.9,25,21.9,21.5,24.4,49.3,48.3,62.5,2.6,2.7,1.8,2.4,2.5,1.8,3.9,4.3,2.5
Assam,Cachar,25.3,26.2,21.6,18,18.7,15.1,2.9,NA,NA,43.5,43.1,45.8,40.1,42.3,28.4,74.5,70.3,89,40.9,39.3,50,23.3,22.9,25,22.7,22.2,24.7,44.7,44.2,47.5,3.1,3.3,2.5,2.5,2.6,2.2,4.6,4.8,3.6
Assam,Darrang,20.4,20.8,10.8,12.3,12.7,3.9,2.3,NA,NA,48.9,48.7,NA,36.2,36.7,NA,75.4,74.6,NA,58,58,NA,23.1,22.9,NA,22.6,22.5,NA,55.1,55,NA,2.8,2.9,NA,2.5,2.6,NA,4.4,4.5,NA
Assam,Dhemaji,22.6,22.9,19.9,18.1,18.3,15.6,2.4,NA,NA,47.4,47.1,51.4,33.6,33.9,29.4,77.9,77.4,82,54.8,54.3,65.4,23.1,23,24.2,22.8,22.7,23.6,46.8,46.9,46.3,2.8,2.9,2.5,2.6,2.6,2.3,4.5,4.6,3.8
Assam,Dhubri,21.8,22.9,14.6,14.8,15.7,9.2,2.5,NA,NA,58,59.1,41.4,39.7,41.5,19.5,38.3,36.5,47.1,52.4,52.2,56.3,21.3,20.9,24.3,20.9,20.6,23.6,63.6,63.7,61.6,3,3.1,2,2.6,2.7,1.9,4.6,5,3
Assam,Dibrugarh,19.2,20.3,15.8,11.8,12.4,9.9,2,NA,NA,34.1,34.4,33,22.8,24.2,17.3,85.3,82.9,91.7,42,42.2,41.3,23.6,23.2,25,23.2,22.8,24.6,52.5,49.8,64.7,2.4,2.6,2.1,2.1,2.2,1.9,3.6,4,2.9
Assam,Goalpara,21.6,21.9,18.2,15,15.2,12.3,2.4,NA,NA,51.6,52.3,40.6,36.2,36.5,31.6,70.6,69.4,83.6,44.9,44.8,46.4,21.4,21.3,23,21.1,21,22.3,60.1,59.9,63.5,2.8,2.8,2.4,2.6,2.6,2.2,4.5,4.7,3.5
Assam,Golaghat,21.5,21.5,21.2,13.5,13.3,15.2,2.3,NA,NA,32.6,32.6,33,24.7,25.9,15.1,93.5,93.3,94.6,42.4,41.9,50,23.6,23.3,25.7,23.2,22.9,25.6,62.9,61.9,72,2.5,2.6,2,2.1,2.2,1.8,4.1,4.2,3.3
Assam,Hailakandi,30.6,32.5,19.3,23.8,25.6,NA,3.7,NA,NA,52.8,53.6,NA,46.4,49.7,NA,72.4,67.8,NA,38.1,34.8,NA,22.7,22.2,NA,22.1,21.6,NA,41.6,41.1,NA,3.4,3.6,NA,2.8,3,NA,5.6,6.1,NA
Assam,Jorhat,19.3,20,17.4,11.4,11.7,10.3,2,NA,NA,33.3,34.6,27.3,21.2,22.3,16.7,93.6,92.6,96.3,46.4,43.1,59.5,23.9,23.6,24.7,23.6,23.3,24.4,61.2,61,62.1,2.4,2.5,2,2,2.1,1.8,3.6,3.9,2.9
Assam,Kamrup,17.8,20.9,14.9,12.2,13.5,11,1.9,NA,NA,46,46.3,45.5,24,27.7,19,85.3,80.7,89.2,57.4,59.7,53.9,24.5,23.3,25.7,24,22.8,25.3,50.9,47.7,55.5,2.2,2.5,1.9,2.1,2.3,1.8,3.1,3.6,2.6
Assam,Karbi Anglong,20.8,21.7,17.7,13.7,14.4,11.3,2.3,NA,NA,40.2,42.5,29.8,33.6,35.9,23.8,80.5,77,90.3,47.8,48.1,46.1,23,22.7,24.2,22.4,22.1,23.5,55,54.2,59,3,3.2,2.5,2.5,2.6,2.2,4.9,5.1,4
Assam,Karimganj,25.6,26.2,17.2,18.7,19.1,NA,3.2,NA,NA,44.9,45.4,NA,47,48.1,NA,74,72.9,NA,32.2,31.4,NA,23.1,23,NA,22.6,22.5,NA,42.2,41.6,NA,3.3,3.4,NA,2.7,2.7,NA,5.3,5.5,NA
Assam,Kokrajhar,22.5,23,17.9,14.9,15.2,12.5,2.6,NA,NA,51.1,52.1,NA,34.7,36.4,NA,56.1,55.3,NA,51.2,51.3,NA,22.4,22.3,NA,21.9,21.8,NA,52,51.5,NA,2.8,2.9,NA,2.6,2.6,NA,4.2,4.3,NA
Assam,Lakhimpur,23.3,23.8,19.8,16.6,16.7,15.5,2.5,NA,NA,48.9,49.8,NA,33.4,34.1,NA,79.1,77,NA,57.2,57.1,NA,23.6,23.4,NA,23.3,23,NA,46.4,46.7,NA,2.7,2.7,NA,2.5,2.5,NA,3.7,3.9,NA
Assam,Marigaon,23,23.3,16.4,14.9,15.2,10.5,2.6,NA,NA,48.9,49.5,30,36.4,37.1,18,74.6,73.4,88.2,49.4,49.8,37.5,22.9,22.8,23.8,22.5,22.5,23.2,49.2,48.7,66.1,2.8,2.8,2.1,2.5,2.5,1.9,4.4,4.5,3.2
Assam,Nagaon,23.7,25.1,17.8,15.7,16.8,11,2.7,NA,NA,42.8,44.1,33.9,31.5,33.6,17.6,87.6,85.2,96,48.6,47.5,54.4,22.5,22.2,23.9,22.2,21.9,23.6,53.8,53.6,55.4,2.9,3,2.3,2.4,2.5,2,4.6,5,3.4
Assam,Nalbari,18.5,18.7,12.1,11.2,11.3,8.2,2,NA,NA,37.1,36.8,NA,19.7,19.8,NA,89.6,89.4,NA,46.7,46.2,NA,23.9,23.8,NA,23.5,23.4,NA,62.8,62.8,NA,2.4,2.4,NA,2.2,2.2,NA,3.6,3.6,NA
Assam,North Cachar Hills,18.3,19.4,17.4,12.7,12.3,13,2.1,NA,NA,42.4,46.4,38.6,34.3,38.1,30.4,79.2,76.3,81.2,64.9,72.7,56.8,24.3,24.2,24.4,23.7,23.6,23.8,60.3,62.1,58.4,2.7,2.9,2.5,2.4,2.6,2.3,3.8,4.1,3.5
Assam,Sibsagar,19,19.2,16.7,11,11,10.2,2,NA,NA,32.6,32.3,41.1,20.7,21,16.2,92.8,92.7,93.9,44.7,44.8,44.4,24,23.8,25.5,23.6,23.5,25.4,60.2,60,63.7,2.3,2.4,1.9,2,2,1.7,3.5,3.6,2.6
Assam,Sonitpur,18.9,19.1,17.1,12.4,12.5,11.6,2,NA,NA,49.6,50.4,41.1,34.9,36.4,21.2,73.4,72.7,77.3,50.7,50.6,52.9,23.3,23.1,25,22.8,22.7,24.4,46.3,46.4,45.3,2.6,2.6,2,2.4,2.4,1.9,3.7,3.9,2.6
Assam,Tinsukia,20.5,21.8,15.5,13,14.1,8.8,2.3,NA,NA,43.8,44.6,38.6,30.8,32.1,23,85.3,82.8,92.9,46.7,47.1,43.2,23.3,22.9,24.9,22.8,22.5,24.3,46.8,45.6,55.4,2.7,2.8,2.2,2.3,2.4,2,4,4.4,3
Bihar,Araria,30.6,30.9,26.8,23.2,23.4,20.2,4.3,NA,NA,49.6,49.2,NA,50.6,50.6,NA,37,36.7,NA,46.6,47.4,NA,21.4,21.4,NA,21.1,21.1,NA,43.3,42.5,NA,3.4,3.4,NA,3.1,3.1,NA,5.2,5.2,NA
Bihar,Aurangabad,24.7,25,22.7,19.1,19.3,17.3,3.1,NA,NA,57.2,57.7,52.2,45,44.9,46.3,44.4,43.8,51,45.8,45.5,50,21.7,21.6,22.1,20.9,20.9,21.4,49.2,49.3,48.8,3.5,3.5,3.4,3.1,3.1,3.1,5.1,5.1,4.9
Bihar,Banka,25.1,25.2,24.7,19.5,19.6,19.2,3.2,NA,NA,54.5,54.8,NA,42.9,43.3,NA,43.7,43.3,NA,37.8,37.8,NA,20.9,20.9,NA,20.4,20.4,NA,55.4,55.6,NA,3.3,3.3,NA,2.9,2.9,NA,5,5,NA
Bihar,Begusarai,25.8,26.2,21.1,19.9,20.2,16.2,3.3,NA,NA,55.7,55.8,NA,44.3,44.5,NA,47.6,46.2,NA,40.6,40.1,NA,21.3,21.2,NA,20.7,20.6,NA,50.3,49.7,NA,3.3,3.4,NA,3.1,3.1,NA,5.1,5.2,NA
Bihar,Bhagalpur,25.5,26,23.4,20.8,21.3,18.5,3.3,NA,NA,50.8,51.5,45.1,41.8,42.5,37.5,47.1,45.1,55.7,42.2,43.3,31.6,22,21.6,23.9,21.2,20.9,22.6,49.4,49.4,49.8,3.4,3.4,3,3.1,3.1,2.9,5.1,5.2,4.3
Bihar,Bhojpur,23.5,24.3,19.3,18.1,18.8,14.2,3,NA,NA,59.7,59.5,61.6,41.9,42.2,39.6,53.6,51.6,66.3,50.7,51.2,42.1,21.8,21.6,23.1,21.1,20.9,22,43.6,44.1,40.4,3.4,3.5,3.3,3.1,3.1,3,5.1,5.1,4.8
Bihar,Buxar,24.1,24.4,21.6,17.9,18.1,15.8,3.2,NA,NA,56.6,57.1,49.3,42.2,42.8,35.4,52.4,51.2,64.2,44.3,44.7,33.3,22.2,22.1,23,21.4,21.4,21.9,46.3,46.2,47.4,3.4,3.5,3.3,3,3,2.9,5.1,5.1,5.1
Bihar,Darbhanga,26.2,26.6,20.6,17.7,18.1,11.8,3.8,NA,NA,44.9,45.3,40,44.5,45.6,30.2,37.9,37.5,44.6,49.7,49.1,55.6,22,21.9,22.6,21.7,21.7,22.3,44,44,43.8,3,3,2.6,2.9,2.9,2.5,4.1,4.1,3.2
Bihar,Gaya,24,25.3,19.5,17.2,18.3,13.3,3,NA,NA,60.3,60.3,60,44.5,45.4,40.7,48.4,48,50.1,48.6,46.8,56.5,21.7,21.7,21.8,21,21,21,49.6,51,43.7,3.4,3.5,3.2,3.1,3.1,2.9,5.1,5.2,5
Bihar,Gopalganj,25,25.1,23.9,18.9,18.9,18.9,3.5,NA,NA,40,39.5,47.5,45.8,46,44.2,53.1,52.5,62.8,44.9,49.2,0,22.8,22.8,22.8,22.4,22.4,22.2,47.8,48.2,42.8,2.8,2.8,2.9,2.8,2.8,2.9,3.5,3.6,2.6
Bihar,Jamui,25.7,26,22.2,19.7,20,16.5,3.1,NA,NA,60.9,60.8,NA,44,43.5,NA,48.8,46.8,NA,39.9,40.4,NA,21.3,21.3,NA,20.6,20.6,NA,51.1,51.2,NA,3.3,3.3,NA,3,2.9,NA,5.3,5.2,NA
Bihar,Jehanabad,23.9,24.1,22.3,18.6,18.8,16.9,3.1,NA,NA,52.2,52.4,50.5,40.8,41.1,37.4,45.9,45.2,52.2,40.1,39.4,46.7,21.6,21.6,21.8,21,21,21,49.5,49.8,45.6,3.3,3.3,3.5,3,3,3.1,4.9,4.8,4.9
Bihar,Kaimur (Bhabua),24.3,24.5,17.9,18.9,19.2,12.9,3.2,NA,NA,52.8,53.4,NA,45,45.3,NA,51.5,51.1,NA,31.1,31.7,NA,22.1,22.1,NA,21.5,21.5,NA,46.7,46.7,NA,3.5,3.5,NA,3.1,3.1,NA,5.2,5.3,NA
Bihar,Katihar,28.1,28.7,20.4,21.8,22.4,13.7,3.9,NA,NA,49.6,49.9,41.8,50.2,50.7,38.7,37.7,36.7,58.7,33.6,33.4,37.5,21.5,21.5,22.3,21.2,21.2,21.7,45.4,45.7,37.8,3.6,3.6,2.7,3.2,3.2,2.6,5.6,5.8,3.7
Bihar,Khagaria,30.3,30.8,22.7,21.2,21.5,16.2,4.2,NA,NA,49.5,50.3,32.9,46.1,46.3,42.1,33.9,32.8,49.7,41.7,42.5,22.2,21.5,21.4,22.1,21.2,21.1,21.6,38.5,38.2,43.3,3.2,3.2,2.9,3.1,3.1,2.9,4.1,4.1,3.7
Bihar,Kishanganj,30.4,31.5,22.9,24.1,25,18.1,4.4,NA,NA,48.6,48.5,49.4,53.6,54.6,43.3,40.1,39.5,46,30.8,31,30,22,21.9,22.7,21.7,21.7,22.4,40.3,40.2,42.2,3.7,3.8,3,3.3,3.4,2.8,5.4,5.5,4.4
Bihar,Lakhisarai,23.2,23.8,19.6,17.3,17.9,13.5,3,NA,NA,62,62.6,57.4,43.9,44.9,35.4,50.7,50.1,55.1,44.3,42.9,57.1,21.6,21.5,22.2,20.9,20.8,21.4,50.4,50.9,46.2,3.5,3.5,3.2,3.1,3.1,2.9,5,5.1,4.4
Bihar,Madhepura,29.4,29.8,20.2,22.4,22.8,12,4,NA,NA,50.6,50.4,NA,48.2,48.4,NA,43.9,43.5,NA,33.4,33.3,NA,21.4,21.4,NA,21.1,21.1,NA,44,44.3,NA,3.3,3.3,NA,3,3,NA,5,5.1,NA
Bihar,Madhubani,24.2,24.3,21.5,17.1,17.2,13.1,3.4,NA,NA,43,43.2,NA,42.6,42.9,NA,44.9,45,NA,43.8,43.5,NA,21.8,21.8,NA,21.6,21.6,NA,46.4,46.7,NA,3,3,NA,2.8,2.8,NA,4.1,4.1,NA
Bihar,Munger,24.3,25.1,22.4,18,18.8,16.2,3.2,NA,NA,51.7,53.5,46.3,40.2,42.5,33,47.4,44.6,54.4,44,43.8,44.4,21.7,21.4,22.4,20.9,20.8,21.3,50,49.6,51.2,3.3,3.4,3.1,3,3.1,2.9,4.8,5,4.4
Bihar,Muzaffarpur,24.9,25.7,16.7,16.5,16.9,11.7,3.4,NA,NA,46.5,46.5,44.7,43.4,44.3,27.8,34.4,34.2,37,30,31.5,18.2,22.3,22.2,23,22,22,22.3,41.9,42.4,32.2,3.1,3.1,2.6,2.8,2.9,2.5,4.4,4.5,3.4
Bihar,Nalanda,25.5,26,22.6,18,18.5,15.7,3.1,NA,NA,63.9,61.4,79.5,44.1,44,44.6,43.6,40.5,59.3,48.7,48.9,45.8,21.3,21.2,22,20.6,20.5,20.9,48.4,49.9,40.4,3.4,3.4,3.4,3,3,3.1,5.1,5.2,4.8
Bihar,Nawada,24.1,24.5,20.7,18.4,18.7,15.9,3.1,NA,NA,56.4,56.4,56.6,42.8,43.4,36.3,51.3,50.5,57.9,41.8,41.8,42.3,21.7,21.7,22.2,20.9,20.9,21.4,51.5,51,57,3.4,3.4,3.3,3.1,3.1,3,5.1,5.1,4.8
Bihar,Pashchim Champaran,28,28.6,20.5,19.4,20.2,9.5,4,NA,NA,51.3,50.8,59.4,45.8,45.6,48.8,54.1,54.9,44.2,45.6,45.9,40,22.8,22.8,22.8,22.9,23,22.4,27.7,27.4,31.5,3.1,3.1,3,2.8,2.9,2.1,3.9,3.9,3.8
Bihar,Patna,21.1,25,16.9,16.4,20.1,12.3,2.6,NA,NA,53.9,57.8,46.8,37.2,42.4,27.9,45.5,43.9,47.6,46.2,45.9,47.1,22.2,21.4,22.9,21.4,20.8,22.1,48.4,47,51.3,3.2,3.5,2.8,2.9,3,2.7,4.4,5.2,3.8
Bihar,Purba Champaran,29.2,29.8,23.4,21.6,22.2,15.9,4.2,NA,NA,48.8,48.4,NA,46.3,46.8,NA,35,37,NA,39.2,39,NA,22.6,22.6,NA,22.5,22.5,NA,42.9,43,NA,3.1,3.1,NA,2.9,3,NA,4.2,4.2,NA
Bihar,Purnia,27.3,28.5,21.3,20.3,21.4,15.2,3.7,NA,NA,49.1,49,NA,50.6,51.3,NA,38.9,41.2,NA,40,39.4,NA,22.1,22.2,NA,21.9,22,NA,45.1,44.4,NA,3.3,3.4,NA,3.1,3.2,NA,5,5.1,NA
Bihar,Rohtas,25.3,25.7,22.2,18.9,19.3,16.1,3.3,NA,NA,55.3,55.5,53.1,43.5,43.8,40.2,48.4,47.9,51.4,37.3,37.2,38.5,21.9,21.7,23,21.2,21.1,22.3,44,44.3,42,3.4,3.4,3.1,3,3,2.9,5,5,5
Bihar,Saharsa,31.2,32.6,22.6,23.7,24.7,17.9,4.3,NA,NA,51.2,51.7,47.3,47.8,49.1,35.4,36.1,35.9,37.5,39.1,38.4,46.7,21.7,21.6,22.3,21.5,21.5,22,37.3,37,40,3.2,3.3,2.9,3,3.1,2.8,4.9,5.1,3.8
Bihar,Samastipur,28.3,28.8,18.3,21.7,22.1,14.1,3.8,NA,NA,43.4,42.8,NA,41.9,42.2,NA,42.2,42.4,NA,33,33,NA,21.4,21.4,NA,21.1,21.1,NA,46.1,45.9,NA,3,3,NA,2.9,2.9,NA,4.1,4.2,NA
Bihar,Saran,23.9,24,23.3,16.6,16.6,16.7,3.2,NA,NA,45.6,46.2,40.6,49.7,50,46.9,46.8,47.1,44.3,41.4,40.2,50,21.7,21.5,23.3,21.2,21,22.8,45.9,46.1,44,3,3,3,2.9,3,2.8,3.9,3.8,4.4
Bihar,Sheikhpura,28,29.2,21.7,20.4,21.5,14.4,3.6,NA,NA,61.7,61.2,66.7,45.9,45.6,48.9,50.5,49.8,55,49.7,49.4,52.9,21.4,21.3,21.9,20.8,20.8,21.1,46.6,46.4,47.5,3.5,3.5,3.4,3.2,3.1,3.2,5.1,5.1,5.1
Bihar,Sheohar,30.7,30.6,32.5,23.3,23.1,26,4.6,NA,NA,45,44.6,NA,50.8,50.8,NA,44.6,45.2,NA,35,35.1,NA,21.5,21.5,NA,21.2,21.1,NA,49.4,49.4,NA,3,3,NA,2.9,2.9,NA,4.1,4.1,NA
Bihar,Sitamarhi,27.6,28,23.9,18.4,18.5,17.7,3.9,NA,NA,44.7,44.9,NA,45.6,45.8,NA,41.3,41.8,NA,47.6,46.9,NA,20.9,20.9,NA,20.8,20.8,NA,49.1,49,NA,2.9,2.9,NA,2.9,2.9,NA,3.6,3.7,NA
Bihar,Siwan,25.5,26.1,20.9,18.2,18.7,14.6,3.5,NA,NA,42.3,41.7,47.1,42.3,42.2,42.7,55,55.4,52.1,39.5,46.5,15,22.9,22.9,23,22.4,22.5,22.2,49.6,50,45.8,2.8,2.8,3,2.8,2.8,2.8,3.6,3.6,4
Bihar,Supaul,27.7,27.9,25.3,21.4,21.5,20.7,3.8,NA,NA,51.1,50.4,NA,43.7,44.2,NA,31.1,30,NA,51.8,50.9,NA,21.7,21.6,NA,21.5,21.5,NA,39,39.1,NA,3.1,3.1,NA,2.9,2.9,NA,4.6,4.6,NA
Bihar,Vaishali,26.5,27,18,19,19.5,11.7,3.4,NA,NA,51.1,51.2,47.7,41.7,41.8,38.8,39.5,39.6,38.9,52.1,53.1,20,21.5,21.5,22,21,21,21.1,42.1,42.2,41.3,3.1,3.1,3.1,2.9,2.9,2.9,4.4,4.4,4.6
Chhattisgarh,Bastar,20.96,21.07,19.74,13.58,13.7,12.28,2.53,NA,NA,55.23,55.9,47.71,18.32,18.78,12.16,30.38,29.67,40.71,52.73,55.63,33.33,22.6,22.6,23.4,21.8,21.7,22.6,57.6,56.9,66.1,2.53,2.56,2.15,2.48,2.51,2.14,2.73,2.78,2.26
Chhattisgarh,Bilaspur,25.58,27.13,22.47,18.63,19.85,16.18,2.94,NA,NA,41.63,44.28,32.79,32.11,35.69,21.49,38.23,31.41,52.66,47.72,48.37,45.45,21.9,21.4,22.8,21.2,20.7,22,47.2,47.3,46.8,2.56,2.75,2.16,2.48,2.64,2.14,3.21,3.6,2.66
Chhattisgarh,Dantewada,23.92,24,23.35,15.41,15.57,14.16,2.68,NA,NA,43.71,45.9,30.11,36.79,38.88,19.24,35.64,34.93,41.24,39.91,36.38,50,23.1,23.2,22.8,22.3,22.3,21.9,31.5,29.8,46.4,2.48,2.54,2.04,2.41,2.46,2.02,3.08,3.17,2.43
Chhattisgarh,Dhamtari,21.29,21.66,18.43,13.82,14.2,10.81,2.47,NA,NA,41.42,41.46,41.1,21.74,21.72,21.84,36.3,37.74,26.56,40.63,40.93,37.5,21.5,21.4,22.7,20.9,20.8,22.1,37.6,37,42.3,2.63,2.64,2.49,2.47,2.48,2.37,3.5,3.54,3.18
Chhattisgarh,Durg,20.33,21.35,18.48,14.16,14.53,13.49,2.33,NA,NA,38.53,40.61,33.02,21.84,24.27,16.71,37.49,41.98,31.6,34.2,33.96,35,21.6,21.1,22.5,20.9,20.5,21.9,42.6,41.2,46.1,2.55,2.69,2.3,2.39,2.49,2.2,3.43,3.63,3.1
Chhattisgarh,Janjgir-Champa,20.74,21.03,18.24,13.43,13.52,12.66,2.55,NA,NA,38.05,38.32,34.26,29.04,30.1,17.91,24.33,25.71,16.61,38.57,39.44,14.29,21.7,21.7,22.2,21,21,21.3,46.4,46.6,44.9,2.62,2.67,2.23,2.54,2.58,2.21,3.53,3.63,2.79
Chhattisgarh,Jashpur,22.6,22.84,16.62,13.5,13.56,12.05,2.76,NA,NA,39.96,40.31,NA,30.6,30.87,NA,34.53,34.65,NA,46.97,46.91,NA,22.8,22.8,NA,22.4,22.4,NA,49,49.2,NA,2.47,2.48,NA,2.41,2.42,NA,2.98,3,NA
Chhattisgarh,Kanker,20.77,20.89,17.82,15.09,15.15,13.73,2.3,NA,NA,37.62,37.49,NA,18.44,18.53,NA,44.45,43.48,NA,51.15,50.75,NA,22.2,22.2,NA,21.3,21.3,NA,53.8,54.3,NA,2.34,2.35,NA,2.27,2.27,NA,2.94,2.96,NA
Chhattisgarh,Kawardha,29.43,30.69,21.32,20.95,21.96,14.43,3.58,NA,NA,51.27,52.33,NA,32.82,34.13,NA,10.36,10.19,NA,44.47,45.52,NA,20.5,20.3,NA,20.2,20.1,NA,51,50.8,NA,2.73,2.77,NA,2.59,2.63,NA,3.63,3.69,NA
Chhattisgarh,Korba,22.54,25.14,18.6,16.23,17.66,14.05,2.53,NA,NA,34.13,33.94,34.49,28.79,32.21,22.06,20.87,23.21,16.62,33.54,32.82,35.14,22.4,22,22.8,21.8,21.5,22.2,52.1,52.2,51.8,2.52,2.61,2.39,2.4,2.45,2.33,3.47,3.66,3.26
Chhattisgarh,Koriya,20.6,22.81,15.19,14.19,16.18,9.3,2.29,NA,NA,45.61,47.89,34.46,31.8,34.08,22.33,30.21,28.08,36.74,39.23,38.88,42.86,21.3,20.9,23.2,20.8,20.6,22,55.5,56,53,2.32,2.32,2.31,2.26,2.26,2.28,2.7,2.61,2.85
Chhattisgarh,Mahasamund,22.91,23.17,20.57,14.46,14.63,12.92,2.76,NA,NA,38.23,37.76,43.69,23.47,23.88,19.47,37.06,39.38,21.6,48.59,48.15,60,22,22,22.7,21.5,21.4,21.8,45.7,46.5,37.5,2.57,2.58,2.45,2.38,2.39,2.28,3.52,3.52,3.49
Chhattisgarh,Raigarh,21.48,21.71,20.03,13.73,13.66,14.13,2.51,NA,NA,41.08,41.53,37.13,28.31,29.3,21.34,33.55,32.16,40,37.87,36.48,52.94,21.7,21.5,23,21,20.9,22.2,51.4,50.8,56.6,2.44,2.47,2.2,2.27,2.29,2.15,3.16,3.24,2.65
Chhattisgarh,Raipur,25.16,26.52,21.9,18.35,19.39,15.87,2.95,NA,NA,46,47.89,39.31,28.52,30.01,23.9,30.16,30.17,30.14,43.68,42.19,53.33,21.4,20.9,22.7,20.8,20.5,22,44,42.7,48.5,2.52,2.66,2.19,2.47,2.6,2.17,3.09,3.37,2.5
Chhattisgarh,Rajnandgaon,24,25.28,17.6,16.43,17.53,10.93,2.83,NA,NA,44.15,44.97,37.36,26.03,27.59,15.47,46.45,47.47,42.79,34.99,33.95,41.18,21.4,21,24.2,20.9,20.7,23.8,42.8,42.9,41.8,2.41,2.46,2.15,2.32,2.37,2.07,2.94,3,2.69
Chhattisgarh,Surguja,26.18,27.09,15.39,17.57,18.15,10.75,3.21,NA,NA,47.19,47.55,40.48,36.3,37.14,21.46,39.18,39.24,38.36,36.61,36.55,40,21.2,21,22.5,20.8,20.7,21.8,45.3,45.3,45.6,2.51,2.54,2.2,2.44,2.46,2.18,2.98,3.05,2.46
Jharkhand,Bokaro,22.9,26.5,19.6,17.5,20.2,15,2.6,NA,NA,49.3,50.9,46.8,30.1,33.6,25.9,76,68.3,81.3,36.8,33.6,41.1,21.5,20.8,22.2,20.8,20.4,21.5,45.8,45.1,46.9,2.9,3.1,2.7,2.5,2.6,2.4,4.4,4.8,4.1
Jharkhand,Chatra,23.6,23.6,23.4,19.1,19,19.4,3,NA,NA,52.2,52.3,50.6,35.6,34.9,41.7,39.8,37.8,58.8,30.4,30.5,27.3,21.5,21.3,22.9,20.7,20.6,21.7,57.7,58.6,50.8,3.1,3,3.4,2.9,2.8,3.1,4.7,4.6,5.5
Jharkhand,Deoghar,21.7,22.4,18.6,17.4,17.9,14.8,2.5,NA,NA,57.6,58.7,44.7,37.6,38.6,29.7,59.3,56.1,77.2,45.7,46.6,32.5,20.9,20.5,23.4,20.4,19.9,22.5,51.6,51.7,50.5,2.9,2.9,2.6,2.6,2.7,2.4,4.4,4.6,3.8
Jharkhand,Dhanbad,23.6,28,20.8,18.4,21.7,16.3,2.7,NA,NA,55.9,59.4,52.4,32.3,35.6,29.2,78.5,73.9,81.5,46.9,46.1,47.7,20.9,20.4,21.4,20.2,19.8,20.6,45.5,45.7,45.1,3.1,3.1,3.1,2.6,2.6,2.7,4.7,4.8,4.6
Jharkhand,Dumka,25.4,26,18.7,18.7,19.2,12.7,3,NA,NA,55.7,56.6,44,36.6,37.9,14.2,65.3,65.5,62.1,45.3,44.9,54.2,20.8,20.7,21.4,20.4,20.3,20.8,53,53.2,50.1,2.8,2.8,2.5,2.4,2.4,2.2,4.5,4.5,3.6
Jharkhand,Garhwa,23.3,23.6,19.5,18.7,19,15.3,3,NA,NA,46.5,47,NA,35.9,36.4,NA,49,48,NA,32.9,33.1,NA,21.4,21.3,NA,20.8,20.8,NA,52.8,52.7,NA,3.1,3.1,NA,2.9,2.9,NA,4.6,4.6,NA
Jharkhand,Giridih,21.6,21.8,18.5,17.5,17.7,14.3,2.5,NA,NA,57.5,57.6,55.7,36,36.2,31.8,60.9,60.5,69.1,36.1,36.1,36.8,21,20.9,22.8,20.5,20.4,21.8,56.9,56.8,58.4,3.1,3.1,3,2.8,2.8,2.9,4.8,4.9,4.1
Jharkhand,Godda,23.2,23.4,19.1,16.5,16.7,14.4,3,NA,NA,60,60.3,NA,41.4,42.2,NA,57.2,56.4,NA,43.8,44.1,NA,21.6,21.5,NA,20.9,20.9,NA,53.7,53.6,NA,3.1,3.2,NA,2.9,2.9,NA,4.6,4.7,NA
Jharkhand,Gumla,25.2,25.6,19,16.3,16.5,12.3,3.5,NA,NA,49.5,49.9,43.7,48.3,49.1,35.4,48.7,47,66.3,50.3,49.8,63.1,22.9,22.9,23.9,22.4,22.4,23,51.2,51.1,52.1,3.3,3.3,2.8,2.9,2.9,2.6,4.7,4.7,4.1
Jharkhand,Hazaribagh,19.9,20.7,16.8,15.4,16.3,12.6,2.3,NA,NA,49.2,50.1,44.5,29.1,29,29.8,54.5,51.8,64.9,43.8,44,41.7,21.3,21,22.7,20.6,20.4,21.6,47.1,47.5,45.6,3,3,2.8,2.7,2.7,2.7,4.3,4.4,4
Jharkhand,Kodarma,22.6,23.1,20.6,18.2,18.6,16.1,2.7,NA,NA,53.1,54.3,46.7,35.7,37.4,26.6,50.7,51.3,47.7,38.1,37.2,50,21.1,20.8,22.4,20.5,20.3,21.8,52.1,53.1,45.9,3.1,3.1,3,2.8,2.8,2.8,4.6,4.7,4.1
Jharkhand,Lohardaga,27,27.9,20.4,18.8,19.6,13.5,3.7,NA,NA,48.1,48.7,42.6,45.2,46.9,30.4,61,57.3,79.4,37.5,37.1,41.2,21.9,21.7,23.7,21.3,21.1,23,52.8,52.8,53.7,3.6,3.7,2.9,3,3,2.6,5.3,5.5,4.4
Jharkhand,Pakaur,29.2,29.8,18.2,22.5,23.1,13.4,3.7,NA,NA,57.8,57.8,NA,43.4,43.8,NA,53.9,56.5,NA,47.3,47.1,NA,21.9,21.8,NA,21.5,21.4,NA,49.1,48.6,NA,3.1,3.1,NA,2.7,2.8,NA,4.6,4.7,NA
Jharkhand,Palamu,21.9,22,19.9,16.8,17,14.7,2.9,NA,NA,48.3,48.2,50.6,38,38.2,34,61.8,62.6,48.4,32,31.5,47.1,21.7,21.6,23.3,20.8,20.7,22.3,56.8,57.2,49.3,3.3,3.3,3,2.9,2.9,2.8,5.1,5.1,4.4
Jharkhand,Pashchimi Singhbhum,25.4,26.5,19.9,17.3,17.8,15,3.1,NA,NA,50.8,52.1,43.4,43.4,45.9,26.3,69.1,65.3,83.5,39,37.3,50.9,23.1,23,23.4,22.8,22.8,22.9,50.8,50.9,50.4,2.9,3,2.3,2.5,2.6,2.2,4.3,4.5,3.4
Jharkhand,Purbi Singhbhum,20.1,23.4,17.8,14.7,17.1,13,2.2,NA,NA,48.1,48.9,47.2,26.5,30.5,22.6,80.4,75,83.6,45,43.3,47.5,22.4,21.6,23,21.8,21.1,22.4,52.1,54,50.2,2.3,2.3,2.3,2.2,2.2,2.2,3.2,3.2,3.2
Jharkhand,Ranchi,22.7,24.8,19.5,16.5,18.4,13.6,2.7,NA,NA,46.1,48.8,40.7,34.4,38.9,25.2,72.7,63.9,82.6,42,39.9,49,22.6,22.2,23.4,21.9,21.5,22.6,52.1,51.9,52.4,3.1,3.3,2.7,2.6,2.7,2.4,4.6,5,4.1
Jharkhand,Sahibganj,23.5,24.3,17.8,17.1,17.6,12.8,3,NA,NA,53.6,53.8,52.3,42.3,43,35,45.7,44.8,54.8,40,40.1,38.9,22.1,22,22.7,21.5,21.4,22,54.5,54.8,50.9,3.1,3.2,2.9,2.8,2.8,2.7,4.6,4.7,4.3
Madhya Pradesh,Balaghat,22.5,23.1,19.2,13.9,14.4,11.2,2.6,NA,NA,37.9,38.5,34,21.3,21.9,17.2,41.1,43.5,31.3,43.2,40.3,58.3,22.8,22.8,22.9,22.3,22.4,22.3,35.5,35.5,35.2,2.3,2.3,2.2,2.3,2.3,2.1,2.7,2.7,2.8
Madhya Pradesh,Barwani,31.2,31.1,31.5,20,20.4,18.1,3.9,NA,NA,67.2,67.6,65.4,47.3,48.3,43.1,38.4,31.9,56.5,62,62.7,55.6,21,20.7,22.3,20.7,20.4,21.8,34.4,34.7,33,3.1,3.2,2.6,2.9,3,2.5,4.1,4.3,3.3
Madhya Pradesh,Betul,23.7,24.9,18.4,15.2,16,11.7,2.8,NA,NA,42.2,43.8,31.9,22.8,24.4,14.2,50.1,48.3,55.5,49.4,51.3,41.7,22.5,22.3,23,21.9,21.8,22.5,25.8,25.7,26.4,2.6,2.7,2.3,2.5,2.6,2.2,3.4,3.5,3.1
Madhya Pradesh,Bhind,22.6,23.7,20.7,16,16.5,15.3,2.9,NA,NA,46.4,48.6,41.8,33.4,35.2,29.8,63.1,57.1,70.7,38.8,38.6,39.1,21.7,21.4,22.3,21.2,20.9,21.6,45.4,45.1,46.1,2.7,2.8,2.7,2.6,2.7,2.6,4.3,4.5,3.9
Madhya Pradesh,Bhopal,18.6,24.1,17.6,13.1,16.8,12.4,2,NA,NA,40.2,45.2,38.7,28.5,36.8,26.4,82.9,61.6,85.1,40.5,25,46,23.5,21.7,23.9,22.9,21,23.2,49.9,40.1,53.1,2.5,3.1,2.3,2.3,2.9,2.2,3.3,4.4,3.2
Madhya Pradesh,Chhatarpur,29.4,32.5,20.1,21.9,24.4,14.1,3.8,NA,NA,50.2,52.7,38.9,36.2,38.2,28,51.6,46.6,63.2,50.5,49.7,61.5,20.8,20.6,21.4,20.4,20.1,20.8,34.1,32.9,39.6,3.1,3.2,2.8,2.8,2.9,2.6,4.4,4.8,3.6
Madhya Pradesh,Chhindwara,22.7,23.5,20.6,14.5,14.8,13.9,2.6,NA,NA,37,39.5,27.9,23,25.1,17.2,49.8,52,42.3,54.5,53.8,57.1,22.4,21.9,23.7,21.5,21.1,22.9,32.1,31.3,35.2,2.3,2.4,2,2.3,2.4,2,2.5,2.6,2.4
Madhya Pradesh,Damoh,28.8,30.1,24.4,18.3,18.9,16.4,3.5,NA,NA,48.7,50.8,37.5,34.9,36.4,28.8,55.8,53.3,60.1,42.6,42.4,44.4,21.1,20.8,22.1,20.5,20.2,21.1,37,36.3,40.3,3,3,2.7,2.6,2.7,2.5,4.5,4.6,4.1
Madhya Pradesh,Datia,18.8,20.3,15.8,12.2,13.7,9.1,2.3,NA,NA,43,44.4,37.8,29.5,30.6,26.4,73.8,64.6,83.5,40.2,40.5,38.9,21.7,21.1,23.1,21,20.6,22.4,42.1,39.6,48.7,2.6,2.7,2.5,2.4,2.5,2.4,4.1,4.1,4
Madhya Pradesh,Dewas,21.2,22.3,18.9,15.6,16.5,13.9,2.5,NA,NA,42.1,44.2,36.6,33.6,34.3,32,68.4,58,79.2,38.4,38.1,39.7,21.5,21.1,22.3,21,20.7,21.8,36.8,34,44,2.6,2.6,2.6,2.4,2.5,2.4,3.7,3.9,3.5
Madhya Pradesh,Dhar,24.2,24.1,24.6,18,18,18,2.9,NA,NA,54.5,58.3,40.3,41.1,42.7,34.6,49.1,43.8,60.6,55.5,56.3,41.7,21.2,20.9,22.5,20.7,20.4,21.9,36.5,33.6,49.3,2.9,2.9,2.6,2.7,2.7,2.4,3.7,3.8,3.4
Madhya Pradesh,Dindori,29.2,29.6,20.5,18.9,19.2,13.8,3.4,NA,NA,54.1,54.1,NA,31.8,32.1,NA,41.9,40.4,NA,59.9,60.4,NA,20.7,20.6,NA,20.3,20.2,NA,35.6,35.5,NA,2.3,2.3,NA,2.3,2.3,NA,2.4,2.4,NA
Madhya Pradesh,East Nimar,23.1,24.6,19.2,15.4,16.7,11.9,3,NA,NA,42.3,44,34.7,36.8,37.2,35.2,60.9,56.4,68.6,49.4,50.8,40.9,22.4,22,23.9,22,21.6,23.3,32.5,29.6,43.9,2.8,2.9,2.6,2.6,2.7,2.5,4.1,4.2,3.7
Madhya Pradesh,Guna,28.1,30.4,21.9,19.8,22,14.1,3.4,NA,NA,57.9,60.7,45.8,38.3,39.5,33.9,60.2,52.6,72.3,33.8,34.9,25.9,21.7,21.2,22.8,21,20.6,22.1,41.7,40.2,48.3,2.8,2.9,2.7,2.6,2.6,2.5,4.2,4.4,3.9
Madhya Pradesh,Gwalior,17.8,21,16.5,11.9,14.4,10.9,2.1,NA,NA,40.2,45.1,36.6,21.6,28.2,18.2,79.4,63.8,83.6,37.7,44.7,31,22.8,21.4,23.4,22.2,20.9,22.7,50.4,46.9,52.7,2.5,2.7,2.4,2.4,2.6,2.3,3.5,4.2,3.3
Madhya Pradesh,Harda,24.5,25.2,21.8,17.5,18,15.8,2.9,NA,NA,40.9,42.1,34.3,27.6,28.9,21.8,41.9,35.9,78.1,59.3,57.4,70.6,21.6,21.4,22.5,21,20.9,21.7,30.3,28.7,39,2.7,2.8,2.5,2.6,2.6,2.4,3.4,3.5,3.3
Madhya Pradesh,Hoshangabad,21.8,24.6,17.1,14.4,16.4,10.9,2.5,NA,NA,43.7,46.2,36.7,25.8,27.6,21.6,46.9,44,51.3,52.5,54,45,21.3,20.7,22.6,20.6,20.1,21.5,34.2,30.7,43.7,2.6,2.8,2.3,2.5,2.6,2.3,3.3,3.6,2.9
Madhya Pradesh,Indore,19.5,24.4,18,14.3,17.5,13.3,2.2,NA,NA,37.9,46.7,32.9,22.5,29.5,19.8,83.4,63.9,85.9,45.7,39.6,50.9,22.7,20.9,23.2,22.1,20.5,22.6,49.8,40,54.1,2.3,2.6,2.2,2.2,2.5,2.2,3.1,3.4,3
Madhya Pradesh,Jabalpur,21.4,26.4,18.2,15.7,20.4,12.6,2.4,NA,NA,40.9,44.8,36.3,21.6,26.5,17.7,55.1,63.2,50.7,43.1,29.3,67.9,22.5,20.8,23.4,21.6,19.8,22.5,36.5,31,41.6,2.3,2.4,2.2,2.2,2.3,2.2,2.5,2.4,2.6
Madhya Pradesh,Jhabua,23.3,23.8,17.8,17.6,18.1,13.2,2.9,NA,NA,57.2,57.7,52.4,44.3,45.7,29.8,49.1,45.4,71.9,49.1,49.6,38.9,21.4,21.3,21.8,20.8,20.8,21,40.9,40.4,46.3,3.3,3.3,2.6,3.1,3.1,2.5,4.6,4.8,3.3
Madhya Pradesh,Katni,26.6,28.8,20.9,17,18.3,13.4,3.2,NA,NA,42.7,43.6,37.5,33.3,35.7,24.9,40.6,41.6,38.1,34.9,37.5,25,21.6,21.2,22.4,20.8,20.7,21.3,42.2,40.7,47.6,2.6,2.7,2.4,2.5,2.5,2.3,3.3,3.3,3.2
Madhya Pradesh,Mandla,25,26,17.3,16.6,17.2,12.1,2.9,NA,NA,53.9,55.1,34.9,26.1,27,16.7,46.4,45.7,54.6,72.6,73.3,33.3,21.1,20.9,23.9,20.7,20.6,23,34.6,33.5,47.9,2.3,2.3,2.1,2.2,2.2,2.1,2.3,2.3,2.5
Madhya Pradesh,Mandsaur,18.6,19,17.7,12.1,12.1,12,2.2,NA,NA,37.1,36.7,38.2,27.2,29,21.5,73.3,68.2,84.6,29.4,28.9,32.8,21.7,21.5,22.3,21.1,20.9,21.6,54.9,56.1,51.2,2.4,2.4,2.4,2.2,2.2,2.3,3.5,3.5,3.4
Madhya Pradesh,Morena,23.6,25.6,19.4,16,18,11.8,3,NA,NA,50.2,52,44.6,38.9,41.8,31.1,56.6,49.1,65.5,40.3,38.9,47.5,21.7,21.3,22.5,21.3,20.9,21.8,44.6,42.7,50,2.8,2.8,2.7,2.6,2.6,2.6,4.1,4.1,4
Madhya Pradesh,Narsimhapur,26.5,27.2,22.7,19.3,19.8,16.5,3.1,NA,NA,46.7,47.1,43.7,19.1,19.2,18,57,58.7,48,47.8,45.6,66.7,21,20.9,22.1,20.7,20.7,21.3,27,26.1,33.3,2.3,2.3,2.2,2.3,2.3,2.2,2.5,2.5,2.6
Madhya Pradesh,Neemuch,21.7,21.3,22.4,15.9,15.3,16.8,2.5,NA,NA,34.3,35.4,32.1,29.2,31.3,25.3,76.4,72.1,80.7,26.5,24.5,33.9,22.3,21.8,23.2,21.8,21.2,22.8,49.2,49.4,48.8,2.3,2.3,2.3,2.1,2.1,2.2,3.2,3.3,3.1
Madhya Pradesh,Panna,31.3,32.9,23,20,21.2,13.6,4.1,NA,NA,53.9,54.6,47.7,47.4,48.1,42.3,57.5,57,59.7,35.3,37,23.8,21.3,21,22.5,20.5,20.3,21.6,39.4,38.5,45.3,3.2,3.3,2.9,2.7,2.7,2.7,4.6,4.8,3.8
Madhya Pradesh,Raisen,26.9,28.8,20.7,19,20.3,15,3.4,NA,NA,43.4,45,35.1,32.6,33.6,28.6,58.4,55.2,70.1,48,45.2,71.4,21.8,21.4,22.7,20.9,20.6,21.7,29.1,26,43.4,2.8,2.9,2.6,2.7,2.8,2.5,3.6,3.7,3.4
Madhya Pradesh,Rajgarh,25.4,26.3,20.7,17.9,18.4,14.9,3.1,NA,NA,51,51.9,42.6,39.6,39.4,41.2,69.7,67.3,78.1,29.1,27.6,50,22.5,22.4,22.8,22,21.9,22.2,44.2,44.3,42.9,2.5,2.5,2.5,2.3,2.3,2.4,3.9,4,3.5
Madhya Pradesh,Ratlam,26.4,31.5,20.7,18.9,22.1,15.2,3.1,NA,NA,43.8,49.3,34.2,36.2,40.2,29.9,69,45,84.3,43.5,44.4,38.8,22.6,21.6,23.6,22.2,21.3,23.2,43,42.5,43.9,2.5,2.6,2.4,2.3,2.4,2.3,3.4,3.7,3.1
Madhya Pradesh,Rewa,26.1,27.2,21,18.1,18.9,14.5,3.4,NA,NA,50.2,50.2,50.5,38,39.5,27.8,50.6,50.4,51.4,44.5,42.5,57.1,21.8,21.6,22.9,21.3,21.1,22.2,39.2,39,40.7,2.9,2.9,2.7,2.7,2.7,2.6,3.8,3.9,3.3
Madhya Pradesh,Sagar,27.7,30.6,22.2,18.8,20.8,14.9,3.3,NA,NA,49.6,51.5,43.5,35.4,37,30.7,54.9,53.5,58.7,45.8,46.9,40,21.5,21.1,22.2,20.8,20.6,21.2,36.8,34.3,44.6,3,3.1,2.7,2.6,2.7,2.5,4.5,4.8,3.9
Madhya Pradesh,Satna,28.2,30.2,23,18,18.5,16.7,3.6,NA,NA,53.5,54.9,48.9,40.3,42.1,34.8,47.7,43.7,60.9,40.4,41.5,35.7,21.7,21.5,22.3,20.9,20.9,21.1,38.2,38.4,37.8,2.8,2.9,2.7,2.5,2.5,2.4,4,4.1,3.8
Madhya Pradesh,Sehore,26.4,26.3,26.9,19.2,18.9,20.9,3.5,NA,NA,46.5,47.4,41.2,38.7,40.3,32.5,68.7,65.5,75.8,38,36.2,66.7,21.8,21.6,22.8,21.1,20.8,22.3,40.7,38.5,49.1,3,3.1,2.7,2.8,2.8,2.5,4.5,4.7,3.9
Madhya Pradesh,Seoni,25.8,26.3,20.6,16.8,17.1,13.7,3,NA,NA,46,46.9,28.3,24.9,25.4,19.8,50.3,49.3,56.7,48.2,47.3,100,21.6,21.4,23.7,21,20.9,22.9,30,29.2,40.9,2.4,2.4,2.3,2.4,2.4,2.2,2.5,2.5,2.7
Madhya Pradesh,Shahdol,23.8,26,18.2,14.2,15.2,11.5,2.7,NA,NA,46.2,46.4,45.5,31.2,33.6,22.8,35.1,31.9,45.2,36.7,33.5,60,21.6,20.7,23.2,20.7,20.2,22.1,43.5,44.3,40.4,2.5,2.5,2.5,2.3,2.3,2.4,3,3.1,3
Madhya Pradesh,Shajapur,24.6,24.3,25.5,16.5,16.2,17.6,3.2,NA,NA,43.1,41.1,48.4,39.3,37.2,45.2,63.1,58.7,70.1,29.8,27.7,44.2,21.9,21.9,21.9,21.5,21.5,21.5,41,41.3,40.5,2.5,2.5,2.8,2.4,2.3,2.6,3.8,3.8,3.9
Madhya Pradesh,Sheopur,22.2,23.2,17.3,15.1,15.6,12.6,2.7,NA,NA,48.7,49.5,42.9,37.1,38.3,29.3,56.3,53.6,65.2,34.8,33.8,45.7,21.8,21.6,22.6,21,20.8,21.8,41.1,41.1,41,2.9,2.9,2.8,2.6,2.6,2.6,4.6,4.7,4.1
Madhya Pradesh,Shivpuri,30.7,31.3,27.3,21.2,21.9,17.5,4,NA,NA,52.7,54.3,38.4,39.7,40.3,36.1,47.6,42.6,65.1,46.1,45.9,50,21.2,21,22.6,20.8,20.6,22,43.2,42.5,48.1,3.1,3.1,2.9,2.8,2.8,2.7,4.6,4.8,4
Madhya Pradesh,Sidhi,25.8,26.7,20.5,18.4,18.7,16.4,3.4,NA,NA,48.6,50.3,32.9,40.5,41.4,32.2,38.7,35.6,61.1,37.5,37.6,33.3,21.1,21,21.7,20.7,20.6,20.9,45,45.1,44.6,2.9,2.9,2.9,2.7,2.7,2.7,3.9,4,2.9
Madhya Pradesh,Tikamgarh,25.9,27.3,20.4,18.8,19.9,14.4,3.2,NA,NA,58.7,59.2,55.4,31.6,32.7,26,52.4,48.8,63.2,44.3,43.5,51.3,21.1,20.8,22.4,20.6,20.3,21.5,32.3,30.9,39.8,2.8,2.9,2.6,2.5,2.5,2.4,4.2,4.4,3.7
Madhya Pradesh,Ujjain,23.6,26.7,19.5,17.5,19.6,14.6,2.8,NA,NA,46.5,50.4,37.1,38.9,43.1,31.3,75.1,64.2,82.2,31.5,31.3,33.3,21.9,21,23.3,21.5,20.6,22.7,42.3,41.4,44.1,2.5,2.6,2.4,2.3,2.4,2.2,3.5,3.9,3.1
Madhya Pradesh,Umaria,29.3,31,22.4,19.2,20.8,13.1,3.4,NA,NA,46.8,48.1,35.9,35.3,37.2,23,42.8,38.3,62.4,36,34.1,57.1,21.2,21,22.2,20.6,20.4,21,46.7,46.7,46.2,2.8,2.9,2.5,2.5,2.6,2.4,3.7,3.8,3.3
Madhya Pradesh,Vidisha,29.5,32.3,22.6,20.4,22.6,15,3.9,NA,NA,47.3,48.1,44.5,37.3,40.3,28.9,61.8,62.3,60.7,35.1,35.7,33.3,21.4,21.2,22,20.8,20.6,20.9,36.8,36.3,38.4,2.9,3,2.7,2.8,2.9,2.5,4,4.2,3.6
Madhya Pradesh,West Nimar,25.6,26.3,22.1,14.3,14.6,13,3.1,NA,NA,50.5,51.6,43.2,39.3,41.2,28.2,53,46.9,67.6,50.3,52.4,27.3,21,20.8,22.4,20.6,20.4,21.7,40.3,39.4,46.5,2.8,2.9,2.6,2.7,2.7,2.5,3.5,3.6,3.3
Odisha,Anugul,17.5,17.6,16.7,10.3,10.1,11.4,1.88,NA,NA,39.24,39.29,38.89,21.43,21.59,20.62,90.35,90.59,89.19,42.33,41.9,44.64,22.09,21.88,23.24,21.59,21.37,22.76,56.1,54.72,63.18,2.38,2.41,2.2,2.13,2.15,2.05,3.54,3.61,3.22
Odisha,Balangir,20.7,21,17.5,10.7,10.8,10.2,2.46,NA,NA,43.38,43.71,38.75,30.52,31.42,19.21,71.48,69.45,86.01,42.46,40.6,75,22.53,22.42,23.9,21.96,21.85,23.46,53.21,53.06,55.3,2.53,2.55,2.27,2.26,2.27,2.13,3.57,3.61,3.19
Odisha,Baleshwar,18.6,19,15.7,12,12.4,8.4,2.04,NA,NA,29.26,29.07,31.25,20.49,21.07,15.34,86.27,86.17,86.96,41.54,40.86,50,22.37,22.25,23.22,21.92,21.79,22.89,62.02,62.23,60.12,2.38,2.42,2.08,2.17,2.2,1.95,3.74,3.85,2.92
Odisha,Bargarh,17.4,17.4,17.2,7.6,7.3,11.4,1.88,NA,NA,41.87,41.8,42.75,22.6,22.62,22.3,69.95,69.29,75.93,41.52,40.72,52.94,22.24,22.16,23.16,21.58,21.48,22.81,58.22,58.57,54.34,2.3,2.31,2.21,2.11,2.11,2.06,3.24,3.25,3.12
Odisha,Baudh,29.1,29.7,17.3,18.8,19.2,11.7,3.53,NA,NA,39.14,39.51,NA,33.78,34.49,NA,56.97,56.02,NA,39.36,38.2,NA,22.58,22.5,NA,21.9,21.84,NA,56.51,56.31,NA,2.55,2.56,NA,2.4,2.41,NA,3.34,3.36,NA
Odisha,Bhadrak,20.2,20.1,21.2,12.3,12,14.6,2.27,NA,NA,41.89,40.37,50.21,26.19,26.39,24.8,78.09,79.37,69.94,57.03,52.18,80.95,23.34,23.34,23.35,22.82,22.83,22.76,49.29,49.81,45.82,2.68,2.67,2.69,2.41,2.4,2.53,4.02,4.04,3.87
Odisha,Cuttack,19.4,19.3,19.5,12.6,12,14.3,2.11,NA,NA,21.46,21.83,20.19,14.22,15.49,10.25,92.6,91.56,95.38,39.41,37.78,45.45,24.48,24.07,25.58,24.01,23.61,25.13,54,54.01,53.97,2.15,2.2,2,2.03,2.06,1.94,3.11,3.22,2.77
Odisha,Debagarh,18.4,18.8,15.4,9.6,10,6.6,2.03,NA,NA,40.6,40.58,40.85,27.98,28.04,27.27,74.1,73.38,81.33,49.3,49.26,50,22.07,21.97,23.31,21.63,21.54,22.75,57.02,56.71,60.78,2.52,2.53,2.35,2.22,2.22,2.17,3.68,3.71,3.36
Odisha,Dhenkanal,20.6,21,16.5,10.1,10.2,8.7,2.3,NA,NA,38.24,38.95,26.23,24.75,25.38,16.9,84.18,83.73,87.98,48.35,47.98,60,22.98,22.85,24.5,22.57,22.44,24.11,49.29,49.18,50.91,2.42,2.45,2.15,2.15,2.17,1.95,3.54,3.57,3.25
Odisha,Gajapati,19.9,20.5,15.1,12.4,12.9,7.9,2.31,NA,NA,41.84,43.16,27.27,27.98,30.01,9.68,46.69,41.55,87.69,48.51,46.39,70,23,22.87,24.24,22.52,22.38,23.69,52.99,52.8,55.38,2.7,2.78,2.05,2.39,2.45,1.92,3.57,3.7,2.91
Odisha,Ganjam,18.9,19,18.1,10.6,10.5,10.7,2.14,NA,NA,36.57,38.32,22.62,25.58,27.32,14.73,66.09,61.38,88.44,47.55,47.98,43.75,22.5,22.15,24.29,21.67,21.35,23.36,61.56,60.27,71.67,2.63,2.68,2.35,2.33,2.36,2.16,3.7,3.79,3.32
Odisha,Jagatsinghapur,17.6,17.8,16.2,10.7,10.4,12.7,1.99,NA,NA,13.93,13.37,19.44,9.43,9.28,11.04,90.25,90.17,91.1,32.72,31.25,36.36,25.08,25.07,25.15,24.65,24.67,24.52,60.41,58.32,78.57,2.08,2.07,2.16,1.99,1.98,2.1,2.99,2.97,3.15
Odisha,Jajapur,17.8,18,14.6,10.2,10.3,8,1.96,NA,NA,33.72,33.91,NA,23.48,23.91,NA,89.46,88.93,NA,44.73,45.54,NA,23.86,23.83,NA,23.3,23.26,NA,54.23,53.92,NA,2.48,2.49,NA,2.24,2.25,NA,3.84,3.85,NA
Odisha,Jharsuguda,16.9,16.6,17.4,8.9,7.6,11.1,1.81,NA,NA,39.8,38.66,41.85,24.2,24.57,23.61,75.63,71.35,81.27,39.72,29.41,50,22.93,22.88,23,22.27,22.16,22.44,46.2,45.9,46.69,2.37,2.41,2.3,2.18,2.19,2.16,3.46,3.5,3.37
Odisha,Kalahandi,19.9,20.4,16,13.2,13.4,11.6,2.32,NA,NA,38.3,38.27,38.64,28.69,29.75,17.86,65.78,62.72,86.33,28.14,26.71,50,24.46,24.34,25.28,23.91,23.84,24.48,65.63,65.05,71.26,2.3,2.31,2.17,2.12,2.12,2.08,2.95,2.99,2.69
Odisha,Kandhamal,21.1,21.6,15.8,12.1,12.4,9.8,2.47,NA,NA,35.6,36,30.77,35.6,36.73,20.33,50.55,45.88,85.19,32.08,32.55,25,24.32,24.34,24.19,23.79,23.8,23.69,57.35,56.27,73.53,2.51,2.54,2.19,2.21,2.22,2.05,3.74,3.82,3.11
Odisha,Kendrapara,18.3,18.6,14.9,9.5,9.6,7.8,2.07,NA,NA,26.8,27.03,20.59,22.61,23.13,12.87,87.33,87.56,84.65,34.97,32.3,66.67,24.28,24.21,25.2,23.79,23.72,24.83,52.94,52.8,56.16,2.47,2.48,2.27,2.21,2.22,2.09,3.84,3.88,3.32
Odisha,Kendujhar,20.4,20.8,18.3,11.1,11.2,10.8,2.23,NA,NA,46.36,47.32,41.36,31.02,31.83,26.72,73.51,69.67,88.07,51.86,53.49,40,22.41,22.31,22.95,21.99,21.91,22.43,55.55,54.46,61.87,2.55,2.58,2.39,2.3,2.32,2.19,3.53,3.56,3.42
Odisha,Khordha,18.7,19.7,17.5,10.5,10.4,10.6,2.03,NA,NA,23.59,24.14,22.54,14.77,17.55,10.1,93.49,90.6,96.11,38.74,40.37,35.87,24.35,23.4,25.46,23.84,22.8,25.09,58.56,55.74,64.44,2.1,2.31,1.86,1.99,2.15,1.8,3,3.4,2.57
Odisha,Koraput,24.8,25.5,21.9,17.1,17.2,16.3,2.87,NA,NA,42.35,44.03,34.13,35.34,38,22.12,30.59,15.33,72.73,50.67,51.3,45.83,24.24,24.08,24.61,24.17,24.05,24.6,57.81,57.8,57.86,2.54,2.61,2.25,2.33,2.36,2.18,3.29,3.5,2.64
Odisha,Malkangiri,24.3,24.8,19.1,17.2,17.4,15.1,2.64,NA,NA,49.78,49.81,49.21,40.88,41.48,30.82,18.54,15.7,41.7,45.78,46.05,36.36,21.82,21.67,22.61,21.02,20.96,22.1,52.83,52.54,58.33,2.54,2.56,2.31,2.38,2.39,2.23,3.25,3.3,2.85
Odisha,Mayurbhanj,19.7,20.1,14.1,11.2,11.6,5.8,2.24,NA,NA,48.16,48.43,43.06,31.85,32.46,20.59,79.13,77.74,93.29,41.61,41.97,28.57,22.09,21.98,23.65,21.55,21.43,23.21,55.58,55.11,65.26,2.57,2.6,2.1,2.37,2.4,1.97,3.53,3.58,2.94
Odisha,Nabarangapur,24.3,24.7,15.5,16.6,16.9,10.5,2.8,NA,NA,46.05,46.46,NA,37.55,38.07,NA,41.56,40.23,NA,41.07,41.7,NA,22.6,22.52,NA,22.25,22.18,NA,63.66,63.66,NA,2.56,2.57,NA,2.33,2.33,NA,3.5,3.52,NA
Odisha,Nayagarh,20.3,20.6,11.7,11.4,11.6,5,2.39,NA,NA,31.33,31.89,NA,19.19,19.34,NA,89.97,89.78,NA,43.73,43.71,NA,22.24,22.19,NA,21.92,21.88,NA,68.15,68.19,NA,2.3,2.31,NA,2.09,2.09,NA,3.36,3.37,NA
Odisha,Nuapada,22.2,22.6,13.5,14.9,15.1,8.4,2.75,NA,NA,37.41,37.37,NA,29.1,29.47,NA,47.77,46.21,NA,25.19,25.2,NA,24.02,23.98,NA,23.71,23.69,NA,61.96,61.64,NA,2.34,2.35,NA,2.22,2.22,NA,3.19,3.23,NA
Odisha,Puri,17.3,17.3,17.5,8.6,8.2,10.3,1.86,NA,NA,23.02,22.21,27.27,13.74,14.08,11.64,93.04,92.08,97.19,40.5,30.27,59.09,24.94,24.79,25.89,24.42,24.2,25.7,55.24,54.3,61.7,2.22,2.27,1.98,2.07,2.11,1.89,3.11,3.16,2.8
Odisha,Rayagada,22.5,23.6,17,14.1,15.1,9.4,2.53,NA,NA,39.45,39.55,38.89,34.83,37.64,16.58,47.1,42.01,72.15,34.86,31.44,55.56,23.2,23.24,23.07,22.72,22.75,22.6,60.73,61.98,49.45,2.5,2.56,2.22,2.19,2.22,2.09,3.4,3.53,2.99
Odisha,Sambalpur,18.6,19.1,17.8,9.5,9.1,10.2,2.04,NA,NA,41.9,40.43,44.57,27.4,29.36,23.99,73.69,71.82,76.43,45.9,39,55.36,23.16,22.94,23.48,22.56,22.31,22.96,47.03,47.39,46.34,2.44,2.55,2.27,2.22,2.29,2.12,3.45,3.7,3.09
Odisha,Sonapur,20.6,20.8,18.8,13.1,13.2,12.6,2.48,NA,NA,31.25,31.74,22.73,26.77,26.99,23.23,64.75,63.42,82.79,38.73,38.01,66.67,24.83,24.77,25.46,24,23.92,25.12,59.92,59.81,61.63,2.46,2.48,2.24,2.31,2.32,2.12,3.7,3.72,3.38
Odisha,Sundargarh,17.8,18.8,15.5,10.5,10.4,10.9,1.97,NA,NA,45.16,45.52,44.18,29.31,32.47,21.25,85.28,80.84,91.36,51.43,58.65,35.9,23.66,23.48,23.97,23.13,22.87,23.58,50.93,49.17,55.89,2.46,2.58,2.21,2.25,2.33,2.08,3.42,3.63,3.01
Rajasthan,Ajmer,23.3,25.4,20.2,17,18.9,14.3,2.8,NA,NA,51.5,53.4,46.6,33.3,36.5,26.7,75.7,66.8,83.7,38.4,43.1,25.6,22.6,21.9,24,22,21.4,23.4,42.2,37.9,51.7,2.7,2.9,2.4,2.5,2.7,2.3,3.9,4.4,3.3
Rajasthan,Alwar,22.3,22.7,18.5,16.5,16.9,13.1,2.6,NA,NA,47,47.5,42.3,26.8,27.6,20.1,68.8,66,81.9,45.2,46.2,29.6,21.7,21.5,23.4,21.1,20.9,22.9,29.7,27.8,46.2,2.8,2.8,2.5,2.6,2.6,2.3,4,4.1,3.4
Rajasthan,Banswara,30,30.7,17.6,22.8,23.4,12.4,3.9,NA,NA,53,53.5,NA,44.9,45.9,NA,59.3,55.1,NA,27.9,28.4,NA,21.6,21.5,NA,20.9,20.8,NA,40.3,40.1,NA,3.4,3.4,NA,2.7,2.8,NA,5.1,5.3,NA
Rajasthan,Baran,24.9,26,18.7,18.5,19.2,14.5,3,NA,NA,41,41.5,36.9,33.3,34,29,68.5,64,83.9,33.8,35.1,11.1,21.7,21.5,22.8,20.9,20.7,22,45.6,45.1,48.9,3.1,3.2,2.7,2.6,2.6,2.4,5.2,5.2,4.7
Rajasthan,Barmer,31.8,32.3,25.9,25.5,26,20.1,4.4,NA,NA,52.2,52.9,43.8,50.6,51.4,38.8,49.1,48.5,54,30.2,30.5,25,21.6,21.5,22.4,21.3,21.2,21.8,33.4,33,39.3,3.7,3.8,3,3.2,3.2,2.6,6,6.1,4.4
Rajasthan,Bharatpur,23,23.7,20.5,17.4,17.9,15.1,3,NA,NA,46.4,47.7,38.9,37,38.1,31.7,62.4,57.7,75.3,41.2,40.3,48.4,22.1,21.9,23.1,21.5,21.2,22.6,40.5,37.9,53.7,3.1,3.1,2.9,2.8,2.9,2.7,4.7,4.9,4.3
Rajasthan,Bhilwara,22,22.7,19,14.8,15.1,13.4,2.7,NA,NA,52.2,53.4,46.1,35.2,36.9,26.5,55.6,48.4,74.3,25.2,25.4,24,21.5,21.4,22,21,21,21.2,47.6,46.9,51.1,3,3.1,2.8,2.5,2.5,2.4,4.5,4.6,4.1
Rajasthan,Bikaner,24.1,25.9,21.5,18,19.2,16.3,2.8,NA,NA,43.4,47.4,34.3,32.1,37.5,22,70.2,49,85.6,34,36.8,25.8,22,21.2,23.1,21.3,20.6,22.4,41.7,38.4,49.3,3,3.3,2.6,2.9,3.2,2.5,4.2,5,3.5
Rajasthan,Bundi,22.9,24,19.1,15.3,16.1,12.5,2.7,NA,NA,47.4,48.2,44.3,32.3,34.7,22.5,66.4,62.9,74.7,27.9,29.5,11.8,21.9,21.5,23.4,21.2,20.8,22.7,46.1,44.9,52.2,2.9,3.1,2.5,2.5,2.6,2.2,4.6,5,3.7
Rajasthan,Chittaurgarh,20.8,21.7,17.1,15.2,15.6,13.2,2.5,NA,NA,43.7,45.2,34.8,29.9,31.1,23.3,61.3,54.2,78.8,24,24.4,11.1,22.1,22,22.6,21.4,21.2,22.1,54.1,54.1,54.2,2.7,2.8,2.5,2.2,2.2,2.2,4.3,4.4,3.9
Rajasthan,Churu,23,23.8,20.7,17,17.8,14.9,2.7,NA,NA,46.7,46.9,45.9,32.6,32.5,32.9,65.8,61.1,76.8,36.6,33.1,51.7,21.3,21,21.9,20.7,20.5,21,47.6,44,58.2,2.8,2.8,2.8,2.7,2.7,2.7,4.2,4.2,4.2
Rajasthan,Dausa,21.8,21.9,20.6,15.1,15.1,14.4,2.7,NA,NA,53.3,53.8,47.7,33.9,34.4,28.6,59.9,56.7,78.1,39.2,38.9,43.8,21.1,20.9,22.4,20.6,20.5,21.8,37,36.1,49,2.9,2.9,2.8,2.7,2.7,2.6,4.6,4.6,4.5
Rajasthan,Dhaulpur,28.6,30.1,24.3,22.7,23.6,20,4,NA,NA,54.8,55,53.6,44.4,45.4,40.2,61.1,55.9,72.5,41.4,38.9,52.4,20.8,20.5,21.8,20.2,19.9,21,39.3,36.6,51,3.8,4,3.5,3.1,3.1,3,5.8,6.2,4.9
Rajasthan,Dungarpur,27.4,28.1,18.4,20.8,21.5,13,3.5,NA,NA,46.4,47.4,35.1,43.3,44.4,23,43.3,38.4,76.6,27.7,29.5,6.2,22.2,22.2,22.6,21.5,21.5,21.6,43.3,43.4,42.4,3.2,3.3,2.6,2.7,2.7,2.3,4.6,4.6,4
Rajasthan,Ganganagar,22.1,23.2,19.2,15.9,17,13.2,2.5,NA,NA,35.7,36.8,32.1,22.2,25.1,14.9,79.2,72.9,86.3,41.3,44.2,33.3,22.7,22.2,23.8,22.1,21.6,23.3,43.9,37.9,60.7,2.4,2.5,2.2,2.4,2.4,2.2,3,3.1,2.8
Rajasthan,Hanumangarh,22.9,23.3,21.3,16.8,17.2,15.6,2.7,NA,NA,37.7,38.8,33,18.8,18.9,18.5,68.6,60.5,87.6,45,42.8,52.2,22.1,21.8,23.1,21.5,21.2,22.4,38.2,36.6,43.3,2.5,2.5,2.4,2.4,2.5,2.4,3.3,3.2,3.4
Rajasthan,Jaipur,22.5,22.9,22.2,16.9,17,16.7,2.6,NA,NA,45.1,50.8,37.5,25.6,28.4,22.8,81,67.2,86.7,50.8,53.9,44.4,22.8,21.2,24.3,22,20.5,23.6,39,34,44.3,2.8,3,2.5,2.6,2.7,2.4,3.9,4.5,3.5
Rajasthan,Jaisalmer,23.9,24.5,20.8,17.3,17.7,15.3,3.2,NA,NA,48.4,49.1,43.9,40.1,42.9,22.5,40.2,29.1,64.7,41.6,39.9,57.1,21.7,21.7,22.1,21,20.9,21.3,43.7,43.7,43.6,3.2,3.4,2.6,3,3.1,2.4,4.8,5.3,3.7
Rajasthan,Jalor,27.1,27.8,19,19.8,20.4,13.2,3.6,NA,NA,52.2,52.6,46.3,48.6,48.9,45,52.7,50.6,74.1,24.2,23.3,36.4,22,22,22.3,21.2,21.2,21.8,36.2,35.9,40.9,3.6,3.6,3.3,3,3,2.9,5.6,5.6,4.9
Rajasthan,Jhalawar,24.6,25.4,19.9,17,17.5,14.3,2.9,NA,NA,48.6,48.7,47.8,31.7,33.1,22.2,75.2,70.7,88.5,29.8,28.9,50,21.7,21.4,23.2,20.9,20.7,22.4,45.3,44.9,47,2.9,2.9,2.6,2.4,2.4,2.3,4.5,4.7,3.9
Rajasthan,Jhunjhunun,22.8,23.7,20.1,17.1,17.8,15,2.5,NA,NA,37.9,40.4,28.6,24.3,23.3,27.7,76.2,74.8,79.2,33.9,32.7,38.3,22,21.9,22.3,21.1,21.1,21.3,44.7,42.7,52,2.6,2.6,2.7,2.5,2.5,2.7,3.7,3.5,3.9
Rajasthan,Jodhpur,23.5,24.1,22.4,17.5,18.1,16.3,2.7,NA,NA,43.1,44.8,39.7,32.6,37.3,23.2,64,46.2,81.4,35.3,34.9,36.6,21.7,21.2,22.4,21,20.6,21.8,48.6,48.8,48.3,2.9,3.1,2.6,2.7,2.9,2.5,4.3,4.7,3.9
Rajasthan,Karauli,26.8,28.8,19,20.5,22.1,14.2,3.7,NA,NA,51.6,52.7,43.9,42,42.9,38.1,52.1,46,70.2,36.7,37,35.3,21.2,20.8,22.6,20.6,20.3,21.9,37.2,37.7,35,3.5,3.6,3.2,2.9,2.9,2.8,5.6,5.9,4.9
Rajasthan,Kota,21.6,23.9,19.7,16,16.8,15.3,2.4,NA,NA,40,40.3,39.7,27.6,31.5,24.1,80.7,65.4,87.6,29.5,26.2,35.1,22.4,21.5,23.1,21.6,20.7,22.4,46.6,45.5,47.8,2.7,3,2.4,2.3,2.5,2.2,4.1,4.9,3.6
Rajasthan,Nagaur,23,23.2,22.1,16.8,16.8,16.6,2.7,NA,NA,44.5,44.8,42.5,30,29.9,30,48.2,48.8,45.6,26.5,26.2,28.6,22.5,22.5,22.7,21.6,21.6,21.7,57.9,58.8,53.9,2.7,2.6,2.8,2.6,2.6,2.8,3.8,3.7,4.3
Rajasthan,Pali,22.7,23.9,18.5,15.9,16.6,13.7,3.1,NA,NA,44.6,44.7,44.1,41.4,44.2,30.5,54.7,47.3,72.1,31.4,32.1,28,22.1,22,22.3,21.4,21.3,21.7,42.2,41.6,44.6,3.5,3.6,2.9,2.8,2.9,2.5,5,5.2,4.3
Rajasthan,Rajsamand,27.1,28.5,19.2,18.9,19.7,14.6,3.4,NA,NA,43.2,43.4,40,37.9,39.5,24,64.2,61.8,76,26.1,26,27.8,21.6,21.6,21.9,20.8,20.8,21,40.9,39.7,54.3,3,3.1,2.8,2.5,2.5,2.4,4.5,4.6,3.9
Rajasthan,Sawai Madhopur,26.8,28.7,21.1,19.6,20.7,16.4,3.6,NA,NA,47,47.5,44.7,36,36.8,33,60,51.1,76.7,38.1,35.1,50,21.6,21.3,22.4,20.8,20.6,21.5,38.6,38.8,38.6,3.4,3.5,3,2.7,2.8,2.6,5.2,5.5,4.5
Rajasthan,Sikar,23.1,23.6,21.8,17.4,17.6,16.6,2.6,NA,NA,40.4,42.6,32.4,26.1,25.7,27.4,52.9,52.1,54.7,36.9,36.3,39.3,22.1,21.9,22.8,21.1,20.9,21.8,50.3,47.4,59.4,2.7,2.7,2.7,2.6,2.6,2.7,4,4.1,3.8
Rajasthan,Sirohi,23.8,25.1,16.6,16.7,17.8,11.1,3.1,NA,NA,44.7,46,34.6,44.9,46.2,33.8,53.5,50.3,68.1,28,29.5,14.3,22.4,22.2,23,21.4,21.4,21.9,48.8,48.6,51.9,3.3,3.4,2.9,2.8,2.8,2.5,5.2,5.3,4.4
Rajasthan,Tonk,22.7,23,21.8,15.2,14.5,17.3,2.7,NA,NA,50.3,52.1,43.6,32.9,33.7,30.7,71.6,69.5,75.8,29.9,27.1,45,21.3,21,22.2,20.5,20.3,21.4,40.4,38.6,47.3,3.1,3.1,3,2.5,2.5,2.6,4.8,4.9,4.8
Rajasthan,Udaipur,28.8,31.3,21.2,20.6,22.2,15.5,3.6,NA,NA,48,51.8,33.3,45,50.3,19.5,67.6,54.8,86.6,32,30.3,41.7,21.8,21.5,22.5,21.1,20.8,22.1,34.7,32.2,50.4,3.1,3.3,2.4,2.5,2.7,2.2,4.5,5.1,3.4
Uttar Pradesh,Agra,23.39,25.33,21.55,16.75,18.12,15.45,3.02,NA,NA,60.86,62.08,59.25,49.12,50.04,48.12,73.81,70.52,76.29,55.1,55.44,54.17,22.15,21.18,23.11,21.42,20.63,22.27,37.85,39.59,35.96,3.43,3.66,3.21,3.01,3.17,2.85,5.22,5.86,4.79
Uttar Pradesh,Aligarh,25.99,27.77,22.3,18.48,19.29,16.79,3.53,NA,NA,52.14,54.41,45.2,46.43,47.02,44.83,77.05,77.64,75.82,60.25,57.3,73.08,22.48,22.03,23.61,21.73,21.37,22.58,34.94,34.3,36.79,3.58,3.62,3.5,3.11,3.11,3.13,5.58,5.83,5.09
Uttar Pradesh,Allahabad,25.14,27.98,15.7,16.24,18.62,8.32,3.16,NA,NA,32.83,32.8,33.09,40.67,42.88,26.67,66.84,59.81,81.67,40.8,40.52,50,22.1,21.4,24.6,21.4,20.8,23.8,38.85,38.04,44.71,3.23,3.39,2.61,2.85,2.96,2.44,5,5.51,3.7
Uttar Pradesh,Ambedkar Nagar,23.96,24.23,20.9,15.04,15.21,13,3.03,NA,NA,30.68,30.81,NA,41.07,40.79,NA,62.06,61.67,NA,19.55,20.12,NA,22.8,22.8,NA,22,22,NA,47.61,47.54,NA,3.18,3.19,NA,2.91,2.91,NA,4.99,4.98,NA
Uttar Pradesh,Auraiya,23.92,24.77,19.98,15.29,15.75,13.15,3.47,NA,NA,45.68,46.14,42.62,37.06,38.5,29.03,78.41,77.82,80.28,47.01,45.32,60,22.2,22,23.3,21.7,21.5,22.56,42.86,43.17,41,3.12,3.21,2.68,2.75,2.82,2.46,4.5,4.74,3.64
Uttar Pradesh,Azamgarh,24,24.46,19.05,14.82,14.97,13.26,3.15,NA,NA,32.53,32.51,32.93,41.83,41.97,39.94,60.8,60.9,59.9,34.31,34.35,33.33,22.2,22.1,23.4,21.4,21.3,22.6,48.14,48.27,46.52,3.19,3.19,3.2,2.91,2.91,2.95,4.76,4.74,5.01
Uttar Pradesh,Baghpat,22.11,22.47,20.81,12.58,13.44,9.47,3.03,NA,NA,55.36,54.99,56.86,44.95,44.88,45.2,78.97,78.55,80.2,49.78,49.74,50,22.27,22.16,22.7,21.63,21.49,22.17,33.03,30.34,43.05,3.3,3.33,3.15,2.95,2.98,2.85,4.91,4.99,4.61
Uttar Pradesh,Bahraich,31.98,32.76,20.68,24.06,24.72,14.4,4.87,NA,NA,40.89,40.94,39.74,51.4,52.01,36.18,49.4,48.17,66.25,36.79,36.68,41.67,23.1,23,25,22.7,22.6,24,51.03,50.89,55.11,3.44,3.46,3.13,2.92,2.92,2.84,6.17,6.24,5.3
Uttar Pradesh,Ballia,24.27,25.2,16.87,16.14,16.81,10.79,2.97,NA,NA,36.18,36.79,28.24,41.88,42.68,32.89,59.55,56.2,79.91,54.02,54.22,50,22.8,22.8,23,22.3,22.2,22.3,40.54,40.29,43.68,3.17,3.17,3.07,2.87,2.87,2.8,4.71,4.76,4.36
Uttar Pradesh,Balrampur,35.37,35.87,25,24.94,25.4,15.5,4.94,NA,NA,28.81,29.16,NA,55.56,55.65,NA,41.8,40.34,NA,26.36,25.64,NA,22.3,22.2,NA,21.5,21.4,NA,45.29,45.5,NA,3.48,3.49,NA,3.02,3.03,NA,5.91,5.94,NA
Uttar Pradesh,Banda,27.42,28.39,22.82,18.24,19.22,13.63,4.13,NA,NA,48.43,50.48,37.21,39.97,42.14,27.37,61.49,58.41,70.68,48.76,46.34,57.14,21.66,21.5,22.54,21.15,20.99,21.71,40.18,40.71,36.99,3.43,3.64,2.48,2.91,3.07,2.23,5.04,5.41,3.68
Uttar Pradesh,Barabanki,25.46,25.85,20.72,17.79,17.96,15.79,3.85,NA,NA,46.91,46.47,55.56,40.97,41.52,33.01,69.61,68.51,78.81,38.79,38.88,33.33,22.8,22.7,24.5,22,21.9,23.7,50.13,50.87,40.13,3.22,3.23,3.1,2.82,2.82,2.84,5.01,5.1,4.09
Uttar Pradesh,Bareilly,25.86,28.7,20.86,17.2,19.31,13.49,3.64,NA,NA,60.02,61.83,54.69,56.2,58.5,50.53,66.02,58.95,76.58,49.89,50.46,46.43,22.41,21.7,23.81,21.57,20.97,22.79,42.61,41.43,45.72,3.72,3.91,3.37,3.24,3.36,3.02,5.67,6.31,4.88
Uttar Pradesh,Basti,26.97,27.8,15.8,15.89,16.34,9.8,3.47,NA,NA,30.54,30.35,NA,42.45,43.15,NA,63.12,62.34,NA,30.13,30.3,NA,21.9,21.7,NA,20.9,20.8,NA,45.29,45.43,NA,3.33,3.36,NA,2.98,3.01,NA,5.17,5.24,NA
Uttar Pradesh,Bijnor,23.79,24.25,22.2,16.09,15.99,16.43,3.23,NA,NA,51.04,50.85,51.98,50.55,51.12,48.45,65.14,67.15,58.41,26.71,32.61,0,22.61,22.38,23.56,21.8,21.63,22.47,39.32,39.02,40.45,3.69,3.7,3.66,3.29,3.3,3.26,5.43,5.47,5.31
Uttar Pradesh,Budaun,30.51,30.96,28.47,21.2,21.29,20.82,4.48,NA,NA,59.73,59.82,59.3,56.99,58.32,50.46,48.96,45.42,61.41,53.16,53.74,50,21.56,21.35,22.73,20.98,20.84,22.06,43.14,43.91,39.1,3.94,4.04,3.49,3.37,3.44,3.06,6.19,6.34,5.53
Uttar Pradesh,Bulandshahar,26.05,26.98,24.2,17.14,16.94,17.52,3.44,NA,NA,53.43,55.29,49.21,45.77,48.19,40.43,78.46,78.19,78.86,52.77,53.06,51.85,22.52,22.22,23.08,21.84,21.51,22.39,35.14,33.92,38.01,3.45,3.58,3.21,3.05,3.12,2.91,5.16,5.43,4.62
Uttar Pradesh,Chandauli,26.11,26.71,20.87,16.7,17.24,11.99,3.29,NA,NA,37.62,37.66,37.12,41.5,41.54,41.06,62.82,61.26,76,25.32,24.96,31.25,22,21.9,22.7,21.3,21.2,22,44.41,44.8,40,3.16,3.15,3.17,2.82,2.8,2.89,4.76,4.78,4.64
Uttar Pradesh,Chitrakoot,24.59,25.56,15.96,15.96,16.69,9.42,3.6,NA,NA,46.58,48,29.2,45.53,46.31,34.39,58.16,55.89,72.51,42.88,43.11,37.5,21.9,21.8,23.7,21.4,21.2,23,53.33,52.96,59.63,3.59,3.67,2.86,3.07,3.12,2.59,5.67,5.86,4.34
Uttar Pradesh,Deoria,25.73,26.45,20.67,15.54,16.14,11.29,3.12,NA,NA,23.38,22.64,31.58,37.29,37.23,37.96,70.51,69.12,81.25,24.37,21.94,66.67,22.1,22.1,22.7,21.6,21.5,22.2,42.19,42.27,41.4,3.14,3.14,3.12,2.87,2.88,2.84,4.76,4.78,4.63
Uttar Pradesh,Etah,27.61,28.53,22.22,19.68,20.51,14.83,4.16,NA,NA,59.62,60.28,53.33,56.88,57.54,51.92,57.69,54.74,67.8,47.74,45.66,72.73,21.85,21.66,22.93,21.11,20.93,22.17,34.21,34.23,34.03,3.88,3.97,3.4,3.32,3.37,3.04,5.88,6.13,4.78
Uttar Pradesh,Etawah,22.64,23.87,18.44,14.38,15.26,11.4,3.06,NA,NA,43.57,44.87,34.32,30.87,33.13,20.8,77.27,77.81,75.85,52.83,53.23,50,22.1,21.7,24.3,21.7,21.4,23.2,47.09,46.87,48.25,2.92,3.05,2.48,2.63,2.72,2.32,4.31,4.5,3.69
Uttar Pradesh,Faizabad,24.28,25.21,18.05,13.75,14.36,9.57,3.02,NA,NA,26.5,25.61,37.93,41.89,42.81,32.68,67.05,65.17,78.98,21.95,20.34,42.86,22.7,22.6,23.7,22,21.8,22.7,50.11,49.97,51.68,3.09,3.13,2.76,2.75,2.78,2.54,4.94,5.03,4.46
Uttar Pradesh,Farrukhabad,26,28.41,19.56,18.46,20.48,13.06,3.68,NA,NA,39.88,40.52,36.73,40.29,42.59,30.91,66.03,62.63,74.87,37.48,38.32,28.57,22.3,21.8,24.3,21.7,21.3,23.1,44.38,44.18,45.37,3.29,3.44,2.87,2.85,2.95,2.6,5.06,5.39,4.36
Uttar Pradesh,Fatehpur,22.87,23.3,19.46,15.73,15.95,13.94,3.46,NA,NA,36.44,36.78,32.84,40.41,41.39,31.1,72.71,71.68,78.62,50.48,52.92,0,22.8,22.6,24.9,22,21.9,23.7,51.51,52,46.1,3.27,3.33,2.76,2.82,2.86,2.49,4.74,4.8,4.08
Uttar Pradesh,Firozabad,25.44,27.11,20.48,16.35,17.74,12.23,3.57,NA,NA,57.97,58.41,55.77,53.57,54.12,51.38,80.54,81.67,77.65,41.75,40.8,47.37,22.5,22.08,24.01,21.65,21.27,22.89,32.41,31.74,35.1,3.57,3.59,3.51,3.1,3.11,3.08,5.42,5.48,5.23
Uttar Pradesh,Gautam Buddha Nagar,23.45,24.73,20.65,17.27,17.69,16.36,2.64,NA,NA,54.58,53.66,57.44,36.19,36.25,36.03,82.88,81.48,85.14,50.89,47.7,68.89,22.31,21.81,23.63,21.83,21.26,23.3,38.14,33.92,48.9,2.99,3.14,2.66,2.71,2.81,2.47,4.59,5.04,3.57
Uttar Pradesh,Ghaziabad,20.97,21.95,20.3,14.31,15.09,13.78,2.54,NA,NA,49.02,52.24,46.21,40.85,46.55,36.54,84.69,79.89,86.87,48.25,42.76,58.06,23.12,22.39,23.65,22.42,21.54,22.99,41.69,38.87,43.99,2.97,3.36,2.72,2.68,2.96,2.5,4.25,5.08,3.75
Uttar Pradesh,Ghazipur,23.46,23.95,17.98,14.73,15.13,10.21,2.97,NA,NA,36.69,36.93,33.33,42.48,42.97,35.24,61.56,60.48,70.43,23.98,24.4,16.67,21.6,21.5,23.1,21,20.9,22.4,43.79,43.55,47.69,3.33,3.33,3.19,2.97,2.97,2.89,4.81,4.81,4.85
Uttar Pradesh,Gonda,27.37,27.66,22.25,19.17,19.39,15.29,4.01,NA,NA,40.51,40.42,42.42,45.1,45.4,37.98,60.93,60.59,65.77,29.78,29.31,50,22.7,22.6,25.1,22.1,21.9,24.2,58.26,58.58,50.77,3.22,3.24,2.86,2.8,2.81,2.57,5.24,5.32,4.29
Uttar Pradesh,Gorakhpur,24.04,27.17,17.33,16.02,18.35,11.06,2.72,NA,NA,31.82,32.25,29.97,37.14,39.09,30.86,71.59,65.84,82.06,31.21,30.85,33.33,22.5,22.2,23.8,21.9,21.6,22.9,41.38,39.74,47.1,2.99,3.09,2.75,2.76,2.84,2.59,4.65,4.86,4.28
Uttar Pradesh,Hamirpur,23.44,24.3,19.95,16.72,17.48,13.6,3.57,NA,NA,38.18,38.89,34.17,34.99,35.27,33.56,79.28,78.22,82.49,42.82,42.12,46.15,22.5,22.4,22.8,21.8,21.8,21.9,49.66,49.78,49.04,3.06,3.13,2.77,2.66,2.72,2.45,4.47,4.59,4.06
Uttar Pradesh,Hardoi,27.75,28.03,25.88,18.5,18.59,17.9,4.23,NA,NA,39.33,40.33,31.58,44.48,46.63,29.71,62.12,60.38,70.91,44.33,43.17,58.33,22.2,22,23.5,21.7,21.6,22.8,54.62,54.78,53.2,3.37,3.45,2.87,2.81,2.85,2.59,5.36,5.53,4.44
Uttar Pradesh,Hathras,23.49,24.8,19.33,14.9,16.2,10.78,3.2,NA,NA,57.89,58.78,53.76,52.64,53.74,48.08,70.11,66.54,77.74,45.65,47.02,35,21.7,21.39,22.71,20.92,20.69,21.76,37.51,36.89,40.1,3.61,3.73,3.23,3.08,3.17,2.81,5.55,5.79,4.88
Uttar Pradesh,Jalaun,22.48,23.21,20.22,14.02,14.44,12.71,3.1,NA,NA,43.62,43.71,43.22,32.5,32.03,34.2,74.76,74.21,76.35,50.61,47.01,65.38,21.7,21.47,22.36,20.96,20.88,21.53,39.1,36.31,48.74,2.94,2.9,3.06,2.6,2.57,2.7,4.23,4.1,4.57
Uttar Pradesh,Jaunpur,22.25,22.47,20,14,14.17,12.2,2.87,NA,NA,30.59,30.45,NA,39.16,39.37,NA,60.29,58.99,NA,35.32,34.54,NA,22.1,22,NA,21.1,21.1,NA,44.68,43.78,NA,3.2,3.2,NA,2.87,2.87,NA,5.04,5.03,NA
Uttar Pradesh,Jhansi,18.92,22.02,15.88,12.52,14.76,10.34,2.3,NA,NA,41,43.05,37.37,20.03,21.82,17.68,77.94,69.83,82.53,55.51,55.37,55.88,22,21.3,23.5,21.7,21.1,22.7,42.47,40.93,44.59,2.49,2.55,2.42,2.26,2.27,2.26,3.6,3.76,3.47
Uttar Pradesh,Jyotiba Phule Nagar,26.02,26.73,23.67,18.1,18.75,15.94,3.51,NA,NA,62.77,64.2,56.77,50.31,51.41,46.22,65.84,67.99,60.91,58.28,58.7,55.56,21.89,21.63,22.81,21.14,20.9,21.94,35.65,35.55,36.02,3.81,3.86,3.65,3.34,3.36,3.26,5.5,5.5,5.5
Uttar Pradesh,Kannauj,23.31,23.8,21.4,14.16,14.42,13.15,3.28,NA,NA,59.33,60.23,55.11,53.16,53.87,50.07,66.49,64.84,72.13,50.89,50.81,51.35,22.08,21.86,22.99,21.1,20.92,21.82,43.2,43.77,40.62,3.79,3.83,3.61,3.24,3.26,3.17,5.7,5.79,5.39
Uttar Pradesh,Kanpur Dehat,19.69,20.03,15.9,10.86,10.9,10.5,2.84,NA,NA,38.88,39.74,NA,32.83,33.39,NA,71.5,71.29,NA,48.26,46.67,NA,23,22.9,NA,22.3,22.2,NA,44.82,43.87,NA,3,3.02,NA,2.65,2.66,NA,4.47,4.47,NA
Uttar Pradesh,Kanpur Nagar,17.17,20.53,16.11,11.14,13.32,10.45,2.11,NA,NA,38.91,42.28,37.32,28.03,35.96,24.74,82.73,73.56,84.58,46.82,43.4,48.31,23.93,22.79,24.27,23.25,22.13,23.59,48.95,46.2,50.24,2.6,3.07,2.47,2.36,2.7,2.26,3.78,4.7,3.59
Uttar Pradesh,Kaushambi,29.23,29.56,25.46,18.48,18.68,16.3,3.89,NA,NA,33.58,33.6,33.33,51.53,52.01,44.86,51.69,51.08,57.95,33.19,35.4,12.5,21.7,21.7,21.9,21,21,21.3,42.29,42.14,44.38,3.75,3.75,3.78,3.23,3.23,3.2,5.88,5.85,6.07
Uttar Pradesh,Kheri,26.69,27.73,15.7,18.61,19.36,10.74,3.88,NA,NA,49.82,49.71,52.27,46.85,47.6,30.99,61.31,57.86,84.36,48.87,48.62,60,22,21.9,24.3,21.6,21.4,23.3,52.15,51.63,65.05,3.25,3.33,2.36,2.74,2.8,2.14,5.19,5.47,3.27
Uttar Pradesh,Kushinagar,29.26,29.43,20.2,19.63,19.8,10.7,3.33,NA,NA,31.71,31.86,NA,43.83,43.89,NA,54.5,54.25,NA,31.24,30.45,NA,22.2,22.2,NA,21.5,21.5,NA,40.73,40.53,NA,3.3,3.3,NA,2.99,2.99,NA,4.91,4.91,NA
Uttar Pradesh,Lalitpur,26.86,28.19,18.07,19.14,20.27,11.65,3.4,NA,NA,50.8,51.66,36.21,31.83,32.89,21.6,54.13,52.45,62.26,54.64,53.94,100,21,20.7,21.8,20.6,20.3,21.6,45.01,45.04,44.72,2.96,3.03,2.49,2.56,2.59,2.29,4.64,4.92,3.48
Uttar Pradesh,Lucknow,18.2,22.94,14.83,11.74,15.12,9.34,2.23,NA,NA,40.74,43.4,37.59,32.42,41.08,23.33,76.82,65.14,81.63,45.62,37.63,57.47,23.8,22.8,24.5,23,22,23.7,50.83,49.18,53,2.66,3.15,2.34,2.42,2.75,2.2,3.89,5.3,3.25
Uttar Pradesh,Maharajganj,27.93,28.81,18,18.29,18.86,11.8,3.23,NA,NA,32.06,32.51,NA,39.72,40.2,NA,61.74,61.06,NA,25.09,25.09,NA,22.2,22.2,NA,21.6,21.6,NA,41.51,41.7,NA,3.13,3.13,NA,2.82,2.81,NA,4.86,4.93,NA
Uttar Pradesh,Mahoba,24.54,24.53,24.57,17.32,17.13,17.71,3.55,NA,NA,50.55,52.7,45.07,32.53,31.73,34.29,76,77.57,73.74,50.74,51.63,46.15,21.81,21.47,22.6,20.96,20.79,21.51,44.28,41.9,49.53,3.25,3.27,3.19,2.78,2.78,2.76,4.68,4.63,4.76
Uttar Pradesh,Mainpuri,23.48,23.89,21.64,13.43,13.6,12.63,3.37,NA,NA,54.56,54.9,52.47,53.86,53.77,54.32,73.16,73.22,72.88,47.04,43.56,80,22.04,21.79,23.4,21.07,20.91,22.02,39.13,39.88,35.36,3.72,3.72,3.71,3.16,3.15,3.22,5.75,5.8,5.53
Uttar Pradesh,Mathura,22.38,23.59,20.13,14.87,15.9,12.95,2.98,NA,NA,59.79,61.8,54.52,47.25,49.03,43.41,73.52,69.64,78.43,55.88,55.67,56.82,22.06,21.56,23.05,21.44,20.97,22.35,34.56,35.95,31.43,3.4,3.58,3.06,3,3.11,2.78,5.17,5.59,4.52
Uttar Pradesh,Mau,21.43,21.71,20.39,12.97,13.01,12.85,2.86,NA,NA,34.47,33.36,39.52,43.65,43.84,42.98,59.69,59.43,60.57,36.18,37.15,30.77,22.7,22.5,23.8,21.8,21.6,22.7,44.97,46.65,38.91,3.36,3.33,3.48,3.06,3.04,3.15,5.1,5.05,5.26
Uttar Pradesh,Meerut,23.94,25.6,21.85,17.67,19.11,15.85,3.07,NA,NA,57.38,59.52,53.65,49.77,51.07,47.77,70.15,66.76,74.05,51.92,54.17,45.83,22.62,22,23.38,21.8,21.27,22.49,37.09,35.35,39.78,3.51,3.65,3.33,3.13,3.21,3.02,5.25,5.44,5.02
Uttar Pradesh,Mirzapur,22.34,22.85,18.87,13.95,14.43,10.71,2.57,NA,NA,43.64,44.38,36.21,41.49,42.26,34.66,54.35,49.71,75.7,48.16,48.02,50,21.8,21.7,23.4,20.9,20.8,22.1,37.84,37.21,43.75,3.43,3.46,3.13,2.93,2.94,2.74,5.3,5.53,4.28
Uttar Pradesh,Moradabad,25.17,26.85,21.74,17.09,18.53,14.17,3.61,NA,NA,63.05,64,59.93,55.62,58.05,49.49,52.39,48.12,58.84,44.8,46.9,33.33,22.22,21.65,23.67,21.46,20.93,22.7,33.92,33.16,35.94,3.85,3.98,3.57,3.39,3.44,3.28,5.95,6.25,5.43
Uttar Pradesh,Muzaffarnagar,23.52,24.64,20.62,14.82,15.42,13.27,3.22,NA,NA,61.22,63.1,54.69,53.65,55.7,47.17,67,65.5,69.86,46.37,45.76,50,22.63,22.29,23.56,21.8,21.47,22.74,39.79,37.72,46.74,3.52,3.64,3.2,3.14,3.22,2.93,5.16,5.28,4.88
Uttar Pradesh,Pilibhit,25.49,26.36,21.08,16.77,17.74,11.85,3.56,NA,NA,66.16,67.3,57.14,53.45,54.46,46.95,65.85,64.17,74.45,47.4,46.95,55.56,21.69,21.4,23.51,20.96,20.75,22.32,40.63,40.88,38.96,3.49,3.52,3.32,3.04,3.06,2.95,5.25,5.26,5.21
Uttar Pradesh,Pratapgarh,24.03,24.2,20.35,14.12,14.2,12.35,2.9,NA,NA,33.87,34.07,29.51,43.43,43.78,35.9,60.7,59.79,74.31,33.1,33.7,0,22.1,22.1,23,21.4,21.3,22.2,47.96,47.9,49.25,3.32,3.32,3.14,2.93,2.93,2.82,5.1,5.13,4.47
Uttar Pradesh,Rae Bareli,22.16,22.39,19.48,14.29,14.4,13.03,3.29,NA,NA,33.51,33.51,33.33,46.72,47.14,40.32,61.3,59.27,77.84,42.54,40.69,80,22.8,22.6,24.8,22,21.9,23.7,61.61,61.59,61.95,3.21,3.25,2.69,2.73,2.76,2.42,4.89,5.02,3.45
Uttar Pradesh,Rampur,24.91,26.75,19.8,15.81,17.35,11.5,3.48,NA,NA,60.9,62.36,53.91,57.65,58.81,53.32,54.85,49.96,65.89,37.95,36.34,50,22.18,21.75,23.67,21.22,20.89,22.4,41.39,41.22,42.07,4.03,4.16,3.63,3.48,3.57,3.22,6.14,6.31,5.68
Uttar Pradesh,Saharanpur,26.25,27.55,22.06,17.2,18.29,13.68,3.31,NA,NA,60.16,60.51,58.25,48.17,49.47,42.81,76.29,74.97,79.34,59.84,61.64,25,22.44,22,24.1,21.84,21.46,23.36,36.17,35.9,37.3,3.35,3.47,2.97,3.01,3.09,2.75,4.95,5.16,4.43
Uttar Pradesh,Sant Kabir Nagar,30.42,30.96,22.3,20.49,20.89,14.6,3.84,NA,NA,30.36,30.25,NA,45.15,45.56,NA,57.95,56.41,NA,22.29,24.32,NA,22.4,22.4,NA,21.8,21.8,NA,43.24,43.25,NA,3.35,3.38,NA,3.07,3.08,NA,5.16,5.23,NA
Uttar Pradesh,Sant Ravidas Nagar (Bhadohi),24.41,25.49,17.35,17,17.85,11.42,2.88,NA,NA,40.33,40.55,37.5,43.01,42.58,46.95,46.5,47.1,42.86,41.51,40.43,62.5,22,21.9,22.7,21.1,21,21.6,42.53,42,47.51,3.45,3.43,3.64,2.96,2.93,3.17,5.59,5.61,5.46
Uttar Pradesh,Shahjahanpur,28.16,29.56,21.22,20.45,21.48,15.38,4.17,NA,NA,60.99,61.27,58.7,58.12,59.19,50.88,52.19,46.86,73.03,43.33,43.35,42.86,22.13,21.77,23.8,21.3,20.97,22.88,44.29,45.08,38.93,3.55,3.66,3.04,3.06,3.13,2.75,5.87,6.09,5
Uttar Pradesh,Shrawasti,39.89,40.16,30.3,27.79,28,20.5,5.52,NA,NA,35.17,35.55,NA,54.37,54.33,NA,36.77,36.35,NA,18.31,18.83,NA,21.4,21.3,NA,20.7,20.6,NA,48.17,48.11,NA,3.31,3.31,NA,2.8,2.8,NA,6.02,6.05,NA
Uttar Pradesh,Siddharthnagar,37.54,37.79,29.7,26.38,26.56,20.9,4.82,NA,NA,34.92,35.07,NA,51.91,52.2,NA,40.23,38.9,NA,20.2,20.01,NA,21.7,21.6,NA,21,21,NA,44.27,44.1,NA,3.52,3.53,NA,3.11,3.12,NA,5.71,5.73,NA
Uttar Pradesh,Sitapur,28.02,28.66,22.38,19.25,19.68,15.45,4.42,NA,NA,44.83,45.15,39.13,46.82,47.07,44.29,48.97,47.62,62.22,43.65,44.83,22.22,22,21.9,23.1,21.5,21.4,22.1,54.35,54.33,54.59,3.47,3.45,3.64,2.92,2.88,3.25,5.73,5.77,5.41
Uttar Pradesh,Sonbhadra,28.18,30.5,15.17,19.48,21.14,10.14,3.78,NA,NA,50.62,51.13,41.46,47.67,48.64,35.71,48.42,38.99,80.58,47.2,47.02,50,22,21.8,22.9,21.5,21.4,22.2,33.23,32.69,40.2,3.34,3.41,2.94,2.91,2.94,2.74,4.9,5.29,3.76
Uttar Pradesh,Sultanpur,21.88,22.16,17.6,14.42,14.62,11.2,3.03,NA,NA,41.36,42.47,NA,38.18,39.03,NA,71.92,71.05,NA,50.75,51.19,NA,22.3,22.2,NA,21.6,21.5,NA,57.17,57.11,NA,3.05,3.08,NA,2.67,2.69,NA,4.67,4.69,NA
Uttar Pradesh,Unnao,20.99,21.6,18.1,14.15,14.44,12.76,3.08,NA,NA,40.46,41.85,29.29,42.81,44.66,32.32,69.97,66.79,80.77,46.35,46.38,46.15,22.8,22.5,24.1,22,21.8,23.2,52.11,52.29,50.97,3.03,3.08,2.79,2.6,2.62,2.5,4.47,4.62,3.94
Uttar Pradesh,Varanasi,19.06,20.64,17.19,11.57,12.89,10.01,2.32,NA,NA,37.57,40.52,31.99,33.74,35.52,31.24,76.25,68.32,83.23,50.12,48.4,54.55,22.6,22.2,23.2,21.8,21.5,22.2,42.34,38.51,48.16,3.04,3.17,2.87,2.7,2.81,2.56,4.62,4.94,4.27
Uttarakhand,Almora,15.78,16.13,10.95,9.74,9.99,6.34,1.98,NA,NA,34.86,35.17,25,25.79,26.43,13.55,75.53,73.99,85.12,31.61,29.94,71.43,22.3,22.1,24.7,21.7,21.5,24.3,48.19,47.45,64.71,2.68,2.72,2.12,2.58,2.62,2.05,3.59,3.68,2.66
Uttarakhand,Bageshwar,15.03,15.14,12.73,8.03,8.16,5.24,1.76,NA,NA,37.04,37.12,34.21,26.12,26.4,18.58,83.54,82.79,93.37,30.92,31.22,0,22.02,21.98,22.78,21.46,21.42,22.24,60.03,59.88,63.77,2.59,2.59,2.46,2.48,2.48,2.37,3.53,3.55,3.26
Uttarakhand,Chamoli,17.7,18.12,15.75,12.41,12.45,12.26,1.97,NA,NA,39.5,39.3,41.31,25.1,25.83,19.73,72.84,68.07,85.91,41.69,41.98,39.47,22.7,22.6,23.2,22.1,22,22.8,41.58,40.33,50.6,2.57,2.61,2.36,2.52,2.55,2.31,3.51,3.56,3.23
Uttarakhand,Champawat,16.91,17.07,16.13,11.35,11.36,11.31,2,NA,NA,45.36,44.82,49.35,34.12,32.28,45.6,80.13,79.97,80.85,39.29,36.99,54.55,21.52,21.44,22.06,20.89,20.82,21.47,50.22,50.26,50,2.76,2.75,2.85,2.64,2.63,2.68,3.66,3.71,3.38
Uttarakhand,Dehradun,16.58,19.68,14.44,10.09,12.81,8.21,1.85,NA,NA,29.32,32.92,25.15,22.45,26.57,18.61,91.41,89.12,92.67,39.17,38.01,40.46,24.7,24.1,25.2,24.1,23.4,24.6,44.54,37.37,52.15,2.37,2.55,2.24,2.26,2.41,2.15,3.2,3.59,2.96
Uttarakhand,Haridwar,21.94,24.62,17.24,14.55,16.94,10.36,2.74,NA,NA,37.27,40.19,28.37,36.92,42.5,23.65,78,70.07,83.14,44.3,39.21,58.14,23.9,22.4,26.5,23.3,21.8,26.3,36.34,32.14,48.39,3.03,3.45,2.56,2.77,3.09,2.4,4.3,5.37,3.42
Uttarakhand,Nainital,16.27,16.17,16.41,10.99,10.58,11.58,1.88,NA,NA,37.28,37.07,37.68,27.21,26.87,27.78,82.92,83.41,82.07,40.91,40.3,41.86,23.4,23.16,23.78,22.8,22.58,23.19,49.27,48.31,50.91,2.55,2.52,2.61,2.48,2.45,2.53,3.36,3.29,3.48
Uttarakhand,Pauri Garhwal,18.8,19.29,15.96,10.87,11.01,10.04,2.15,NA,NA,24.27,24.2,24.8,22.75,23.02,20.9,91.05,90.52,92.75,35.47,34.7,46.67,23.1,22.9,24.5,22.7,22.5,23.9,47.76,47.49,49.51,2.61,2.64,2.48,2.47,2.49,2.39,3.74,3.78,3.56
Uttarakhand,Pithoragarh,15.44,16.17,12.12,9.28,9.37,8.85,1.71,NA,NA,45.14,45.35,43.48,23.02,23.84,18.1,83.96,80.45,91.96,41.26,42.05,34.15,21.5,21.3,22.4,21,20.8,22,53.68,51.23,68.04,2.49,2.55,2.23,2.38,2.43,2.18,3.34,3.44,2.91
Uttarakhand,Rudraprayag,17.01,17.09,NA,10.95,10.98,NA,1.83,NA,NA,40.7,40.67,NA,24.88,24.86,NA,74.33,74.21,NA,36.95,36.95,NA,22.3,22.3,NA,21.7,21.7,NA,46.18,46.12,NA,2.57,2.57,NA,2.49,2.49,NA,3.54,3.54,NA
Uttarakhand,Tehri Garhwal,21.09,21.79,16.78,12.35,12.59,10.84,2.46,NA,NA,31.88,31.77,32.99,27.94,28.64,22.36,80.2,76.6,90.38,36.95,37.08,35.71,22.6,22.4,23.6,22.2,22,23.1,46.49,46.01,50.51,2.79,2.86,2.42,2.57,2.62,2.31,4.17,4.3,3.4
Uttarakhand,Udham Singh Nagar,18.23,18.67,17.46,12.94,13.01,12.81,2.11,NA,NA,41.89,43.37,37.82,32.54,34.39,27.8,76.01,72.84,82.04,35.1,35.37,34.43,22.43,22.23,22.9,21.6,21.39,22.05,43.12,42,46.17,2.74,2.83,2.56,2.65,2.73,2.48,3.91,4.06,3.62
Uttarakhand,Uttarkashi,15.87,16.51,11.7,11.24,11.73,8.1,1.85,NA,NA,40.1,40.17,39.08,26.79,27.09,24.1,76.54,72.25,88.57,41.83,40.97,50,22.7,22.5,24.2,22,21.8,23.6,38.89,37.19,54.04,2.92,2.99,2.46,2.64,2.7,2.32,4.15,4.29,3.38
