﻿State_Name,NN_Current_Usage_Any_Method_Total,NN_Current_Usage_Any_Method_Rural,NN_Current_Usage_Any_Method_Urban,NN_Current_Usage_Any_Modern_Method_Total,NN_Current_Usage_Any_Modern_Method_Rural,NN_Current_Usage_Any_Modern_Method_Urban,NN_Current_Usage_Female_Sterilization_Total,NN_Current_Usage_Female_Sterilization_Rural,NN_Current_Usage_Female_Sterilization_Urban,NN_Current_Usage_Male_Sterilization_Total,NN_Current_Usage_Male_Sterilization_Rural,NN_Current_Usage_Male_Sterilization_Urban,NN_Current_Usage_Copper_T_Iud_Total,NN_Current_Usage_Copper_T_Iud_Rural,NN_Current_Usage_Copper_T_Iud_Urban,NN_Current_Usage_Pills_Total,NN_Current_Usage_Pills_Rural,NN_Current_Usage_Pills_Urban,NN_Current_Usage_Condom_Nirodh_Total,NN_Current_Usage_Condom_Nirodh_Rural,NN_Current_Usage_Condom_Nirodh_Urban,NN_Current_Usage_Emergency_Contraceptive_Pills_Total,NN_Current_Usage_Emergency_Contraceptive_Pills_Rural,NN_Current_Usage_Emergency_Contraceptive_Pills_Urban,NN_Current_Usage_Any_Traditional_Method_Total,NN_Current_Usage_Any_Traditional_Method_Rural,NN_Current_Usage_Any_Traditional_Method_Urban,NN_Current_Usage_Periodic_Abstinence_Total,NN_Current_Usage_Periodic_Abstinence_Rural,NN_Current_Usage_Periodic_Abstinence_Urban,NN_Current_Usage_Withdrawal_Total,NN_Current_Usage_Withdrawal_Rural,NN_Current_Usage_Withdrawal_Urban,NN_Current_Usage_Lam_Total,NN_Current_Usage_Lam_Rural,NN_Current_Usage_Lam_Urban
Assam,67.2,66.7,69.5,38.1,38.4,36.3,13.4,13.5,13,0.3,0.3,0.2,1.5,1.6,1.2,19.9,20.6,16.6,2.8,2.3,5.2,0.1,0.1,0.1,29.1,28.2,33.2,13.4,12.6,16.6,11.3,10.8,13.5,4.1,4.4,2.9
Bihar,41.2,39.7,51.7,36.5,35.1,46.7,30.7,29.8,36.8,0.3,0.3,0.5,0.6,0.5,1.5,1.4,1.3,1.9,2.8,2.5,5.4,0.1,0.1,0.1,4.7,4.6,5,1.9,1.8,2.6,0.9,0.8,1.6,0.6,0.6,0.7
Chhattisgarh,60.66,60.32,61.93,57.17,56.68,59,49.5,50.08,47.34,1.13,1.21,0.8,0.6,0.51,0.91,1.23,1.16,1.5,3.64,2.73,7.01,0.48,0.53,0.3,3.49,3.64,2.92,0.22,0.2,0.29,0.53,0.48,0.74,0.71,0.72,0.67
Jharkhand,57.5,54.6,65.5,43.7,41.2,50.4,33.5,33.1,34.8,0.5,0.5,0.7,0.8,0.6,1.3,4.2,4,4.9,4.2,2.8,8.2,0.1,0.1,0.1,13.8,13.4,15,6.1,5.5,8,3.1,2.6,4.7,2.8,3.1,2
Madhya Pradesh,63.2,63.3,63,59.4,59.4,59.4,48.7,51.9,41.9,1.2,1.3,1,0.4,0.3,0.6,1.4,1.1,2,7.5,4.6,13.7,0.1,0.1,0.1,3.8,3.9,3.6,2,2,2,0.3,0.3,0.3,1.1,1.1,0.9
Odisha,62.43,61.58,66.82,46.29,46.02,47.67,32.8,33.56,28.9,0.3,0.28,0.39,0.36,0.28,0.76,11.04,10.65,13.04,1.61,1.1,4.28,0.09,0.09,0.11,16.14,15.57,19.15,4.88,4.95,4.54,9.39,8.63,13.34,1.3,1.35,1.04
Rajasthan,70.2,68.9,74,62.4,61.4,65.3,47.6,50.2,39.7,0.4,0.4,0.5,1.3,1,1.9,2.3,1.6,4.4,10.5,8,18.3,0.1,0.1,0.2,7.8,7.5,8.7,4.1,4.1,4.3,1.2,0.8,2.4,1.9,2,1.6
Uttar Pradesh,58.95,57.08,65.44,37.6,35.04,46.46,18.44,18.98,16.58,0.28,0.28,0.28,1.15,0.91,1.97,3.56,3.29,4.48,13.24,10.67,22.09,0.58,0.6,0.49,21.35,22.04,18.98,15.59,15.97,14.28,2.36,2.33,2.47,2.9,3.22,1.81
Uttarakhand,62.74,61.67,65.08,54.28,54.19,54.47,27.6,32.37,17.09,1.26,1.55,0.63,0.94,0.63,1.62,4.91,4.46,5.89,18.66,14.38,28.08,0.73,0.66,0.88,8.46,7.48,10.61,4.65,3.96,6.19,1.54,1.25,2.19,2.12,2.17,2
