﻿State_Name,State_District_Name,NN_Current_Usage_Any_Method_Total,NN_Current_Usage_Any_Method_Rural,NN_Current_Usage_Any_Method_Urban,NN_Current_Usage_Any_Modern_Method_Total,NN_Current_Usage_Any_Modern_Method_Rural,NN_Current_Usage_Any_Modern_Method_Urban,NN_Current_Usage_Female_Sterilization_Total,NN_Current_Usage_Female_Sterilization_Rural,NN_Current_Usage_Female_Sterilization_Urban,NN_Current_Usage_Male_Sterilization_Total,NN_Current_Usage_Male_Sterilization_Rural,NN_Current_Usage_Male_Sterilization_Urban,NN_Current_Usage_Copper_T_Iud_Total,NN_Current_Usage_Copper_T_Iud_Rural,NN_Current_Usage_Copper_T_Iud_Urban,NN_Current_Usage_Pills_Total,NN_Current_Usage_Pills_Rural,NN_Current_Usage_Pills_Urban,NN_Current_Usage_Condom_Nirodh_Total,NN_Current_Usage_Condom_Nirodh_Rural,NN_Current_Usage_Condom_Nirodh_Urban,NN_Current_Usage_Emergency_Contraceptive_Pills_Total,NN_Current_Usage_Emergency_Contraceptive_Pills_Rural,NN_Current_Usage_Emergency_Contraceptive_Pills_Urban,NN_Current_Usage_Any_Traditional_Method_Total,NN_Current_Usage_Any_Traditional_Method_Rural,NN_Current_Usage_Any_Traditional_Method_Urban,NN_Current_Usage_Periodic_Abstinence_Total,NN_Current_Usage_Periodic_Abstinence_Rural,NN_Current_Usage_Periodic_Abstinence_Urban,NN_Current_Usage_Withdrawal_Total,NN_Current_Usage_Withdrawal_Rural,NN_Current_Usage_Withdrawal_Urban,NN_Current_Usage_Lam_Total,NN_Current_Usage_Lam_Rural,NN_Current_Usage_Lam_Urban
Assam,Barpeta,74.1,75.5,63.1,39,40.1,30.1,8,7.9,8.6,0.2,0.3,0,1.1,1.2,0.7,28.2,29.4,18.8,1.3,1.2,1.9,0.1,0.1,0.1,35.1,35.4,33,10.7,10.8,10.3,20.2,20.2,20.3,4,4.2,2.4
Assam,Bongaigaon,70.5,70.5,70.5,35.7,36.5,30.6,4.6,4,7.7,0,0.1,0,1.5,1.6,0.6,28.3,30,17.6,1.2,0.6,4.7,0,0,0,34.8,34,39.9,22.2,21.9,23.8,9.2,8.3,14.2,3.3,3.6,1.9
Assam,Cachar,57,55.6,62.9,31.9,30.7,37,13.4,12.5,17.1,0.7,0.6,0.8,0.4,0.4,0.4,11.9,12.1,10.8,5.4,4.8,7.7,0,0,0,25.1,24.9,25.9,12.8,13,12,9.1,8.5,11.6,3.1,3.3,2.2
Assam,Darrang,68,67.8,NA,37.3,37.4,NA,10.2,10.1,NA,0.3,0.3,NA,2.3,2.4,NA,22.4,22.7,NA,1.8,1.7,NA,0,0,NA,30.7,30.5,NA,14.6,14.8,NA,12.9,12.5,NA,2.5,2.6,NA
Assam,Dhemaji,75.2,75.1,76,34.7,35.1,30.3,17.4,17.9,12.4,0.2,0.2,0.3,3.2,3.2,2.4,12.9,12.9,13.1,0.7,0.6,1.5,0.1,0.1,0.2,40.5,40,45.6,24.5,24.2,28.1,10.8,10.5,14,4.9,5,3.4
Assam,Dhubri,49.6,49.8,48.2,34,34.6,29.7,4.8,4.4,7.3,0.1,0.1,0,0.6,0.6,0.6,27.6,28.7,20.2,0.8,0.7,1.6,0,0.1,0,15.6,15.1,18.5,5.6,5.5,6.1,4.4,3.9,8,5.1,5.3,4
Assam,Dibrugarh,65.1,65.5,63.9,43.9,44.3,42.5,30.2,32,24.6,0.4,0.4,0.2,1.1,1.1,0.9,7.3,6.8,8.7,4.6,3.5,7.8,0.3,0.4,0.2,21.3,21.2,21.4,12.2,12.2,12.2,4.2,3.9,5.1,4.4,4.4,4.2
Assam,Goalpara,72.4,72.2,75.3,45,45.3,40.9,6.2,6.1,7.5,0.2,0.1,0.6,1.6,1.8,0.4,35.4,35.9,29.5,1.3,1.2,2.9,0,0,0,27.5,26.9,34.3,12.5,11.9,19.2,8.7,8.5,10.6,5.6,5.8,4
Assam,Golaghat,66,65,72.2,40.3,40.3,40.5,11.4,11,13.8,0.3,0.3,0.2,3.4,3.2,4.7,17.5,17.9,14.6,7.2,7.3,6.9,0.5,0.5,0.3,25.6,24.7,31.7,11.6,11.2,13.8,12,11.7,14.2,1.8,1.5,3.4
Assam,Hailakandi,58.9,57.3,NA,29.9,30.4,NA,9.2,9.5,NA,0.5,0.5,NA,0.7,0.8,NA,11.6,11.9,NA,7.8,7.5,NA,0,0,NA,28.9,26.9,NA,10.8,9.6,NA,14.4,13.3,NA,3.6,3.8,NA
Assam,Jorhat,66.2,66.9,64.1,34.5,34,36.2,15.4,16.3,12.7,0.3,0.4,0.1,2.1,2.4,1.3,11.7,10.9,13.9,4.7,3.7,7.8,0.3,0.3,0.4,31.6,32.9,27.9,12.3,13,10.2,15.5,15.7,14.9,3.6,4,2.7
Assam,Kamrup,79,78.8,79.2,40.8,46,36,14,14.5,13.6,0.2,0.2,0.2,1.8,2.1,1.5,22.2,27.9,17,2.4,1.2,3.5,0,0,0.1,38.2,32.9,43.2,19,13.7,24,15.5,14.3,16.6,3.5,4.6,2.5
Assam,Karbi Anglong,68.4,68.1,69.5,42.9,40.9,49.4,14.8,16.4,9.5,0.2,0.1,0.4,1.1,1,1.1,22.4,21.9,24.3,3.8,1,13.6,0.1,0.1,0.3,25.6,27.2,20.1,10.5,10.3,11.4,7,8.6,1.8,7.9,8.3,6.8
Assam,Karimganj,49.4,49.4,NA,21.7,20.9,NA,6.9,6.2,NA,0.2,0.2,NA,1,1,NA,7.9,7.8,NA,5.4,5.4,NA,0,0,NA,27.8,28.5,NA,16.6,17.2,NA,6.2,6.1,NA,4.9,5.2,NA
Assam,Kokrajhar,73.8,73,NA,43.5,43.6,NA,5.4,5.4,NA,0,0,NA,8.4,8.6,NA,29.3,29.3,NA,0.3,0.2,NA,0,0,NA,30.3,29.4,NA,16.9,16.3,NA,10.1,9.8,NA,2.9,2.9,NA
Assam,Lakhimpur,76,77.1,NA,40,41.1,NA,22.3,23.1,NA,0.4,0.4,NA,1.7,1.8,NA,14.2,14.4,NA,1.5,1.4,NA,0.1,0.1,NA,36,35.9,NA,19.8,18.8,NA,13.2,14,NA,2.8,2.9,NA
Assam,Marigaon,70,69.9,71.5,39.1,39.4,33.3,12.1,12.3,9.4,0.3,0.3,0.1,0.8,0.8,1.2,24.5,24.8,19.1,1.2,1.1,3.5,0,0,0,30.9,30.5,38.3,16.4,16,22.1,8.1,7.9,11.3,5.9,6,4.4
Assam,Nagaon,65.9,65.7,66.3,32.3,31.9,33.6,8.4,8.8,7,0.2,0.3,0.1,0.5,0.5,0.4,20.6,20.5,21.1,2.2,1.6,4.8,0.1,0.1,0.1,33.6,33.8,32.7,13.4,13.1,14.9,14,13.7,15.1,5.8,6.6,2.6
Assam,Nalbari,71.5,71.4,NA,44,44.2,NA,13.8,14,NA,0.3,0.3,NA,2.6,2.6,NA,25.2,25.5,NA,1.9,1.7,NA,0,0,NA,27.5,27.3,NA,11.1,11.2,NA,14,13.7,NA,2.3,2.3,NA
Assam,North Cachar Hills,56.5,56.8,56.3,43.5,43.5,43.6,9.5,12.1,7.2,0.4,0.5,0.4,1,0.9,1.1,26.1,25.7,26.5,6.4,4.2,8.2,0.1,0,0.1,13,13.3,12.7,6.9,6.6,7.2,3.2,3.8,2.8,1.9,1.9,2
Assam,Sibsagar,64.7,64.3,69,36.1,35.9,38.8,17.3,17.7,13,0.1,0.1,0.2,1.2,1.2,0.8,14.2,13.7,19.2,3.2,3,5.3,0,0,0.3,28.6,28.4,30.2,11.7,12.5,2.6,12.5,11.5,24.4,4.3,4.4,3.2
Assam,Sonitpur,68.8,69,67.4,42.1,43.1,34.8,17.4,18,12.6,0.3,0.3,0.4,0.7,0.7,0.3,22.3,23.2,15.6,1.4,0.8,5.7,0,0,0.1,26.8,26,32.5,7.7,7.6,8.5,14.8,13.9,21.7,3.8,4,2
Assam,Tinsukia,67,67.8,63.7,47,49,38.7,29.7,32.4,18.5,0.2,0.2,0.1,1.2,1.2,1,11.9,12,11.4,3.5,2.7,6.7,0.4,0.3,0.8,20.1,18.9,25,9.8,8.3,16.1,4.4,4.2,4.9,5.7,6.1,3.9
Bihar,Araria,43.1,43.5,NA,39.6,39.8,NA,38.1,38.5,NA,0.2,0.3,NA,0.1,0.1,NA,0.3,0.3,NA,0.8,0.5,NA,0,0,NA,3.6,3.8,NA,1.6,1.6,NA,0.3,0.3,NA,0,0,NA
Bihar,Aurangabad,39.6,38.4,50.6,33.8,33,41.2,31.5,30.9,36.6,0.3,0.3,0.6,0.3,0.2,1.2,0.4,0.4,0.6,0.9,0.8,1.7,0,0,0.1,6.4,6.1,9.4,3.5,3.1,6.6,1.3,1.3,1.5,1.5,1.5,1.1
Bihar,Banka,38.5,38.2,NA,33.9,33.5,NA,31.2,31,NA,0.3,0.3,NA,0.9,0.8,NA,0.5,0.4,NA,0.5,0.5,NA,0.1,0.1,NA,4.6,4.7,NA,2.3,2.4,NA,0.7,0.7,NA,0.6,0.6,NA
Bihar,Begusarai,38.8,38.4,NA,34.4,34.2,NA,31.2,31.2,NA,0.4,0.4,NA,0.5,0.5,NA,0.7,0.7,NA,1.1,1,NA,0,0,NA,4.4,4.2,NA,3,2.8,NA,0.4,0.4,NA,0.8,0.9,NA
Bihar,Bhagalpur,39.8,39.2,42.7,35.7,35.4,36.9,33.3,33.6,32.1,0.3,0.3,0.4,0.4,0.3,0.6,0.6,0.5,1.1,0.6,0.4,1.5,0.1,0,0.4,4.1,3.8,5.8,2.1,1.9,2.9,1.3,1,2.6,0.3,0.3,0.1
Bihar,Bhojpur,39.8,37.9,51.2,35.7,34.5,43.8,29.5,28.7,34.6,0.7,0.6,1,1.2,1,2.7,2.8,2.8,2.4,1,0.8,2.3,0.1,0.1,0.1,4,3.5,7.4,2.5,2,5.2,0.5,0.4,1.2,0.9,1,0.6
Bihar,Buxar,37.3,36.8,42.1,33.2,32.8,37.6,27.5,27.7,25.5,0.2,0.2,0.6,0.7,0.7,0.7,1,0.8,2.7,3.2,2.9,6.2,0.1,0.1,0,4.1,4.1,4.5,2.9,3,2.5,0.9,0.8,2,0.2,0.2,0
Bihar,Darbhanga,48.4,48,53.1,43.7,43.7,43.6,37,36.5,42.1,0.2,0.2,0.4,0.6,0.6,0,3,3.2,0,1.8,1.9,1.2,0,0,0,4.7,4.3,9.5,2.1,1.5,9.5,2.2,2.4,0,0,0,0
Bihar,Gaya,39.3,36.1,50,31.4,28.1,42.1,27.4,24.9,35.4,0.3,0.2,0.5,0.8,0.3,2.1,0.8,0.7,1.2,1.6,1.4,2.3,0,0,0.1,7.9,7.9,7.9,4.1,4.4,3,1.7,1.2,3.4,2,2.2,1.4
Bihar,Gopalganj,32.4,30.9,50.3,27.3,26,43.6,21.4,20.3,34.8,0.2,0.2,0.3,0.4,0.4,0.3,0.7,0.7,0.8,4.6,4.4,7.4,0,0,0,5,4.9,6.7,3.5,3.3,5.9,0.3,0.3,0,0.8,0.9,0
Bihar,Jamui,39.5,39.6,NA,35,34.9,NA,25.2,25.4,NA,0.2,0.2,NA,1.6,1.5,NA,2.6,2.5,NA,4.8,4.9,NA,0,0,NA,4.5,4.7,NA,2.1,2.1,NA,1,1,NA,0.8,0.8,NA
Bihar,Jehanabad,41.3,41.7,37.3,37,37.3,34.4,28.8,29.2,25.4,0.9,0.9,1.2,1,1,0.9,4.6,4.5,4.8,1.5,1.5,1.6,0,0,0.1,4.3,4.4,2.9,2.1,2.1,1.3,0.5,0.5,0.6,1.6,1.7,1
Bihar,Kaimur (Bhabua),42.3,42.1,NA,38,37.9,NA,31.4,31.5,NA,0.3,0.3,NA,1.2,1.1,NA,0.6,0.6,NA,4,3.9,NA,0,0,NA,4.2,4.1,NA,2.3,2.2,NA,1.3,1.2,NA,0.6,0.6,NA
Bihar,Katihar,41.2,37.9,79.5,34,30.9,69.8,25.4,23.4,49.8,0.1,0.1,0,0.7,0.7,0.2,1.2,1.2,1.3,5.5,4.4,18.5,0.8,0.8,0,7.2,7,9.7,1.3,1.4,0,2.4,2.3,3.9,0.8,0.4,5.7
Bihar,Khagaria,52.8,52.8,52.8,43.2,43.1,45.8,37.4,37,43.3,0.2,0.2,0.4,0.1,0.1,0,1.3,1.3,0.4,3.7,3.9,1.6,0.1,0.1,0.2,9.6,9.7,7,0.7,0.3,6.8,0.1,0.1,0.2,0.1,0.1,0
Bihar,Kishanganj,39.5,36.8,59.4,38.3,35.4,59.2,25.4,23.2,41.3,0.3,0.4,0,0.4,0.5,0,0.7,0.8,0.1,5.8,4.7,14.1,1,0.6,3.6,1.2,1.3,0.1,0.6,0.7,0,0.1,0.1,0,0.3,0.3,0
Bihar,Lakhisarai,38.9,37,51.5,35.6,34.2,44.9,31.6,30.5,39.2,0.4,0.4,0.6,1.6,1.6,1.2,0.8,0.8,0.7,0.8,0.5,2.5,0.1,0.1,0,3.3,2.9,6.6,2.2,1.9,3.9,0.8,0.6,2.3,0.2,0.2,0.2
Bihar,Madhepura,47.1,46.4,NA,41.5,40.6,NA,37.7,36.9,NA,0.3,0.3,NA,0.3,0.3,NA,2,2,NA,1,1,NA,0,0,NA,5.7,5.8,NA,1.3,1.4,NA,0.8,0.8,NA,0.8,0.7,NA
Bihar,Madhubani,47,46.9,NA,47,46.9,NA,39.2,39.3,NA,0.2,0.2,NA,0.3,0.3,NA,0,0,NA,7.2,7.1,NA,0,0,NA,0,0,NA,0,0,NA,0,0,NA,0,0,NA
Bihar,Munger,42.6,41.2,45.8,37.8,36.4,41.1,35,34.2,36.7,0.2,0.1,0.2,0.9,0.6,1.6,0.6,0.5,0.9,0.9,0.7,1.3,0.1,0.1,0,4.7,4.7,4.7,2.1,2.1,2.2,1.2,1,1.4,0.8,0.9,0.6
Bihar,Muzaffarpur,55,53,78.5,50.2,47.9,77.3,47.6,45.8,68,0.4,0.4,0,0.5,0.5,0.3,0.8,0.8,0.7,0.9,0.2,8.1,0,0,0,4.8,5.1,1.2,0.3,0.3,0.3,0.1,0.1,0,0.6,0.7,0.3
Bihar,Nalanda,35,34,40.8,27.9,27.3,31.4,23.6,24,21.5,0.3,0.3,0.4,1.6,1.4,2.9,0.7,0.5,1.7,1.3,0.8,4.4,0,0,0,7,6.6,9.3,3.4,3,5.6,1.5,1.4,2,2,2.1,1.7
Bihar,Nawada,32.7,32.6,33.4,24.8,24.6,27.2,21.3,21.5,19.6,0.5,0.4,1.2,0.6,0.5,1.5,0.7,0.6,1.4,1.1,1,2.6,0.1,0.1,0,7.8,8,6.2,4.2,4.3,3.6,1.8,1.9,0.6,1.7,1.7,1.8
Bihar,Pashchim Champaran,46.4,46.2,48.9,45.9,45.6,48.9,35.5,35.6,34.9,0.1,0.1,0.8,0.1,0.1,0,4.4,4.2,6.9,5.6,5.5,6.3,0,0,0,0.5,0.6,0,0.3,0.3,0,0.1,0.1,0,0,0,0
Bihar,Patna,50.6,42.8,58.9,45.5,37.7,54.1,37.7,31.9,44.1,0.3,0.3,0.2,1.9,1.4,2.5,2.7,2.6,2.8,2.4,0.9,4,0,0,0,5,5.2,4.9,2.6,2.1,3.2,0.5,0.2,0.9,1.8,2.7,0.7
Bihar,Purba Champaran,48.9,47.3,NA,40.4,39,NA,26.4,26.2,NA,0.4,0.3,NA,0.3,0.3,NA,6.4,6.1,NA,5.9,5,NA,0,0,NA,8.5,8.3,NA,3.6,3.8,NA,2.4,1.7,NA,0.7,0.7,NA
Bihar,Purnia,45.3,42.8,NA,42.5,39.8,NA,30.5,28.1,NA,0.1,0.1,NA,0.4,0.5,NA,0.9,0.6,NA,9.2,8.8,NA,0.9,1,NA,2.8,3,NA,0.7,0.7,NA,1.5,1.8,NA,0.3,0.3,NA
Bihar,Rohtas,44.3,43.5,50.7,40.3,39.8,44.5,33.4,33.8,30.4,0.7,0.7,0.7,1.2,1.2,1.7,0.9,0.7,2.1,3.6,3,8.7,0.1,0.1,0.2,4,3.7,6.3,2.7,2.4,4.8,1,1,1.4,0.2,0.3,0.1
Bihar,Saharsa,50.6,48.2,64.9,42.2,38.6,64.3,36.3,34.8,45.3,0.2,0.2,0.1,1.6,0.7,7.1,0.9,0.9,0.9,2.4,1,11,0.6,0.7,0,8.3,9.6,0.6,3,3.5,0.1,1.5,1.7,0,0.6,0.6,0.3
Bihar,Samastipur,50.1,49.9,NA,36.4,36.6,NA,32,32,NA,0.4,0.4,NA,0.1,0.1,NA,0.4,0.4,NA,2,2.1,NA,0.1,0.1,NA,13.7,13.3,NA,1.2,1.3,NA,1.3,0.2,NA,0,0,NA
Bihar,Saran,37.6,36.3,46.5,35.6,34.2,45,30.9,30.7,32.5,0.2,0.1,1.3,0.6,0.6,0.5,1.2,1.4,0.1,2.3,1.2,9.8,0.1,0,0.4,2,2.1,1.5,1.3,1.5,0,0.1,0.1,0.1,0.6,0.4,1.4
Bihar,Sheikhpura,38.8,37.1,48.5,29.1,27.5,38.4,25.2,24.1,31.6,0.3,0.3,0.5,1.9,1.9,1.7,0.6,0.5,0.8,0.7,0.4,2.5,0,0,0,9.7,9.6,10.1,5.7,5.6,6.2,1.3,1.2,1.8,2.5,2.6,1.8
Bihar,Sheohar,45.9,46.1,NA,41.4,41.8,NA,32.9,33.5,NA,0.2,0.2,NA,0.1,0.1,NA,0.6,0.4,NA,7.5,7.4,NA,0,0,NA,4.4,4.2,NA,0.3,0,NA,1.6,1.6,NA,0.1,0.1,NA
Bihar,Sitamarhi,42.4,40.5,NA,40.7,39,NA,36.3,35.6,NA,0.6,0.5,NA,0.1,0.1,NA,0.5,0.5,NA,3,2,NA,0,0,NA,1.7,1.6,NA,0.5,0.4,NA,0.2,0.2,NA,0,0,NA
Bihar,Siwan,27.9,25.7,43.7,26.8,24.5,43.5,20.4,18.9,30.8,0.2,0.2,0,0.2,0.2,0.1,1.1,0.9,2.8,4.7,4,9.7,0,0,0,1.1,1.2,0.2,0.4,0.4,0,0.2,0.2,0.1,0.5,0.5,0.1
Bihar,Supaul,56.3,56.2,NA,49.2,48.9,NA,47,47.1,NA,0.1,0.1,NA,0,0,NA,0,0,NA,2.1,1.7,NA,0,0,NA,7,7.3,NA,6.3,6.6,NA,0,0,NA,0,0,NA
Bihar,Vaishali,56.1,55.6,63.4,49.9,49.4,57.7,43.4,43,49.6,0.7,0.5,4.6,0.4,0.4,0,1.8,1.9,1.3,2.1,2.1,1.7,1.1,1.2,0,6.2,6.3,5.6,2.3,2.1,5.6,1.5,1.6,0,0.3,0.3,0
Chhattisgarh,Bastar,66.4,67.64,53.48,48.21,47.7,53.48,33.9,32.48,48.61,3.75,4.01,1.06,1.36,1.49,0,2.67,2.93,0,6.06,6.27,3.81,0.27,0.3,0,18.19,19.94,0,0.14,0.16,0,0.56,0.62,0,0.04,0.04,0
Chhattisgarh,Bilaspur,63.12,63.39,62.51,56.1,54.16,59.96,47.2,47.13,47.3,0.65,0.74,0.47,0.84,0.54,1.44,1.33,1.19,1.61,5.82,4.3,8.89,0.19,0.17,0.22,7.02,9.23,2.55,0.02,0,0.05,0.95,0.52,1.82,0.17,0.12,0.27
Chhattisgarh,Dantewada,37.45,34.89,54.79,36.13,33.68,52.71,24.87,22.6,40.24,3.83,4.34,0.38,0.64,0.49,1.64,1.91,1.7,3.34,4.28,3.95,6.49,0.23,0.17,0.63,1.32,1.21,2.08,0.5,0.36,1.45,0.4,0.44,0.13,0.28,0.29,0.25
Chhattisgarh,Dhamtari,67.34,68,62.13,65.4,66.03,60.36,58.8,59.54,52.91,0.71,0.56,1.91,0.86,0.91,0.48,0.07,0.07,0.1,4.49,4.77,2.24,0.24,0.05,1.77,1.94,1.96,1.77,0.35,0.33,0.48,0.83,0.86,0.53,0.12,0.08,0.43
Chhattisgarh,Durg,66.97,69.4,62.57,66.03,68.93,60.79,61,65.72,52.44,1.45,1.53,1.3,0.5,0.15,1.13,0.24,0.22,0.29,2.22,0.61,5.13,0.29,0.43,0.05,0.94,0.47,1.78,0.05,0.04,0.05,0.14,0.1,0.2,0.15,0.2,0.08
Chhattisgarh,Janjgir-Champa,61.28,61.99,55.19,60.13,60.74,54.82,52.11,53.33,41.57,0.74,0.83,0,1.05,0.89,2.49,0.79,0.75,1.1,3.82,3.15,9.52,0.74,0.81,0.15,1.16,1.25,0.37,0.28,0.31,0,0.14,0.15,0.07,0.59,0.65,0.07
Chhattisgarh,Jashpur,55.15,54.84,NA,53.26,53,NA,46.86,47.1,NA,0.56,0.51,NA,0.16,0.15,NA,1.43,1.24,NA,1.5,1.33,NA,0.51,0.33,NA,1.89,1.84,NA,0.52,0.52,NA,0.47,0.4,NA,0.72,0.75,NA
Chhattisgarh,Kanker,64.46,64.25,NA,63.51,63.26,NA,57.51,57.33,NA,1.82,1.77,NA,0.43,0.44,NA,0.33,0.32,NA,1.79,1.79,NA,0.27,0.24,NA,0.95,0.99,NA,0.02,0.02,NA,0.6,0.63,NA,0.29,0.3,NA
Chhattisgarh,Kawardha,74.73,73.04,NA,62,62.29,NA,54.88,56,NA,0.6,0.64,NA,0.16,0.08,NA,2.5,2.63,NA,3.86,2.94,NA,0,0,NA,12.73,10.76,NA,0,0,NA,0,0,NA,9.45,10.2,NA
Chhattisgarh,Korba,54.13,48.87,61.63,49.69,45.56,55.58,41.32,38.72,45.01,0.58,0.3,0.97,0.72,0.68,0.78,1.38,2.33,0.01,4.47,1.81,8.27,0.54,0.89,0.02,4.44,3.31,6.05,0.82,0.33,1.53,1.19,0.33,2.43,2.3,2.56,1.93
Chhattisgarh,Koriya,45.86,46.28,44.69,44.98,45.25,44.21,41.17,41.71,39.68,0.21,0.13,0.4,0.59,0.33,1.28,0.86,0.85,0.88,1.13,1.12,1.16,0.45,0.48,0.36,0.88,1.03,0.48,0.08,0.07,0.12,0.33,0.33,0.32,0.08,0.11,0
Chhattisgarh,Mahasamund,72.5,73.39,64.14,68.25,69.14,59.9,58.18,59.45,46.18,1.97,2.13,0.39,1.38,1.41,1.09,1.63,1.39,3.95,1.99,1.66,5.13,1.78,1.63,3.16,4.25,4.25,4.24,1.17,1.18,1.09,0.41,0.39,0.59,1.45,1.38,2.07
Chhattisgarh,Raigarh,61.2,61.47,59.37,60.05,60.41,57.68,56.98,58.91,44.13,0.24,0.26,0.14,0.19,0.12,0.63,0.89,0.78,1.59,1.49,0.06,11.05,0.24,0.27,0.05,1.15,1.07,1.69,0.33,0.32,0.43,0.39,0.38,0.48,0.4,0.36,0.63
Chhattisgarh,Raipur,61.05,59.32,65.22,59.71,58.37,62.94,52.18,54.29,47.07,0.59,0.76,0.17,0.15,0.09,0.31,1.9,1.21,3.56,2.78,0.81,7.55,0.6,0.85,0,1.34,0.95,2.27,0.14,0.17,0.08,0.17,0.23,0,0.28,0.18,0.54
Chhattisgarh,Rajnandgaon,62.41,63.79,55.08,61.89,63.71,52.22,53.76,56.45,39.34,0.79,0.78,0.8,0.5,0.59,0,1.75,1.92,0.86,3.75,2.77,9.1,1,1.19,0,0.52,0.09,2.86,0.02,0.03,0,0.07,0.01,0.4,0.23,0.02,1.37
Chhattisgarh,Surguja,46.53,44.8,66.87,44.22,42.62,62.96,35.6,34.61,47.19,1.03,0.85,3.13,0.47,0.44,0.88,0.73,0.56,2.64,5.93,5.9,6.27,0.42,0.25,2.45,2.31,2.17,3.92,0.03,0,0.39,1.65,1.72,0.88,0.58,0.42,2.45
Jharkhand,Bokaro,63.8,61.1,66.5,50.4,47.7,52.9,41.2,41.6,40.7,1.1,1,1.1,0.8,0.4,1.1,2.9,2.4,3.3,4.1,2.1,6.1,0,0,0,13.5,13.3,13.6,6.6,5.9,7.4,2.8,2.2,3.4,3.4,4.3,2.6
Jharkhand,Chatra,46.5,46.1,50.3,41.6,41.7,40.7,37.9,38.6,29.8,0.4,0.4,0.5,0.3,0.3,0.1,1.9,1.8,3.3,0.9,0.5,5.9,0,0,0.4,4.9,4.4,9.7,1.9,1.6,4.6,1.3,1,4.6,1,1.1,0
Jharkhand,Deoghar,52,50.1,61.9,44.7,43.1,53.3,37.9,37.6,40.1,0.3,0.3,0.3,0.7,0.4,2.2,2.8,2.6,4,2.2,1.6,5.7,0.1,0.1,0.2,7.3,7,8.6,3.3,3.1,4.8,1.6,1.3,2.9,1.9,2.1,0.6
Jharkhand,Dhanbad,66.6,67.5,65.9,46.6,45.8,47.2,35.3,36.6,34.5,0.5,0.5,0.4,0.4,0.3,0.4,4.5,4.9,4.2,5.5,3.2,7.1,0.1,0,0.1,20,21.7,18.8,8.3,8.5,8.1,8.5,9.3,8,2.3,2.4,2.2
Jharkhand,Dumka,54,53.5,59.4,33.8,32.5,50.3,22.5,21.5,35.8,0.1,0.1,0.4,0.3,0.2,1,7.5,7.5,7.5,3.2,3,5.4,0,0,0,20.1,21,9.1,7,7.2,4,4.6,4.8,2.2,3.2,3.3,2.3
Jharkhand,Garhwa,61.9,61.7,NA,50.1,49.5,NA,45.3,45.6,NA,0.3,0.3,NA,0.3,0.2,NA,2.2,2.1,NA,1.7,1.2,NA,0,0,NA,11.8,12.2,NA,4.4,4.6,NA,1.3,1.4,NA,5.2,5.3,NA
Jharkhand,Giridih,46.4,45.3,65.1,35,34.2,49.9,29.5,29.1,36.5,0.3,0.3,0.5,0.2,0.2,0.4,2.2,2.1,5.1,2.4,2.1,6.8,0.2,0.2,0.1,11.3,11.1,15.2,3.8,3.4,10.9,1.6,1.6,1.8,3.8,3.9,1.7
Jharkhand,Godda,52.5,51.6,NA,34.5,33.8,NA,29.3,28.6,NA,0.6,0.5,NA,0.4,0.4,NA,1.9,1.9,NA,2,2,NA,0.1,0.1,NA,18,17.8,NA,6.7,6.3,NA,3,3,NA,6.6,6.7,NA
Jharkhand,Gumla,42.1,41.3,53.9,24.5,23.8,34.5,14.5,14.3,18,1.3,1.4,1.2,1.7,1.6,2.9,4,4,4.9,2.3,2,7,0.1,0.1,0.1,17.6,17.5,19.4,7.7,7.5,9.9,3.6,3.4,7.2,2.2,2.2,1.3
Jharkhand,Hazaribagh,66.8,66.6,67.5,55.6,55.2,57.1,46.1,47.1,42.1,0.3,0.3,0.2,0.6,0.5,1.2,2.5,2,4.5,5.5,4.9,7.9,0.1,0.1,0.2,11.2,11.4,10.4,5.3,5.5,4.2,1.9,1.6,2.9,3.5,3.6,2.8
Jharkhand,Kodarma,51.6,49.5,62.4,43.2,40.5,56.6,38.7,37.4,44.9,0.2,0.2,0.6,0.4,0.2,1.2,1.3,1.1,2.4,2.1,1.4,5.7,0.1,0,0.2,8.4,9,5.8,4.3,4.5,3.5,0.4,0.4,0.5,2.6,2.8,1.4
Jharkhand,Lohardaga,49.9,48,63.7,33.5,31.9,44.7,23.7,23.2,27.2,0.9,0.8,1.2,1.1,0.9,1.8,3.6,3.4,5,3.9,3.2,8.7,0,0,0,16.5,16.1,19,8.7,8.4,10.9,3.9,3.4,6.8,1,1.1,0.9
Jharkhand,Pakaur,45.6,43.8,NA,30.2,29,NA,20.5,19.8,NA,0.7,0.7,NA,0.5,0.5,NA,4.8,4.7,NA,2.3,2.1,NA,0.1,0.1,NA,15.4,14.8,NA,7.7,6.9,NA,3.2,3.2,NA,1.5,1.6,NA
Jharkhand,Palamu,54.1,53.2,67.7,42.8,42,55.3,37.4,37.5,36.5,0.7,0.3,6.9,0.2,0.2,0.5,1.9,1.8,4.5,1.9,1.8,4.5,0.1,0.1,0.6,11.3,11.2,12.4,5.3,5.3,5.1,0.6,0.5,1.6,4.3,4.3,4.8
Jharkhand,Pashchimi Singhbhum,39.4,35.4,56.1,32.3,28,50.2,21.6,18.9,32.8,0.5,0.5,0.5,1.2,0.9,2.2,6.1,5.7,7.7,2.5,1.6,6.5,0.1,0.1,0.1,7.1,7.4,5.9,1.7,1.6,2.2,1.2,1.1,1.7,0.5,0.3,1.6
Jharkhand,Purbi Singhbhum,65.2,61.9,67.6,51,48.2,53,29.9,29.1,30.5,0.2,0,0.3,1.4,0.6,2.1,8.9,12.3,6.5,10.1,6.1,12.9,0.1,0,0.1,14.2,13.7,14.6,9.5,8.5,10.2,2.7,1.4,3.6,0.4,0.4,0.4
Jharkhand,Ranchi,55.8,49.9,64.7,42.4,39.6,46.6,29.1,29.2,28.9,0.8,0.9,0.6,1.6,1.5,1.8,4,3.4,4.9,6.5,4.3,9.7,0.1,0,0.1,13.4,10.3,18.1,6.9,4.4,10.6,3.6,2.7,5,2,1.8,2.3
Jharkhand,Sahibganj,44,42.2,58.7,33.3,31.9,44.6,26.2,25,35.5,0.3,0.3,0.7,0.6,0.6,0.8,3.2,3.1,3.7,2.2,2,3.3,0.1,0.1,0.1,10.7,10.3,14.1,4.4,3.9,8.7,1.3,1.1,3.4,2.5,2.7,1.4
Madhya Pradesh,Balaghat,70.8,69.2,79.1,69.5,67.9,78,49.2,48.6,52.1,13.5,16,0.6,0.2,0.2,0.3,0.5,0.5,0.5,6.1,2.6,24.4,0,0,0,1.2,1.2,1.1,0.7,0.7,0.7,0,0,0,0.5,0.5,0.3
Madhya Pradesh,Barwani,61.4,61.2,62,57.9,58.3,56.4,51.9,54.3,41.7,0.7,0.6,1.4,0.5,0.4,1,1.9,1.3,4.4,2.7,1.5,7.5,0.2,0.2,0.4,3.5,2.9,5.6,3.3,2.8,5.4,0,0,0,0,0.1,0
Madhya Pradesh,Betul,76.9,75.9,81.1,71.8,71.1,74.8,61.7,64.3,51,0.2,0.2,0.2,0.4,0.5,0.1,1,0.9,1.8,8.3,5.1,21.7,0,0,0,5.1,4.8,6.3,1.5,1.8,0.2,0.4,0.4,0,0.3,0.3,0
Madhya Pradesh,Bhind,60.6,61.1,59.8,53.2,52.9,53.9,44.1,46,40.9,0.2,0.2,0.2,0.1,0.1,0.2,0.7,0.5,1.1,8,5.9,11.4,0,0,0.1,7.4,8.2,5.9,3.9,4.4,3,0.1,0.1,0.1,3.3,3.7,2.7
Madhya Pradesh,Bhopal,62.9,65.6,62.4,60,60.4,59.9,34.9,46.2,33,0.7,0.3,0.7,0.9,0.2,1,2.8,1.6,3.1,20.4,12.1,21.8,0.1,0,0.1,2.9,5.2,2.5,1.6,1.6,1.6,0.2,0.3,0.2,0.9,3.2,0.5
Madhya Pradesh,Chhatarpur,62.5,68.5,44.8,55.4,60.9,39,46.5,49.6,37.6,0.3,0.4,0.1,0.4,0.5,0,2.5,3.2,0.6,5.4,6.9,0.8,0.2,0.2,0,7.1,7.6,5.9,6,6.6,4.2,0.1,0.1,0,0.9,0.6,1.5
Madhya Pradesh,Chhindwara,68.9,68.8,69.3,67.8,67.8,67.9,56.1,53.6,62.5,2.2,1.7,3.8,0.1,0.2,0.1,0.7,0.7,1,8.5,11.6,0.2,0,0,0.1,1.1,1,1.4,0.1,0.1,0.2,0,0,0,0.3,0.2,0.4
Madhya Pradesh,Damoh,84.5,87.2,74.8,72.8,76.4,59.7,61.9,66.3,45.9,1.7,1.9,1,0.4,0.3,0.5,1.4,1.6,0.6,5.6,3.9,11.4,0.1,0,0.1,11.7,10.8,15.2,4.6,5.2,2.4,2.7,2,5.2,3.2,2.5,5.5
Madhya Pradesh,Datia,65.5,67.2,61.5,59.9,61.9,55.4,54.1,59.1,42.6,0.4,0.3,0.5,0.1,0,0.3,0.6,0.2,1.5,4.7,2.3,10.4,0,0,0.1,5.6,5.3,6.1,3.3,2.8,4.5,0.1,0.1,0.2,2,2.4,1.1
Madhya Pradesh,Dewas,63.4,62.7,64.8,62.2,61.6,63.4,53.1,56,47.3,0.6,0.7,0.4,0.2,0.2,0.2,1.4,1.2,1.9,6.9,3.5,13.4,0,0,0.1,1.2,1.1,1.4,0.1,0.1,0.2,0.2,0.1,0.4,0.8,0.9,0.7
Madhya Pradesh,Dhar,64.5,62.6,72,61.7,60.5,66.5,56.6,57,54.6,0.6,0.6,0.5,0.3,0.2,0.8,1,0.9,1.4,2.9,1.8,7.8,0.3,0.1,1.3,2.7,2.1,5.5,2.6,1.9,5.2,0,0,0.1,0,0,0.1
Madhya Pradesh,Dindori,59.6,59.4,NA,59,58.8,NA,56.6,56.4,NA,0.3,0.3,NA,0.1,0.1,NA,0.7,0.7,NA,0.5,0.6,NA,0.8,0.8,NA,0.7,0.6,NA,0.3,0.2,NA,0,0,NA,0.1,0.1,NA
Madhya Pradesh,East Nimar,67.2,69,62,65,66.4,60.8,56.3,60.3,44.6,0.7,0.6,0.8,0.2,0.2,0.4,0.8,0.8,1,6.8,4.4,13.9,0.1,0.1,0,2.3,2.6,1.2,0.2,0.2,0.1,0.2,0.1,0.4,1.8,2.2,0.6
Madhya Pradesh,Guna,60.7,60.1,62.5,55.7,54.2,59.7,44.3,47,36.7,0.6,0.5,1,0.2,0.2,0.2,1.7,1.4,2.4,8.8,5.1,19.1,0.1,0,0.3,5,5.9,2.7,0.2,0.3,0.1,0.2,0.1,0.2,4.6,5.4,2.4
Madhya Pradesh,Gwalior,61.1,64.6,59.7,56.3,58.7,55.3,39.6,50.7,35,0.4,0.2,0.5,0.5,0.2,0.6,1.8,0.9,2.1,13.9,6.7,16.9,0.1,0.1,0.1,4.8,5.9,4.3,2.9,4,2.4,0.2,0.2,0.2,1.6,1.6,1.6
Madhya Pradesh,Harda,65.6,62.3,79.3,65,61.6,78.9,54.2,53.8,55.4,3.1,0.7,12.6,0.2,0.1,0.5,3.2,3.2,3.3,4.3,3.6,7,0,0.1,0,0.6,0.7,0.4,0.1,0.1,0.2,0,0,0.1,0.1,0.1,0
Madhya Pradesh,Hoshangabad,60,57.9,64,59.6,57.9,62.7,49.8,50.8,47.9,3.3,5,0.3,0.1,0,0.2,1.1,0.2,2.8,5.2,1.9,11.3,0,0,0.1,0.5,0,1.3,0.2,0,0.6,0,0,0,0,0,0
Madhya Pradesh,Indore,66.3,72.1,64.6,64.6,71,62.7,45.9,62.7,40.7,0.6,0.4,0.7,0.5,0.1,0.6,1.9,1.2,2.1,15.7,6.4,18.5,0.1,0.1,0,1.7,1.1,1.9,0.9,0.2,1.1,0.2,0.2,0.2,0.6,0.7,0.5
Madhya Pradesh,Jabalpur,65.6,68.7,63.5,60.6,62.6,59.4,50.2,56.6,45.9,0.5,0.4,0.5,0.1,0.2,0.1,0.8,1.9,0.1,8.9,3,12.8,0.2,0.3,0,4.9,6.1,4.1,4.5,6.1,3.4,0,0,0,0.4,0,0.6
Madhya Pradesh,Jhabua,52,50.8,62.3,51.3,50.1,61.3,46.8,46.8,46.9,0.7,0.7,0.9,0.3,0.2,0.9,0.5,0.4,0.9,2.8,1.8,11.2,0.1,0.1,0.5,0.8,0.7,1,0.4,0.4,0.6,0.1,0.1,0,0.1,0.1,0.2
Madhya Pradesh,Katni,68.3,67.3,70.8,54.8,53.7,57.6,48.7,48.2,49.8,0.4,0.4,0.4,0.3,0.3,0.4,1.4,1.3,1.6,3.8,3.4,5.1,0.1,0.1,0.2,13.5,13.5,13.3,5.3,5.1,5.9,0,0,0,0.8,0.7,1.2
Madhya Pradesh,Mandla,62.4,62,65.8,61.5,61.1,65.2,54.7,53.6,64.1,0.3,0.3,0.4,0.2,0.2,0.1,0.9,1,0.5,5.3,5.9,0.1,0.1,0.1,0,0.9,0.9,0.5,0.2,0.2,0.5,0,0,0,0.2,0.2,0
Madhya Pradesh,Mandsaur,61.1,60.7,62.5,58.3,57.8,59.8,46.6,48.8,39.5,1.3,1.4,1,0.3,0.3,0.5,1,0.8,1.6,9.1,6.6,17,0,0,0.1,2.8,2.9,2.6,1.4,1.5,1,0.2,0.3,0.1,1.1,1,1.5
Madhya Pradesh,Morena,51.9,51.3,53.2,47.1,48.5,43.9,38.2,44.4,24.3,0.8,0.6,1.3,0.6,0.1,1.7,1.3,0.7,2.6,6,2.7,13.5,0.1,0.1,0.3,4.8,2.9,9.3,3.5,1.9,7.1,0.3,0.2,0.6,0.8,0.7,1.2
Madhya Pradesh,Narsimhapur,75.1,77.5,61.8,73.6,75.9,61.1,62.1,63.2,56.3,0.7,0.6,1.4,0.1,0.1,0.1,0.2,0.1,0.2,10.2,11.6,2.2,0.4,0.3,0.7,1.5,1.6,0.7,1,1.1,0.4,0.2,0.2,0,0.3,0.4,0
Madhya Pradesh,Neemuch,62.6,60.8,66.3,58.8,56.9,62.7,45.9,49.2,39.3,1.2,1.2,1.1,0.1,0.1,0.2,0.7,0.6,0.9,10.7,5.5,21.1,0,0,0,3.8,3.9,3.6,2.4,2.8,1.6,0.3,0.3,0.3,1,0.8,1.5
Madhya Pradesh,Panna,61.9,62,61.8,56.3,57.3,51.2,49.9,52.8,33.9,0.2,0.2,0.2,0.4,0.2,1.4,1.9,0.7,8.6,3.7,3.2,6.9,0.1,0.1,0.2,5.6,4.7,10.6,4.3,3.3,10,0.1,0.1,0.1,0.9,1.1,0.1
Madhya Pradesh,Raisen,47,45.3,52.3,41.9,39.9,48,41.7,39.7,47.6,0,0,0,0,0,0,0,0,0,0.2,0.2,0.4,0,0,0,5.1,5.4,4.3,5,5.3,4.1,0,0,0,0,0,0.1
Madhya Pradesh,Rajgarh,62.9,62.1,67.3,59.8,58.7,65.6,44,44.8,39.8,0.5,0.6,0.2,0.2,0.2,0.2,2.2,2.1,2.9,12.5,10.7,22.4,0.3,0.3,0.2,3.1,3.3,1.7,0.4,0.4,0.5,1.6,1.8,0.1,0.8,0.8,1.1
Madhya Pradesh,Ratlam,60.8,62.5,58.9,56.5,57.4,55.5,42.2,50.9,32.1,1.7,1.1,2.5,0.6,0.3,0.9,1.3,0.8,1.9,10.6,4.3,18,0.1,0,0.1,4.3,5.1,3.4,3.3,4,2.5,0.2,0.1,0.4,0.7,1,0.4
Madhya Pradesh,Rewa,52.3,52.1,53.2,47.4,47.6,46.4,42.2,43.6,34.6,1.5,1.4,1.7,0.2,0,0.9,0.7,0.6,1,2.7,1.7,7.6,0.2,0.1,0.7,4.9,4.5,6.8,3.6,3,6.5,0.2,0.2,0.1,0.9,1.1,0
Madhya Pradesh,Sagar,63.5,64.2,62.1,51.2,48.5,56.6,43.3,41.4,47.2,2.7,2.7,2.6,1.4,0.9,2.4,2,1.1,3.7,1.6,2.1,0.6,0.1,0.2,0,12.3,15.7,5.5,8.5,10.9,3.6,0.2,0.2,0.2,3.4,4.3,1.5
Madhya Pradesh,Satna,58.8,56.9,63.7,52.8,50.6,58.3,46.3,43.8,52.5,1.6,1.2,2.7,0.7,1,0.1,1,0.5,2.1,2.3,2.9,0.9,0,0,0,6,6.2,5.5,2.5,2.2,3,1.1,1.6,0,1.7,1.6,2.1
Madhya Pradesh,Sehore,60.6,59.9,63.4,58.6,58,61.4,41.7,44.3,31.1,1.2,1.2,1.1,0.7,0.6,1,3.6,3.3,4.7,11.2,8.2,23.5,0.2,0.2,0,1.9,1.9,1.9,0.6,0.6,0.5,0.5,0.4,0.9,0.6,0.7,0
Madhya Pradesh,Seoni,72,73.1,62.4,70.3,71.2,62.2,65.3,66.5,54.9,0.9,1,0,0,0,0.4,0.7,0.6,1.5,3.2,2.9,5.5,0.1,0.1,0,1.7,1.9,0.1,1.4,1.6,0,0,0,0,0.2,0.2,0.1
Madhya Pradesh,Shahdol,56.8,53.8,65.3,55.1,52.2,63.5,47.4,45.8,52.3,2.7,2.7,2.6,0.3,0.2,0.7,0.8,0.5,1.4,3.6,2.9,5.9,0.1,0.1,0.2,1.6,1.6,1.7,0.9,1.1,0.6,0.3,0.1,1,0.2,0.2,0
Madhya Pradesh,Shajapur,65.9,66.6,63.8,64.5,65.5,61.4,48.4,53.2,33.5,1.4,1.7,0.5,0.2,0.1,0.5,1.7,1.1,3.8,12.7,9.4,23,0,0,0.1,1.4,1.1,2.3,0.2,0.2,0.1,0.4,0.4,0.3,0.6,0.4,1.3
Madhya Pradesh,Sheopur,55.9,55.8,56.3,52.2,52.2,52.3,49.2,50.2,44,0.7,0.8,0.1,0.1,0.1,0.1,0.5,0.4,1.1,1.7,0.7,6.8,0,0,0.1,3.7,3.7,4,0.4,0.1,2.4,0.1,0,0.7,3.1,3.5,0.7
Madhya Pradesh,Shivpuri,60.7,60.8,60.4,58,57.8,59.1,52.3,53.7,44.6,0.4,0.3,0.5,0.2,0.1,0.4,1.6,1.4,2.8,3.4,2.2,10.7,0,0,0.1,2.7,3,1.3,0.1,0.2,0.1,0.1,0.1,0.1,2.4,2.7,1.2
Madhya Pradesh,Sidhi,51,50,57.3,50.1,48.9,57.2,36.4,36.2,37.6,0.9,0.9,1,0.1,0.1,0.2,2.6,2.8,1.2,9.9,8.8,16.9,0.1,0.1,0,0.9,1,0.1,0.5,0.6,0,0.1,0.1,0,0,0,0
Madhya Pradesh,Tikamgarh,67.3,70.1,56,62.9,65.8,50.8,57.2,60,45.8,0.4,0.4,0.4,0.7,0.8,0.1,1.2,1.1,1.3,3.1,3.1,2.9,0.1,0,0.2,4.4,4.3,5.2,2.5,2.2,3.7,1.2,1.4,0.1,0.5,0.4,1
Madhya Pradesh,Ujjain,66.1,67.4,64.3,63,63.7,62,48.8,55.6,38.3,0.5,0.4,0.7,0.5,0.2,0.9,2.2,1.4,3.4,11,6.1,18.5,0,0,0,3.1,3.7,2.3,1.2,1.3,1.1,0.1,0.1,0.2,1.7,2.2,0.9
Madhya Pradesh,Umaria,61.8,61.1,64.6,57.7,56.9,61.1,50.6,49.6,54.8,1,0.9,1.5,0.2,0.3,0.1,0.7,0.8,0.3,4.9,5.2,4.1,0.1,0.1,0.2,4.1,4.3,3.4,1.7,1.7,1.8,0.2,0.3,0,0.3,0.3,0.3
Madhya Pradesh,Vidisha,61.5,62.1,60.2,57.8,57.6,58.3,49.8,51.2,46.4,0.5,0.6,0.2,0,0,0.1,1.3,0.5,3.3,6.1,5.2,8.4,0,0,0.1,3.7,4.5,1.9,3.7,4.5,1.6,0,0,0.1,0,0,0
Madhya Pradesh,West Nimar,68,68.4,66.1,66.5,66.9,64.3,59.5,62.5,44.3,0.5,0.4,1.3,0.6,0.4,1.6,1.4,1,3.7,4.1,2.5,11.9,0.4,0.2,1.4,1.5,1.5,1.8,0.3,0.4,0.1,0.2,0.1,0.5,1,0.9,1
Odisha,Anugul,76.53,76.55,76.47,39.97,39.78,40.87,22.78,23.07,21.37,0.11,0.09,0.22,0.58,0.51,0.94,14.87,14.94,14.54,1.42,1.04,3.3,0.05,0.04,0.13,36.57,36.76,35.6,11.77,11.55,12.89,21.6,22.27,18.29,2.83,2.63,3.84
Odisha,Balangir,66.9,66.47,71.62,42.89,42.08,51.85,32.55,32.81,29.72,0.07,0.05,0.25,0.2,0.14,0.87,8.89,8.3,15.29,1.1,0.73,5.22,0.03,0.02,0.25,24,24.39,19.77,10.67,10.98,7.34,10.8,10.76,11.19,1.42,1.46,0.99
Odisha,Baleshwar,78.85,78.69,79.95,63.57,63.76,62.19,34.31,34.93,29.96,0.05,0.01,0.29,0.23,0.19,0.51,27.5,27.64,26.46,1.43,0.94,4.82,0.01,0.01,0.07,15.28,14.93,17.76,3.17,3.31,2.19,11.11,10.63,14.47,0.89,0.88,1.02
Odisha,Bargarh,59.45,59.03,64.03,46.14,46.3,44.38,35.04,35.61,28.77,0.08,0.08,0.08,0.35,0.3,0.82,9.61,9.34,12.58,0.96,0.87,1.97,0.07,0.06,0.08,13.3,12.73,19.64,3.18,3.01,5.01,7.69,7.41,10.77,1.76,1.6,3.53
Odisha,Baudh,32.52,31.83,NA,31.39,30.71,NA,18.32,17.88,NA,0.11,0.11,NA,0.14,0.13,NA,12.46,12.24,NA,0.27,0.25,NA,0.03,0.03,NA,1.13,1.11,NA,0.27,0.27,NA,0.29,0.26,NA,0,0,NA
Odisha,Bhadrak,66.9,67.26,64.27,54.46,54.53,54.02,31.61,32.52,24.8,0.05,0.04,0.14,0.11,0.12,0.07,21.43,20.67,27.18,1.08,1.03,1.4,0.06,0.05,0.07,12.44,12.73,10.26,4.86,4.48,7.73,4.97,5.45,1.33,2.44,2.61,1.12
Odisha,Cuttack,71.38,73.43,65.45,49.95,49.6,50.98,38.15,38.48,37.18,0.18,0.1,0.43,0.42,0.36,0.61,9.2,9.12,9.43,1.71,1.28,2.96,0.17,0.14,0.24,21.43,23.83,14.47,6.96,6.45,8.46,14.17,17.04,5.86,0.18,0.24,0
Odisha,Debagarh,67.42,66.6,75.97,43.81,43.04,51.82,21.44,21.22,23.74,0.04,0,0.41,1.18,1.09,2.03,16.74,16.66,17.64,4.25,3.98,7.05,0.05,0.03,0.27,23.61,23.56,24.15,6.49,5.81,13.57,12.39,12.82,8,3.72,3.85,2.31
Odisha,Dhenkanal,72.91,72.73,74.8,49.03,49.42,45,35.38,36.51,23.69,0.17,0.16,0.25,0.24,0.2,0.62,12.53,11.98,18.2,0.61,0.48,1.87,0.04,0.03,0.12,23.88,23.32,29.79,4.84,4.52,8.23,17.06,16.82,19.57,1.74,1.75,1.62
Odisha,Gajapati,63.97,62.96,71.54,61.39,60.25,69.91,56.6,55.97,61.32,2.11,2.29,0.7,0.11,0.05,0.58,2.17,1.67,5.92,0.28,0.18,1.05,0.03,0,0.23,2.58,2.7,1.63,0.37,0.41,0.12,1.41,1.42,1.28,0,0,0
Odisha,Ganjam,61.76,60.82,66.53,55.37,54.81,58.24,45.61,46.16,42.9,0.26,0.15,0.78,0.19,0.1,0.63,7.6,6.96,10.8,1.16,0.83,2.82,0.44,0.5,0.16,6.39,6.01,8.3,0.14,0.12,0.23,5.5,5.02,7.91,0.31,0.36,0.08
Odisha,Jagatsinghapur,77.65,78.13,74,50.77,49.27,62.33,38.21,36.92,48.28,0.22,0.23,0.1,0.25,0.26,0.2,9.83,9.78,10.29,2.13,2.02,2.97,0.05,0.02,0.3,26.89,28.85,11.67,10.48,11.18,5.05,16.07,17.39,5.84,0.26,0.2,0.69
Odisha,Jajapur,74.21,74.11,NA,45.33,45.31,NA,31.57,32.25,NA,0.06,0.06,NA,0.17,0.17,NA,12.06,11.42,NA,1.37,1.33,NA,0.03,0.03,NA,28.89,28.79,NA,10.75,10.86,NA,15.32,15.15,NA,2.62,2.58,NA
Odisha,Jharsuguda,69.18,65.81,74.51,54.64,53.66,56.18,31.38,31.4,31.35,0.13,0.14,0.13,0.68,0.52,0.93,16.54,16.49,16.6,5.57,4.79,6.8,0.08,0.05,0.13,14.54,12.15,18.33,4.26,4.32,4.16,8.73,6.19,12.77,1.34,1.41,1.23
Odisha,Kalahandi,42.89,41.98,49.95,42.45,41.57,49.28,37.36,37.32,37.7,0.09,0.05,0.4,0.28,0.08,1.88,4.2,3.8,7.27,0.41,0.2,2.02,0.11,0.12,0,0.44,0.41,0.67,0,0,0,0.02,0,0.13,0.01,0.01,0
Odisha,Kandhamal,33.9,32.33,49.31,33.08,31.47,48.9,19.87,19.36,24.86,0.11,0.11,0.14,0.48,0.44,0.81,11.43,10.76,17.97,0.99,0.62,4.59,0.07,0.05,0.27,0.82,0.86,0.41,0.03,0.04,0,0.05,0.05,0,0,0,0
Odisha,Kendrapara,73.21,73.45,69.41,51.41,51.83,44.85,27.43,28.15,16.15,0.15,0.14,0.27,0.36,0.36,0.27,20.43,20.27,22.83,2.82,2.7,4.81,0.02,0.02,0,21.8,21.62,24.56,5.33,5.13,8.41,14.52,14.5,14.95,1.85,1.89,1.2
Odisha,Kendujhar,66.03,63.18,79.02,41.76,41.25,44.07,27.95,29.54,20.75,0.07,0.03,0.24,0.35,0.3,0.56,11.25,9.76,18.01,2.01,1.54,4.13,0.02,0.01,0.08,24.28,21.93,34.95,11.7,11.13,14.32,8.59,6.47,18.21,2.81,3.04,1.75
Odisha,Khordha,63.75,59.3,68.71,42.51,44.72,40.09,25.74,31.51,19.36,0.31,0.19,0.44,0.73,0.42,1.09,11.85,10.98,12.83,3.52,1.45,5.82,0.1,0.07,0.13,21.24,14.58,28.62,1.4,1.88,0.88,19.35,12.16,27.31,0.37,0.41,0.33
Odisha,Koraput,40.28,42.6,29.81,33.57,35.3,25.74,28.71,29.95,23.09,2.34,2.81,0.19,0.06,0.05,0.09,2.06,2.09,1.89,0.15,0.1,0.38,0.21,0.25,0,6.71,7.3,4.07,5.75,6.19,3.79,0.01,0.01,0,0,0,0
Odisha,Malkangiri,40.06,39.39,47.62,37.61,36.77,47.1,30.46,30.36,31.61,0.52,0.56,0.1,0.19,0.16,0.51,5.27,4.68,12.01,1.03,0.88,2.67,0.12,0.13,0,2.45,2.62,0.51,0.04,0.04,0,0.02,0.02,0,0,0,0
Odisha,Mayurbhanj,70.8,70.24,78.15,43.38,43.05,47.68,30.32,30.83,23.51,0.56,0.48,1.58,0.52,0.49,1.05,10.65,10.15,17.21,1.3,1.07,4.33,0.01,0.01,0,27.42,27.19,30.47,12.04,11.7,16.55,9.9,9.77,11.56,4.41,4.56,2.36
Odisha,Nabarangapur,40.12,39.41,NA,38.13,37.46,NA,35.81,35.43,NA,0.31,0.25,NA,0.11,0.1,NA,1.77,1.57,NA,0.1,0.07,NA,0.02,0.02,NA,1.98,1.95,NA,0.02,0.02,NA,0.04,0.03,NA,0,0,NA
Odisha,Nayagarh,59.6,59.49,NA,45.51,45.5,NA,33.8,33.96,NA,0.15,0.14,NA,0.18,0.17,NA,9.93,9.83,NA,1.26,1.22,NA,0.11,0.11,NA,14.09,13.99,NA,4.43,4.43,NA,8.89,8.8,NA,0.6,0.58,NA
Odisha,Nuapada,36.2,36.02,NA,35.42,35.23,NA,33.14,33.08,NA,0.21,0.22,NA,0.16,0.14,NA,1.66,1.62,NA,0.19,0.1,NA,0.07,0.07,NA,0.77,0.8,NA,0,0,NA,0.03,0.04,NA,0,0,NA
Odisha,Puri,57.48,55.7,66.81,47.46,47.83,45.56,34.96,36.53,26.78,0.08,0.08,0.11,0.78,0.6,1.72,10.48,9.77,14.17,1.01,0.73,2.47,0.05,0.04,0.11,10.02,7.87,21.25,1.55,1.47,1.93,8.35,6.26,19.26,0.06,0.07,0.05
Odisha,Rayagada,43.11,39.8,58.19,42.5,39.08,58.03,38.64,35.76,51.75,1.58,1.57,1.63,0.19,0.2,0.16,1.91,1.49,3.8,0.12,0.04,0.47,0.02,0.01,0.08,0.62,0.72,0.16,0.05,0.06,0,0.02,0.03,0,0,0,0
Odisha,Sambalpur,63.03,59.58,68.39,49.38,46.15,54.41,29.65,28.97,30.71,0.22,0.16,0.3,0.46,0.31,0.7,14.36,13.84,15.18,4.52,2.75,7.27,0.06,0.05,0.06,13.64,13.42,13.99,4.29,5.39,2.58,6.24,4.77,8.52,2.34,2.18,2.58
Odisha,Sonapur,46.39,45.05,67.7,42.42,42.01,48.94,28.47,28.37,30.19,0.07,0.07,0,0.21,0.22,0.18,13.13,12.88,17.15,0.4,0.34,1.43,0.06,0.06,0,3.97,3.04,18.76,0.33,0.21,2.32,3.32,2.53,16.08,0.01,0,0.18
Odisha,Sundargarh,59.17,55.83,65.49,41.18,40.76,41.98,28.34,29.53,26.08,0.12,0.1,0.14,0.69,0.68,0.7,7.83,8.02,7.49,4.11,2.3,7.52,0.06,0.06,0.06,17.98,15.07,23.5,1.96,1.27,3.25,13.1,10.41,18.2,2.04,2.18,1.77
Rajasthan,Ajmer,70.6,67.4,75,59.4,56.1,64.1,45.1,48.2,40.9,0.4,0.1,0.9,1.1,0.5,2,3.3,2.6,4.3,9,4.4,15.4,0.2,0.1,0.4,11.2,11.4,10.9,4.1,3.7,4.7,0.7,0.3,1.3,6.1,7.2,4.6
Rajasthan,Alwar,74.5,73.9,79.9,64.2,63.9,66.6,54.7,56.2,41.5,0.5,0.5,0.5,0.6,0.6,1,1.1,0.9,3.1,6.8,5.3,19.6,0.2,0.2,0.2,10.4,10,13.3,2.6,2.7,1.8,0.4,0.3,1.1,1.3,1.2,2.1
Rajasthan,Banswara,76.3,76.9,NA,69.4,69.9,NA,49.9,50.7,NA,0.2,0.2,NA,0.3,0.1,NA,1,0.9,NA,18.1,17.9,NA,0,0,NA,6.9,7,NA,3.5,3.4,NA,0.6,0.6,NA,2.7,2.9,NA
Rajasthan,Baran,66.1,65.3,70.8,56.7,55.6,63.4,46.8,47.9,40.7,0.2,0.2,0.3,0.2,0.2,0.2,2.7,1.7,8.2,6.6,5.4,13.7,0.1,0.1,0.1,9.4,9.8,7.4,4.5,4.6,4.2,1.1,1,1.6,3.7,4.1,1.4
Rajasthan,Barmer,63.6,63.2,68.5,47.9,47,57,37,36.7,39.4,0.1,0.1,0,1.2,1.2,1.6,2.9,2.8,3.9,6.6,6.2,11.6,0,0,0.4,15.8,16.2,11.5,11.6,11.9,8.3,0.8,0.7,1.9,3.1,3.3,0.9
Rajasthan,Bharatpur,68.2,67.6,70.6,49.8,48.9,53.4,42.5,43.8,37.1,0,0.1,0,0.6,0.3,2.1,1,0.9,1.2,5.4,3.7,12.5,0,0,0.2,18.5,18.7,17.3,13.9,14.7,10.8,2,1.5,4.3,1.9,2,1.5
Rajasthan,Bhilwara,64.9,63.3,71.2,58.5,57.3,63.6,41.8,42.8,37.8,0.4,0.3,0.5,0.4,0.2,1,1.8,1.6,2.6,14.1,12.3,21.4,0,0,0,6.3,6,7.6,3.8,3.7,4.3,1.3,1.1,1.9,0.9,0.8,1
Rajasthan,Bikaner,71.7,69.2,75.2,66.2,64.6,68.5,46.7,53,37.9,0.5,0.5,0.4,0.8,0.6,1.1,2,1.4,2.8,15.9,8.7,26.1,0.1,0.1,0.1,5.5,4.6,6.7,1.7,1.7,1.7,1.8,1.1,2.7,1.9,1.8,2.1
Rajasthan,Bundi,59.8,57,69.4,55.8,52.9,65.9,45.8,46.4,43.5,0.5,0.4,0.5,0.4,0.2,1,2.3,1.8,3.9,6.5,3.7,16.3,0.2,0.2,0.2,4,4.1,3.6,1.9,2.3,0.6,1.3,1,2.5,0.4,0.5,0.3
Rajasthan,Chittaurgarh,72.9,72.7,73.7,67.8,68.8,63.7,46.2,47.6,40.2,0.4,0.2,1.4,2.8,3.3,0.7,1.5,0.9,4.6,16.7,16.8,16.6,0,0,0,5,3.9,9.9,3.7,2.8,7.5,0.4,0.4,0.1,0.8,0.5,2.2
Rajasthan,Churu,66.7,69.2,59.8,63.4,65.3,58,51.3,54.8,41.4,1.1,1.2,0.7,0.3,0.3,0.5,2.6,1.6,5.4,8,7.4,9.7,0.1,0,0.2,3.3,3.9,1.8,1.1,1.4,0.2,1.2,1.2,1.3,0.9,1.2,0.2
Rajasthan,Dausa,70.6,70.9,66.7,59.8,60.6,51.9,50.4,51.8,36.5,0.2,0.3,0,0.8,0.7,1.5,2.1,1.9,4.4,5.7,5.3,9.2,0.4,0.5,0.2,10.8,10.4,14.8,1.8,1.5,4.9,1.2,1.1,2,7.4,7.5,7.1
Rajasthan,Dhaulpur,56.5,54,63.5,48.9,47.3,53.4,35.6,35.9,34.6,0.1,0.2,0,0.4,0.2,1.1,3.1,2.5,4.7,9.5,8.4,12.6,0.2,0.1,0.3,7.6,6.7,10.1,5.9,5.1,8.2,0.8,0.7,1,0.6,0.6,0.6
Rajasthan,Dungarpur,72.1,71,83.3,69.8,69,78.6,52.5,51.8,60.3,0.2,0.2,0.4,0.3,0.2,0.8,1.2,1,3.4,15.6,15.7,13.6,0,0,0,2.3,2.1,4.6,1,0.9,2,0.8,0.8,1,0.5,0.3,1.6
Rajasthan,Ganganagar,84.7,84.7,84.8,81.3,81.6,80.4,51.5,57.8,36,0.6,0.5,1,2.7,1.7,5.4,0.9,0.8,1.2,25.3,20.7,36.6,0.1,0.1,0.1,3.4,3,4.4,3.1,2.8,3.8,0.2,0.1,0.4,0.1,0.1,0.1
Rajasthan,Hanumangarh,90.4,91,88.4,83.7,84,82.3,62.3,66.3,47.3,0.4,0.4,0.4,1.7,1.3,3.4,1.2,0.9,2.4,17.9,15,28.6,0.1,0.1,0.1,6.8,7,6.1,4.6,4.9,3.4,0.1,0.1,0.3,2.1,2,2.4
Rajasthan,Jaipur,75.1,74.1,76.1,66.4,67.2,65.7,49.5,60.5,38.7,0.3,0.2,0.5,1,0.4,1.6,3.4,1.7,5,11.8,4.1,19.3,0.1,0.1,0.1,8.7,6.9,10.4,3.8,2.9,4.7,2.7,1.3,4.1,2,2.5,1.4
Rajasthan,Jaisalmer,63.9,62.2,71.1,58.2,56.3,66.3,49.3,51.5,40.1,0.2,0.2,0.6,1.8,1.3,4.1,2.7,1.3,8.5,3.6,1.5,12.4,0.2,0.1,0.6,5.7,5.9,4.9,1.1,1.1,1,1.3,1,2.6,3.3,3.8,1.1
Rajasthan,Jalor,60,59.1,68.6,54.4,53.9,60.1,41.5,41.5,41.6,0.1,0.1,0,3.4,3.4,3.6,3,2.9,4.3,6.2,5.9,9.9,0,0,0,5.5,5.3,8.5,3.5,3.3,6.3,0.7,0.6,1.6,1.2,1.3,0.6
Rajasthan,Jhalawar,64.8,64.1,68.9,57.2,56.5,61.3,44,45.5,35.5,0.3,0.4,0.3,0.1,0.1,0.3,4.8,4.7,5.1,7.8,5.7,19.8,0.1,0.1,0.1,7.6,7.6,7.5,4.1,3.9,5,0.8,0.6,1.6,2.5,2.7,0.9
Rajasthan,Jhunjhunun,77.4,76.8,79.1,66.4,67,64.7,53.9,58.2,41.2,0.8,1,0.3,0.3,0.1,0.8,3.7,1.8,9.2,7.4,5.7,12.6,0.1,0,0.4,11,9.8,14.4,3.1,3,3.3,4.2,3,7.7,3.6,3.6,3.4
Rajasthan,Jodhpur,74,69.9,80.3,62,57.9,68.2,42.9,48.2,34.8,1.3,1.4,1.1,1.5,1.1,2.2,4.3,2.2,7.4,11.6,4.9,21.8,0.2,0.1,0.4,12,12,12.1,6.7,7.8,5.1,3.2,1.6,5.7,1.9,2.5,1
Rajasthan,Karauli,57.5,55.3,66,49.7,47.6,58.3,43.8,44.4,41.4,0.3,0.3,0.1,0.2,0.1,0.8,1,0.6,2.5,4.5,2.2,13.3,0,0,0.1,7.8,7.8,7.7,4.1,4.3,3.4,1.7,1.7,1.8,1.5,1.4,2.1
Rajasthan,Kota,72.9,75,71.3,67.2,69.6,65.3,44.1,49.8,39.6,0.4,0.4,0.4,1.9,2.4,1.6,3,2.2,3.7,17.3,14.5,19.6,0.1,0.1,0.1,5.7,5.4,6.1,3.4,4,2.9,0.8,0.3,1.2,1.4,0.7,1.9
Rajasthan,Nagaur,68.5,68.5,68.9,62.1,62.8,58.2,61,62.2,54.8,0.3,0.3,0,0,0,0.1,0.3,0.1,1.2,0.4,0.2,1.9,0.1,0.1,0.1,6.5,5.7,10.7,6.2,5.4,10.4,0,0,0,0.2,0.2,0.2
Rajasthan,Pali,62.2,59.8,69.8,58.6,55.6,67.8,43.9,44.6,42.1,0.2,0.2,0.3,0.4,0.2,1.1,2.1,1.5,3.9,11.7,8.9,20.1,0.1,0.1,0.2,3.6,4.2,2,1.3,1.4,0.7,0.6,0.6,0.6,1.6,1.9,0.6
Rajasthan,Rajsamand,66.2,64.2,76.8,62.7,60.8,72.9,41.2,40.5,45.4,0.3,0.4,0.1,1.7,0.4,8.7,4.8,4.9,4.4,14.4,14.5,13.9,0.1,0,0.1,3.5,3.4,3.9,1.5,1.4,1.9,0.1,0.1,0.3,1.7,1.6,1.8
Rajasthan,Sawai Madhopur,62.1,59.5,70.2,55.7,53.5,62.4,47,47.7,44.6,0.4,0.5,0.2,0.2,0.2,0.3,1.9,1.6,3,5.9,3.4,13.7,0.1,0,0.3,6.4,6,7.8,4.5,4.4,4.8,0.5,0.1,1.9,1.1,1.3,0.8
Rajasthan,Sikar,72.3,73.4,69.2,64.7,65.6,61.8,53.3,57.5,40.7,0.4,0.5,0.3,0.3,0.3,0.4,2.4,1.4,5.1,8,5.7,14.8,0.2,0.2,0.2,7.7,7.7,7.4,5,5.1,4.6,1,0.9,1.5,1.5,1.7,1.1
Rajasthan,Sirohi,60.3,58.9,67.5,54.7,53.9,58.8,38.4,38.3,38.7,0.2,0.2,0.1,1,0.5,3.8,4.5,4.7,3.4,10.4,10.1,11.9,0.1,0.1,0.2,5.6,5,8.7,3.3,2.7,6.4,0.4,0.4,0.6,1.7,1.7,1.6
Rajasthan,Tonk,54.8,52.8,61.3,50.5,48.7,56.3,40.9,43.2,33.8,0.5,0.6,0.3,0.4,0.2,1.1,2.1,1.5,4.2,6.2,2.9,16.6,0.1,0.1,0.1,4.3,4,5,3.3,3.4,2.9,0.2,0.1,0.6,0.6,0.4,1.4
Rajasthan,Udaipur,71.3,69.3,76.7,69.1,67.7,72.9,41.5,43.1,37.5,0.2,0.2,0.2,8.4,8.9,6.8,1.4,0.6,3.7,17.3,14.8,23.9,0.1,0,0.2,2.2,1.6,3.8,1,0.4,2.4,0.2,0,0.7,0.9,1,0.6
Uttar Pradesh,Agra,65.42,64.77,66.03,39.44,35.21,43.37,25.36,26.95,23.88,0.06,0.03,0.1,1.8,0.99,2.55,2.44,1.45,3.36,8.76,5.16,12.08,0.22,0.17,0.27,25.98,29.56,22.66,24.22,27.29,21.37,0.46,0.53,0.4,0.84,1.18,0.54
Uttar Pradesh,Aligarh,61.72,59.83,65.69,36.86,33.54,43.83,19.3,21.03,15.69,0.03,0.04,0,1.8,1.31,2.82,2.32,2.28,2.41,12.9,8.34,22.44,0.05,0.04,0.05,24.85,26.29,21.86,23.07,23.85,21.44,0.87,1.21,0.16,0.49,0.69,0.05
Uttar Pradesh,Allahabad,61.37,60.41,65.08,45.55,44.74,48.72,26.3,28.42,17.7,0.62,0.43,1.4,0.62,0.47,1.22,3.79,3.16,6.33,12.13,9.92,21.04,1.81,2.2,0.24,15.81,15.67,16.36,11.81,12.08,10.7,2.22,1.71,4.26,1.26,1.45,0.49
Uttar Pradesh,Ambedkar Nagar,58.73,57.98,NA,26.68,26.12,NA,9.68,9.84,NA,0.4,0.4,NA,0.32,0.26,NA,6.04,5.93,NA,8.88,8.43,NA,1.25,1.16,NA,32.05,31.86,NA,21.27,21.1,NA,3.78,3.62,NA,5.44,5.67,NA
Uttar Pradesh,Auraiya,67.73,67.46,68.93,34.23,32.4,42.6,15.4,14.99,17.24,0.1,0.09,0.15,1.78,1.92,1.12,2.22,2.35,1.61,14.57,12.91,22.23,0.07,0.05,0.15,33.51,35.07,26.33,26.39,27.24,22.47,1.19,1.21,1.07,5.43,6.24,1.71
Uttar Pradesh,Azamgarh,51.91,51.28,59.21,32.41,32,37.12,19.82,20.3,14.23,0.26,0.27,0.2,0.35,0.31,0.7,2.16,2,3.98,8.87,8.18,16.82,0.87,0.85,1.09,19.5,19.28,22.09,12.69,12.58,13.93,4.6,4.46,6.27,1.39,1.4,1.29
Uttar Pradesh,Baghpat,74.2,72.33,81.38,54.27,51.7,64.1,27.81,28.07,26.85,0.11,0.12,0.06,2.62,2.62,2.63,5.21,5.08,5.72,17.49,14.9,27.38,0.41,0.35,0.64,19.93,20.63,17.28,15.43,16.08,12.96,3.78,3.76,3.85,0.58,0.66,0.29
Uttar Pradesh,Bahraich,45.28,44.73,53.52,16.64,15.47,34.5,5.95,5.91,6.53,0.1,0.1,0,0.58,0.47,2.18,2.1,1.99,3.67,7.24,6.32,21.2,0.25,0.23,0.57,28.65,29.28,19.02,17,17.4,10.89,1.98,1.9,3.09,9.42,9.74,4.47
Uttar Pradesh,Ballia,57.18,56.78,60.59,32.11,30.75,43.89,16.33,16.33,16.33,0.32,0.3,0.55,0.21,0.13,0.91,2.87,2.5,6.11,11.05,10.33,17.34,1.14,0.98,2.46,25.07,26.02,16.7,18.64,19.62,10.13,4.21,4.18,4.47,1.59,1.63,1.28
Uttar Pradesh,Balrampur,41.34,40.41,NA,15.52,14.57,NA,4.19,4.32,NA,0.63,0.63,NA,0.17,0.15,NA,2.91,2.86,NA,6.24,5.26,NA,0.74,0.72,NA,25.82,25.84,NA,19.65,20.06,NA,1.08,0.75,NA,3.49,3.41,NA
Uttar Pradesh,Banda,66.36,64.24,75.67,44.02,42.22,51.93,26.39,27.47,21.69,0.14,0.01,0.68,3.32,3.53,2.39,3.11,3.11,3.07,10.93,7.97,23.92,0.04,0.05,0,22.34,22.02,23.74,15.21,14.78,17.08,2.66,2.8,2.05,4.3,4.27,4.44
Uttar Pradesh,Barabanki,58.3,57.87,63.93,35.94,35.04,47.33,16.31,16.96,8.2,0.09,0.1,0,2.29,1.7,9.63,1.51,1.04,7.38,15.47,14.96,21.92,0.04,0.03,0.2,22.36,22.83,16.6,15.87,16.18,12.09,0.74,0.65,1.84,5.52,5.77,2.46
Uttar Pradesh,Bareilly,63.89,61.82,67.62,44.66,40.02,53.04,15.11,14.57,16.08,0.07,0.07,0.06,1.16,0.82,1.76,8.36,7,10.82,19.36,17.02,23.58,0.06,0.05,0.06,19.23,21.81,14.59,13.83,15.66,10.52,2.89,3.18,2.37,1.73,1.97,1.28
Uttar Pradesh,Basti,51.69,51.05,NA,25.78,24.85,NA,10.46,10.63,NA,0.53,0.55,NA,0.34,0.22,NA,3.13,2.93,NA,9.76,8.94,NA,1.17,1.18,NA,25.91,26.2,NA,21.54,21.93,NA,1.25,1,NA,1.97,2.13,NA
Uttar Pradesh,Bijnor,64.42,64.42,64.45,52.15,52.63,50.45,19.98,20.23,19.11,0.03,0.04,0,0.94,0.97,0.81,3.53,3.84,2.44,27.22,27.08,27.71,0.17,0.16,0.22,12.27,11.79,14,5.21,4.97,6.07,1.67,1.5,2.3,5.16,5.05,5.56
Uttar Pradesh,Budaun,52.29,50.79,58.76,21.61,20.02,28.48,7.79,7.89,7.39,0.05,0.06,0,0.69,0.66,0.8,3.16,3.08,3.5,9.16,7.6,15.89,0.27,0.23,0.4,30.68,30.77,30.28,28.02,27.94,28.38,0.48,0.49,0.4,0.98,0.91,1.3
Uttar Pradesh,Bulandshahar,67.73,67.19,68.8,37.01,34.66,41.62,18.08,20.58,13.19,0.27,0.22,0.38,2.19,1.62,3.3,2.3,2.26,2.39,13.16,9.07,21.17,0.09,0.06,0.14,30.72,32.53,27.19,22.61,26.28,15.43,5.83,4.01,9.41,1.94,1.83,2.15
Uttar Pradesh,Chandauli,62.55,62.14,66.34,44.75,44.33,48.58,30.8,31.62,23.32,0.51,0.54,0.28,1.02,0.87,2.41,2.61,2.6,2.68,7.16,6.17,16.28,2.39,2.3,3.24,17.8,17.81,17.77,12.57,12.93,9.25,1.28,0.92,4.53,3.15,3.18,2.87
Uttar Pradesh,Chitrakoot,63.81,63.17,69.8,44.68,44.06,50.41,33.77,34.17,30.11,0.18,0.15,0.45,2.45,2.6,1.01,2.93,2.69,5.19,5.2,4.32,13.42,0.04,0.04,0,19.13,19.1,19.4,12,11.89,13.08,1.02,0.96,1.58,5.91,6.05,4.62
Uttar Pradesh,Deoria,46.85,45.57,55.88,28.96,26.72,44.87,13.44,13.33,14.12,0.22,0.2,0.36,0.22,0.23,0.12,4.52,4.43,5.14,9.57,7.78,22.37,0.9,0.69,2.39,17.89,18.84,11.01,10.18,10.84,5.38,4.29,4.32,4.07,2.78,3.1,0.48
Uttar Pradesh,Etah,59.58,58.56,64.7,20.78,17.71,36.07,8.14,8.51,6.32,0.02,0.02,0,0.81,0.73,1.24,1.94,1.66,3.35,9.36,6.23,24.91,0.1,0.09,0.12,38.8,40.85,28.63,34.84,36.57,26.28,1.99,1.97,2.11,1.24,1.47,0.12
Uttar Pradesh,Etawah,67.82,67.45,69.11,41.94,41.35,44.04,19.45,20.85,14.49,0.14,0.11,0.22,1.34,1.41,1.1,1.91,1.42,3.64,18.91,17.35,24.42,0.14,0.16,0.06,25.89,26.11,25.08,16.42,16.17,17.31,4.23,4.22,4.24,5.05,5.54,3.31
Uttar Pradesh,Faizabad,62.5,62.08,65.63,30.27,28.02,47.08,9.58,9.49,10.32,0.4,0.36,0.7,0.56,0.4,1.74,3.89,4.03,2.9,13.07,10.79,30.03,2.66,2.86,1.16,32.22,34.06,18.55,22.28,23.46,13.45,6.67,7.16,3.01,2.18,2.4,0.58
Uttar Pradesh,Farrukhabad,58.56,57.79,60.42,32.34,28.15,43.2,8.04,8.07,7.96,0.03,0.05,0,1.72,1.92,1.19,3.6,3.79,3.09,18.53,14.02,30.26,0.07,0.1,0,26.21,29.64,17.22,17.59,19.09,13.64,3.04,3.85,0.9,5.32,6.4,2.49
Uttar Pradesh,Fatehpur,68.64,68.5,69.81,42.67,42.33,45.67,15.1,15.23,13.89,0.35,0.34,0.52,3.07,3.02,3.47,6.14,6.05,6.95,16.61,16.2,20.32,1.25,1.37,0.17,25.96,26.16,24.14,12.58,12.51,13.2,6.41,6.37,6.77,6.7,6.99,3.99
Uttar Pradesh,Firozabad,74.81,76.05,71.14,32.31,31.15,35.71,13.32,13.94,11.52,0.03,0.04,0,0.77,0.56,1.4,7.51,8.19,5.49,10.34,8.2,16.66,0.03,0.04,0,42.5,44.9,35.42,41.84,44.25,34.72,0.38,0.37,0.41,0.15,0.14,0.18
Uttar Pradesh,Gautam Buddha Nagar,73.96,71.51,79.61,51.67,48.31,59.38,28.25,30.33,23.5,0.11,0.16,0,3.61,3.21,4.52,4.85,3.62,7.68,13.86,9.99,22.75,0.17,0.13,0.26,22.3,23.2,20.23,17.09,18.11,14.75,3.97,3.73,4.52,0.99,1.16,0.61
Uttar Pradesh,Ghaziabad,71.51,68.45,73.42,52.57,49.03,54.77,24.1,27,22.31,0.12,0.07,0.16,3.2,3.1,3.27,3.24,3.23,3.25,21.12,14.71,25.09,0.17,0.16,0.18,18.94,19.42,18.65,15.12,15.22,15.07,3.27,3.57,3.09,0.32,0.44,0.25
Uttar Pradesh,Ghazipur,58.63,58.42,61.05,38.27,37.95,41.96,25.24,26.19,14.15,0.31,0.28,0.66,0.47,0.4,1.32,3.09,2.76,6.91,8.34,7.65,16.45,0.57,0.43,2.14,20.36,20.47,19.09,14.41,14.75,10.53,2.86,2.85,2.96,2.45,2.28,4.44
Uttar Pradesh,Gonda,48.74,48.14,58.73,21.17,20.14,38.33,10.29,10.34,9.38,0.03,0.03,0,1.32,1.32,1.22,1.79,1.77,2.04,7.44,6.34,25.69,0.16,0.17,0,27.57,28,20.39,19.34,19.89,10.2,1.51,1.33,4.49,6.56,6.61,5.71
Uttar Pradesh,Gorakhpur,61.54,57.71,69.6,47.34,43.04,56.47,17.9,20.08,13.13,0.38,0.22,0.72,0.49,0.17,1.17,4.9,2.48,10.09,20.94,18.05,27.11,2.41,1.8,3.71,14.2,14.67,13.13,10.03,11.81,6.14,2.88,1.49,5.87,0.83,0.99,0.47
Uttar Pradesh,Hamirpur,69.9,69.82,70.09,39.03,38.38,41.32,27,28.23,22.52,0.17,0.17,0.17,0.65,0.1,2.6,0.5,0.37,0.95,10.57,9.36,14.9,0.03,0.02,0.09,30.87,31.44,28.76,21.32,21.99,18.89,2.82,2.64,3.47,6.04,6.27,5.2
Uttar Pradesh,Hardoi,54.72,53.05,65.42,31.67,29.82,43.53,8.01,8.17,7.04,0.47,0.48,0.39,1.71,1.78,1.3,4.44,4.34,5.08,16.58,14.58,29.32,0.2,0.21,0.13,23.03,23.22,21.89,16.68,16.36,18.77,2.43,2.73,0.52,3.44,3.66,2.09
Uttar Pradesh,Hathras,63.24,62.83,64.46,33.5,32.14,37.54,21.74,22.69,18.9,0.02,0.02,0,0.74,0.6,1.17,1.89,1.74,2.35,8.53,6.63,14.21,0.24,0.16,0.46,29.74,30.68,26.92,23.56,24.38,21.12,3.5,3.39,3.85,2.11,2.29,1.56
Uttar Pradesh,Jalaun,62.7,63.31,60.71,49.04,49.38,47.93,33.61,36.15,25.31,0.73,0.63,1.02,0.33,0.28,0.51,0.78,0.67,1.15,13.5,11.6,19.75,0.04,0.01,0.13,13.66,13.94,12.78,9.14,8.64,10.8,1.2,1.27,0.96,3.22,3.9,0.96
Uttar Pradesh,Jaunpur,59.13,59.33,NA,38.73,38.65,NA,21.43,21.84,NA,0.15,0.14,NA,0.27,0.21,NA,4.31,4.3,NA,11.36,11.02,NA,1.04,1,NA,20.4,20.69,NA,15.87,16.23,NA,1.74,1.82,NA,1.93,1.88,NA
Uttar Pradesh,Jhansi,75.19,74.96,75.42,66.73,65.8,67.73,48.28,56.6,39.29,0.34,0.12,0.57,0.54,0.11,0.99,1.51,0.78,2.29,15.92,8.12,24.34,0.04,0.02,0.06,8.46,9.16,7.69,4.93,5.3,4.53,1.13,1.36,0.87,2.33,2.45,2.19
Uttar Pradesh,Jyotiba Phule Nagar,64.15,63.29,66.92,47.5,44.08,58.38,23.03,23.38,21.9,0,0,0,0.67,0.71,0.56,2.53,2.3,3.25,20.98,17.35,32.49,0.05,0.03,0.09,16.65,19.21,8.54,12.9,15.24,5.48,2.37,2.59,1.67,1.21,1.16,1.39
Uttar Pradesh,Kannauj,48.34,46.3,55.85,29.68,26.76,40.4,7.37,7.86,5.58,0.07,0.06,0.09,1.07,0.95,1.52,11.21,9.91,16,9.59,7.69,16.61,0.05,0.02,0.18,18.66,19.54,15.45,13.62,14.82,9.17,2.16,2.28,1.74,2.76,2.31,4.42
Uttar Pradesh,Kanpur Dehat,55.03,54.99,NA,38.69,38.12,NA,12.03,12.16,NA,0.28,0.31,NA,2.02,2.01,NA,3.41,3.25,NA,20.11,19.53,NA,0.56,0.6,NA,16.34,16.87,NA,8.47,9.05,NA,4.41,4.35,NA,3.17,3.18,NA
Uttar Pradesh,Kanpur Nagar,65.89,69.96,64.76,41.33,42.21,41.08,11.93,18.4,10.13,0.15,0.31,0.11,1.8,1.46,1.9,3.58,2.96,3.76,22.98,18.75,24.16,0.1,0.03,0.11,24.57,27.75,23.68,19.79,19.34,19.92,1.38,3.48,0.79,3.27,4.89,2.82
Uttar Pradesh,Kaushambi,55.29,55.21,55.52,30.85,30.26,35.67,16.31,17,10.19,0.29,0.32,0,0.37,0.4,0.13,4.2,3.4,11,8.58,7.98,13.68,0.95,1.01,0.4,24.44,24.95,19.85,21.45,22.02,16.36,1.18,1.13,1.61,1.66,1.63,1.88
Uttar Pradesh,Kheri,44.89,43.74,56.75,30.69,29.07,47.37,14.35,14.89,8.89,0.16,0.18,0,1.3,1.21,2.26,3.45,3.18,6.31,10.91,9.11,29.43,0.27,0.26,0.32,14.2,14.67,9.38,5.41,5.51,4.37,1.43,1.49,0.81,7.21,7.52,4.04
Uttar Pradesh,Kushinagar,64.59,64.56,NA,36.01,35.73,NA,19.76,19.81,NA,0.35,0.35,NA,0.13,0.11,NA,4.5,4.45,NA,9.7,9.49,NA,1.41,1.37,NA,28.59,28.83,NA,22.91,23.14,NA,1.95,1.92,NA,3.2,3.23,NA
Uttar Pradesh,Lalitpur,75.26,74.73,79.37,61.08,60.68,64.15,43.47,44.72,33.37,0.25,0.18,0.86,0.04,0.04,0,3.57,3.52,3.98,13.65,12.11,25.94,0,0,0,14.19,14.05,15.22,6.65,6.2,10.2,2.01,2.07,1.56,5.19,5.58,2.07
Uttar Pradesh,Lucknow,62.73,59.32,65.09,44.11,38.96,47.73,18.35,22,15.73,1.25,1.94,0.76,2.72,2.44,2.91,3.29,2.97,3.5,17.83,9.18,23.96,0.21,0.09,0.29,18.62,20.35,17.37,12.32,12.92,11.88,2.41,2.44,2.38,3.57,4.62,2.81
Uttar Pradesh,Maharajganj,66.57,66.17,NA,38.41,37.29,NA,22.91,22.77,NA,0.31,0.29,NA,0.34,0.23,NA,5.56,5.28,NA,6.93,6.45,NA,1.41,1.3,NA,28.16,28.87,NA,20.81,21.4,NA,0.91,0.84,NA,5.77,6.08,NA
Uttar Pradesh,Mahoba,73.73,73.2,75.17,58.04,57.98,58.28,33.19,37.58,21.81,0.06,0.09,0,1.71,2.14,0.6,9.57,8.23,13.07,13.4,9.83,22.71,0,0,0,15.68,15.23,16.89,9.44,9.97,8.05,2.07,1.63,3.23,3.76,3.35,4.82
Uttar Pradesh,Mainpuri,62.02,61.99,62.13,23.17,21.47,30.88,9.34,9.68,7.79,0.05,0.04,0.09,1.41,1.48,1.1,1.59,1.39,2.47,10.58,8.69,19.15,0,0,0,38.85,40.52,31.25,36.93,38.54,29.6,0.97,1.06,0.55,0.57,0.54,0.73
Uttar Pradesh,Mathura,63.84,62.85,65.75,40.33,38.67,43.39,27.74,30.08,23.61,0.1,0.08,0.13,1.39,1.02,2.05,3.06,2.63,3.83,7.3,4.19,12.87,0.16,0.14,0.18,23.51,24.18,22.36,20.17,20.53,19.56,2.77,3.02,2.32,0.08,0.08,0.09
Uttar Pradesh,Mau,57.02,56.11,60.27,32.2,32.21,32.27,15.43,15.99,13.56,0.22,0.19,0.31,0.2,0.07,0.63,4.23,4.37,3.75,10.92,10.38,12.83,1.11,1.08,1.2,24.82,23.91,28,18.52,18.33,19.24,4.08,3.8,5.06,1.72,1.51,2.45
Uttar Pradesh,Meerut,59.91,59.19,60.86,46.4,46.16,46.75,22.75,24.65,20.33,0.13,0.11,0.16,1.65,1.7,1.6,3.53,3.67,3.36,17.56,15.22,20.57,0.13,0.12,0.13,13.52,13.07,14.11,9.37,8.15,10.94,2.79,3,2.52,1.27,1.84,0.55
Uttar Pradesh,Mirzapur,55.61,55.57,55.99,45.73,45.48,47.55,30.93,32.42,20.28,0.53,0.43,1.26,1.19,0.68,4.84,2.32,2.04,4.31,9.25,8.38,15.43,1.22,1.22,1.26,9.88,10.08,8.43,7.79,8.16,5.2,0.4,0.41,0.36,0.83,0.54,2.87
Uttar Pradesh,Moradabad,62,59.92,66.36,38.76,34.93,46.77,15.09,15.82,13.57,0.02,0.01,0.04,1.2,1.11,1.4,2.47,2.4,2.6,19.23,14.79,28.54,0.18,0.15,0.25,23.24,24.99,19.59,17.93,18.95,15.8,2.07,2.42,1.32,2.87,3.19,2.19
Uttar Pradesh,Muzaffarnagar,55.9,55.13,57.86,40.66,40.02,42.32,17.92,19.67,13.49,0.1,0.03,0.26,1.64,1.45,2.1,4.08,3.89,4.57,16.51,14.63,21.26,0.08,0.05,0.16,15.23,15.11,15.54,10.29,10.17,10.61,4.5,4.5,4.52,0.27,0.29,0.21
Uttar Pradesh,Pilibhit,65.41,64.95,67.84,44.44,43.32,50.36,21.4,23.08,12.5,0.08,0.08,0.12,0.51,0.45,0.85,6.28,5.99,7.77,15.32,13.06,27.31,0.32,0.24,0.73,20.97,21.63,17.48,17.24,17.77,14.44,1.5,1.44,1.82,1.69,1.87,0.73
Uttar Pradesh,Pratapgarh,48.44,48.12,55.52,33.47,32.82,47.7,18.36,18.48,15.64,0.13,0.14,0,0.37,0.29,2.1,3.86,3.67,8.2,9.39,8.88,20.41,1.25,1.25,1.34,14.97,15.29,7.82,12.2,12.57,4.01,0.89,0.91,0.38,1.54,1.48,2.86
Uttar Pradesh,Rae Bareli,46.52,46,52.34,28.61,27.94,36.2,14.72,15.03,11.28,0.19,0.21,0,1.06,1.06,1.1,1.67,1.72,1.1,10.6,9.66,21.15,0.14,0.09,0.63,17.9,18.06,16.14,9.77,9.9,8.3,1.82,1.84,1.57,5.83,5.84,5.8
Uttar Pradesh,Rampur,49.24,46.14,58.25,37.46,34.79,45.24,14.72,14.82,14.45,0,0,0,0.98,1.1,0.61,2.89,2.89,2.88,18.44,15.6,26.75,0.09,0.06,0.17,11.78,11.35,13.01,8.8,8.3,10.24,2.22,2.11,2.55,0.29,0.37,0.06
Uttar Pradesh,Saharanpur,69.35,69.28,69.58,50.28,48.58,55.86,20.9,23.05,13.85,0.09,0.09,0.06,1.4,1.26,1.86,7.81,8.32,6.16,19.67,15.38,33.73,0.05,0.06,0,19.07,20.7,13.72,14.09,15.17,10.52,3.73,4.16,2.31,1.16,1.24,0.9
Uttar Pradesh,Sant Kabir Nagar,46.73,46.11,NA,24.9,24.18,NA,11.06,11.1,NA,0.77,0.81,NA,0.27,0.25,NA,3.15,2.97,NA,8.39,7.87,NA,0.87,0.77,NA,21.83,21.93,NA,15.95,15.92,NA,2.96,3.07,NA,1.59,1.67,NA
Uttar Pradesh,Sant Ravidas Nagar (Bhadohi),50.36,51.02,45.77,38.86,39.13,36.99,26.43,28.07,14.63,0.32,0.33,0.23,0.69,0.55,1.64,2.22,1.99,3.86,7.78,6.9,14.17,1.16,1.06,1.87,11.51,11.89,8.78,8.14,8.57,5.03,0.94,0.94,0.94,1.93,1.84,2.58
Uttar Pradesh,Shahjahanpur,51.61,47.96,69.19,30.56,26.19,51.6,11.04,9.6,17.98,0.02,0.02,0,1.05,0.94,1.57,4.39,4.3,4.87,13.67,11.03,26.39,0.08,0.05,0.24,21.05,21.77,17.59,14.57,15.49,10.13,2.34,1.93,4.32,3.88,4.05,3.06
Uttar Pradesh,Shrawasti,42.73,42.33,NA,15.92,15.42,NA,4.21,4.23,NA,0.14,0.14,NA,0.15,0.16,NA,3.01,2.91,NA,7.11,6.73,NA,0.93,0.92,NA,26.81,26.9,NA,16.59,16.67,NA,3.27,3.22,NA,5.64,5.74,NA
Uttar Pradesh,Siddharthnagar,44.95,44.3,NA,22.83,22.15,NA,6.18,6.03,NA,0.39,0.4,NA,0.2,0.15,NA,4.84,4.76,NA,9.49,9.12,NA,0.95,0.92,NA,22.13,22.14,NA,15.61,15.45,NA,1.57,1.62,NA,3.69,3.79,NA
Uttar Pradesh,Sitapur,39.76,40.11,36.11,26.45,26.63,24.55,15.35,16.13,7.29,0.99,1.02,0.71,0.98,0.99,0.89,1.7,1.57,3.02,7.15,6.68,11.92,0.06,0.05,0.18,13.32,13.48,11.56,4.59,4.34,7.12,1.56,1.59,1.25,7.13,7.51,3.2
Uttar Pradesh,Sonbhadra,58.13,56.2,68.89,44.69,43.02,54.02,32.64,33.99,25.01,1.38,1.5,0.71,0.5,0.43,0.86,2.34,1.74,5.72,6.75,4.49,19.44,0.94,0.75,2,13.44,13.18,14.86,9.26,8.79,11.86,0.44,0.42,0.57,1.85,1.9,1.57
Uttar Pradesh,Sultanpur,50.48,49.3,NA,38.58,38.37,NA,23.64,23.93,NA,0.43,0.43,NA,1.06,1.02,NA,1.83,1.72,NA,11.32,10.98,NA,0.09,0.07,NA,11.9,10.93,NA,3.72,2.9,NA,2.42,2.44,NA,5.36,5.28,NA
Uttar Pradesh,Unnao,54.44,53.68,57.61,33.21,32.83,34.79,12.12,12.76,9.4,0.76,0.76,0.76,2.05,1.96,2.43,2.43,2.18,3.49,15.62,14.99,18.27,0.06,0.07,0,21.24,20.86,22.82,13.5,13.91,11.75,3.11,2.23,6.82,4.16,4.35,3.34
Uttar Pradesh,Varanasi,63.14,60.47,66.45,46.94,45.08,49.25,26.49,31.27,20.63,0.22,0.26,0.18,2.05,0.89,3.48,2.92,2.62,3.3,13.86,8.37,20.61,0.72,1.25,0.08,16.2,15.39,17.21,11.17,10.35,12.19,1.54,1.72,1.32,2.89,2.88,2.89
Uttarakhand,Almora,76.66,77.34,69.15,71.86,73.23,57.5,50.91,53.54,24,3.67,3.93,1.08,0.53,0.37,2.16,2.2,1.85,5.71,14.41,13.44,23.92,0.07,0.05,0.31,4.8,4.11,11.65,0.39,0.22,2.16,2.14,1.55,8.03,2.26,2.34,1.47
Uttarakhand,Bageshwar,70.6,70.43,73.69,61.51,61.4,63.42,37.74,38.5,23.9,9.38,9.79,1.98,0.64,0.54,2.57,2.14,1.76,8.89,11.33,10.52,25.88,0.17,0.16,0.2,9.09,9.02,10.27,3.13,2.91,7.11,3.67,3.74,2.37,2.18,2.26,0.79
Uttarakhand,Chamoli,76.93,77.75,72.64,72.47,73.26,68.41,59.89,62.08,48.49,2.89,3.3,0.79,0.27,0.17,0.79,1.12,0.82,2.72,8.1,6.73,15.24,0.17,0.14,0.33,4.45,4.49,4.24,0.52,0.51,0.54,0.13,0.12,0.19,3.76,3.82,3.42
Uttarakhand,Champawat,73.48,76.49,57.84,67.59,70.37,53.15,46.81,51.29,23.71,0.71,0.79,0.3,0.17,0.21,0,4.19,3.59,7.25,15.56,14.44,21.29,0.05,0,0.3,5.93,6.18,4.68,0.81,0.94,0.15,2.12,2.12,2.11,3,3.12,2.42
Uttarakhand,Dehradun,72.15,71.38,72.7,55.06,55.97,54.4,17.8,21.83,14.9,1.04,1.13,0.98,1.7,1.28,2,7.85,8.84,7.14,24.57,20.61,27.43,1.76,2,1.58,17.09,15.41,18.3,12.37,10.8,13.51,2.84,2.15,3.34,1.53,2.16,1.08
Uttarakhand,Haridwar,56.83,52.13,62.18,45.36,40.16,51.28,11.33,12,10.57,0.37,0.2,0.56,1.4,0.97,1.9,7.9,8.52,7.2,22.81,16.43,30.09,1.11,1.51,0.66,11.47,11.97,10.9,6.69,7.58,5.67,1.36,0.59,2.23,3.1,3.52,2.63
Uttarakhand,Nainital,68.75,73.16,60.96,63.2,67.89,54.91,29.12,34.36,19.9,1.82,2.45,0.69,1.42,1.43,1.41,5.19,5.18,5.2,25.02,23.88,27.03,0.4,0.38,0.46,5.55,5.26,6.05,1.72,1.38,2.32,1.49,1.46,1.54,2.32,2.41,2.15
Uttarakhand,Pauri Garhwal,69.52,68.98,72.42,58.61,58.67,58.29,30.47,32.64,18.77,0.83,0.83,0.83,1.26,1.07,2.3,6.34,6.09,7.71,18.34,16.68,27.31,1.26,1.28,1.15,10.91,10.31,14.14,9.68,9.17,12.4,0.82,0.74,1.26,0.28,0.26,0.35
Uttarakhand,Pithoragarh,76.68,77.28,73.79,72.19,72.94,68.6,52.35,56.47,32.64,1.25,1.34,0.81,0.38,0.29,0.81,2.74,2.31,4.84,15.32,12.42,29.23,0.09,0.07,0.15,4.49,4.34,5.19,0.81,0.8,0.85,1.56,1.53,1.7,2.1,1.99,2.63
Uttarakhand,Rudraprayag,78.98,79.01,NA,74.31,74.33,NA,64.41,64.61,NA,1.03,1.03,NA,0.28,0.25,NA,0.82,0.79,NA,7.7,7.58,NA,0.03,0.03,NA,4.68,4.68,NA,0.71,0.71,NA,0.21,0.21,NA,3.76,3.76,NA
Uttarakhand,Tehri Garhwal,63.09,61.93,69.57,53.43,52.82,56.88,34.48,36.07,25.59,0.39,0.4,0.34,0.51,0.33,1.52,4.95,4.68,6.5,11.89,10.1,21.91,1.07,1.13,0.72,9.66,9.12,12.69,8.19,7.79,10.42,0.49,0.51,0.34,0.92,0.78,1.69
Uttarakhand,Udham Singh Nagar,69.48,70.98,65.99,63.1,63.84,61.39,27.54,30.34,21.04,0.3,0.32,0.25,0.78,0.63,1.12,3.88,3.97,3.67,30.18,28.39,34.33,0.29,0.1,0.74,6.37,7.14,4.59,0.76,0.83,0.58,2.27,2.55,1.64,3.28,3.69,2.35
Uttarakhand,Uttarkashi,68.75,68.47,70.5,61.95,62.25,60.12,43.43,45.73,29.06,3.07,3.36,1.26,0.66,0.54,1.41,6.59,6.84,5.04,7.09,4.73,21.79,1.04,0.98,1.41,6.8,6.23,10.38,4.55,4.4,5.49,1.25,1.05,2.52,0.93,0.71,2.3
