﻿State_Name,State_District_Name,OO_Unmet_Need_For_Spacing_Total,OO_Unmet_Need_For_Spacing_Rural,OO_Unmet_Need_For_Spacing_Urban,OO_Unmet_Need_For_Limiting_Total,OO_Unmet_Need_For_Limiting_Rural,OO_Unmet_Need_For_Limiting_Urban,OO_Total_Unmet_Need_Total,OO_Total_Unmet_Need_Rural,OO_Total_Unmet_Need_Urban
Assam,Barpeta,7.2,7.5,5.5,5.2,4.7,9.7,12.5,12.1,15.3
Assam,Bongaigaon,6.6,7.1,3.3,5.2,5.3,4.4,11.8,12.5,7.8
Assam,Cachar,9.4,10.1,6.2,8.8,8.7,9.4,18.2,18.8,15.7
Assam,Darrang,8.2,8.2,NA,6.2,6,NA,14.3,14.2,NA
Assam,Dhemaji,6.1,6.3,3.9,6.1,6.1,6.2,12.2,12.4,10.1
Assam,Dhubri,11.8,12.5,7,7,7.1,6.5,18.8,19.6,13.4
Assam,Dibrugarh,6,6.4,4.7,9.2,8.9,9.9,15.2,15.4,14.6
Assam,Goalpara,6.6,6.9,3.7,6.1,6.1,5.8,12.7,13,9.5
Assam,Golaghat,5.1,5.3,3.9,12.6,12.9,11,17.8,18.2,14.9
Assam,Hailakandi,7.4,8.1,NA,9.8,11.1,NA,17.2,19.2,NA
Assam,Jorhat,4.1,4.3,3.6,11.7,10.9,14.2,15.8,15.2,17.8
Assam,Kamrup,3.7,4.2,3.2,2.1,2.3,1.9,5.8,6.5,5.2
Assam,Karbi Anglong,6.9,7.2,6,6,6.3,5.2,12.9,13.5,11.2
Assam,Karimganj,13,13.3,NA,15,14.6,NA,28,27.9,NA
Assam,Kokrajhar,6.6,7.1,NA,1.1,1.2,NA,7.7,8.3,NA
Assam,Lakhimpur,4.8,4.8,NA,5.1,4.3,NA,9.9,9.2,NA
Assam,Marigaon,7.6,7.8,4.5,5,4.9,6.5,12.7,12.8,10.9
Assam,Nagaon,7,7.4,5.4,11.3,11.5,10.7,18.4,18.9,16.1
Assam,Nalbari,4.9,4.9,NA,5.6,5.5,NA,10.5,10.5,NA
Assam,North Cachar Hills,9,10.3,8,10.3,10.1,10.5,19.3,20.4,18.5
Assam,Sibsagar,4.3,4.3,4.3,10.3,10.5,7.5,14.6,14.8,11.8
Assam,Sonitpur,7.4,7.8,4.8,6,6,6.3,13.4,13.7,11
Assam,Tinsukia,4.9,5.1,4.1,8,7.2,11.4,12.9,12.2,15.5
Bihar,Araria,27.9,27.8,NA,15.3,15.3,NA,43.2,43.1,NA
Bihar,Aurangabad,16,16.3,13.3,11.9,12.3,8.7,27.9,28.6,22
Bihar,Banka,18.4,18.6,NA,16,15.9,NA,34.4,34.4,NA
Bihar,Begusarai,17.8,18,NA,15.5,15.2,NA,33.3,33.2,NA
Bihar,Bhagalpur,18.2,19.4,12.7,15.9,15,19.8,34.1,34.4,32.5
Bihar,Bhojpur,13.3,13.9,9.7,16.3,16.3,15.7,29.6,30.2,25.5
Bihar,Buxar,15.5,15.7,14.4,17.9,17.9,18.5,33.5,33.5,33
Bihar,Darbhanga,14.7,15.4,5.1,16.5,16.2,20.5,31.2,31.6,25.5
Bihar,Gaya,14.8,16.3,9.7,14.2,15.5,10,29,31.9,19.7
Bihar,Gopalganj,26.2,27.2,14.5,27.5,28.2,17.8,53.7,55.4,32.3
Bihar,Jamui,16.4,16.9,NA,17.6,16.8,NA,34,33.7,NA
Bihar,Jehanabad,12.1,12,13.1,13.8,13.3,18.6,26,25.3,31.6
Bihar,Kaimur (Bhabua),13,13.2,NA,16.1,16.1,NA,29.1,29.3,NA
Bihar,Katihar,23.5,24.3,13.8,15.7,16.6,3.9,39.2,40.9,17.7
Bihar,Khagaria,19.4,18.9,26.9,12.8,12.7,14.9,32.2,31.5,41.8
Bihar,Kishanganj,19.7,21.3,8,19,18.8,20.2,38.7,40.1,28.3
Bihar,Lakhisarai,14.9,15.2,13.3,17.2,17.8,13.4,32.1,32.9,26.7
Bihar,Madhepura,17.4,17.8,NA,17.3,17.5,NA,34.7,35.3,NA
Bihar,Madhubani,16.9,16.9,NA,17.9,18,NA,34.8,34.9,NA
Bihar,Munger,16.8,18.1,13.9,15.1,14.2,17,31.9,32.3,30.9
Bihar,Muzaffarpur,22.4,22.8,18.8,13.3,13.6,9.3,35.7,36.4,28.2
Bihar,Nalanda,16.2,16.7,13.7,13.2,12.4,17.6,29.4,29.1,31.3
Bihar,Nawada,14.7,14.5,16.7,17.8,17.3,22.6,32.5,31.8,39.4
Bihar,Pashchim Champaran,12.7,12.4,16.7,18.6,18.7,17.2,31.3,31.1,33.9
Bihar,Patna,11.4,14,8.5,9.3,10.6,7.9,20.7,24.6,16.4
Bihar,Purba Champaran,23.6,22,NA,16.7,18.3,NA,40.3,40.3,NA
Bihar,Purnia,19.3,18.6,NA,17.6,18.8,NA,36.9,37.4,NA
Bihar,Rohtas,13.4,13.4,13.3,13.1,13.3,11,26.5,26.8,24.3
Bihar,Saharsa,22.3,23.7,14,12.3,12.8,9.1,34.6,36.5,23.1
Bihar,Samastipur,25.2,25.4,NA,12.8,12.9,NA,38,38.4,NA
Bihar,Saran,24.4,23.6,29.6,21,22,13.9,45.3,45.6,43.5
Bihar,Sheikhpura,15.9,16.6,11.9,15.3,15.8,12.1,31.2,32.5,24
Bihar,Sheohar,20,19.6,NA,18.7,18.6,NA,38.7,38.1,NA
Bihar,Sitamarhi,22.7,22.9,NA,17.9,18.9,NA,40.6,41.8,NA
Bihar,Siwan,22.6,23.4,17.2,33.8,34.7,26.8,56.4,58.1,44
Bihar,Supaul,17.3,17.4,NA,11.2,10.5,NA,28.5,27.8,NA
Bihar,Vaishali,19,19,19.6,15.8,16.1,9.8,34.8,35.1,29.5
Chhattisgarh,Bastar,8.58,8.28,11.69,3.74,2.8,13.59,12.32,11.08,25.28
Chhattisgarh,Bilaspur,17.14,16.69,18.06,12.51,11.01,15.57,29.65,27.71,33.63
Chhattisgarh,Dantewada,13.69,14.1,10.83,17.19,17.43,15.56,30.88,31.53,26.38
Chhattisgarh,Dhamtari,12.99,13.31,10.39,8.17,8.19,7.96,21.16,21.5,18.35
Chhattisgarh,Durg,12.35,12.03,12.92,9.69,9.93,9.25,22.04,21.96,22.17
Chhattisgarh,Janjgir-Champa,17.97,15.69,36.98,7.03,7.09,6.51,25,22.78,43.49
Chhattisgarh,Jashpur,18.18,18.43,NA,13.18,13.29,NA,31.36,31.72,NA
Chhattisgarh,Kanker,12.14,12.38,NA,12.67,12.61,NA,24.81,24.99,NA
Chhattisgarh,Kawardha,14.94,16.03,NA,3.26,3.07,NA,18.2,19.1,NA
Chhattisgarh,Korba,11.98,12.66,11,7.06,9.1,4.11,19.04,21.75,15.11
Chhattisgarh,Koriya,20.44,19.48,23.09,12.2,11.75,13.43,32.63,31.23,36.52
Chhattisgarh,Mahasamund,14.71,15.05,11.56,8.92,9.05,7.71,23.63,24.1,19.27
Chhattisgarh,Raigarh,12.14,12.24,11.46,10.3,9.52,15.5,22.43,21.76,26.96
Chhattisgarh,Raipur,18.51,18.56,18.39,8.32,8.99,6.69,26.83,27.55,25.07
Chhattisgarh,Rajnandgaon,13.17,11.14,23.52,15.48,15.06,17.65,28.65,26.2,41.17
Chhattisgarh,Surguja,11.52,11.45,12.34,15.07,15.65,8.33,26.6,27.1,20.67
Jharkhand,Bokaro,7.8,9.1,6.6,7,7.4,6.7,14.8,16.6,13.2
Jharkhand,Chatra,18,18.4,13.4,12.4,12,16.2,30.4,30.4,29.6
Jharkhand,Deoghar,15.8,16.6,11.2,17.2,17.5,15.9,33,34.1,27.1
Jharkhand,Dhanbad,5.8,6,5.7,5.5,5.4,5.5,11.3,11.5,11.2
Jharkhand,Dumka,10.7,10.9,8,9.7,10,7.2,20.5,20.9,15.2
Jharkhand,Garhwa,10,10.3,NA,8.7,8.5,NA,18.6,18.8,NA
Jharkhand,Giridih,13.6,13.9,7.7,15.8,16.2,8.6,29.3,30.1,16.3
Jharkhand,Godda,11.8,12.1,NA,16.1,16.4,NA,27.9,28.5,NA
Jharkhand,Gumla,17.7,18.2,11.6,15.8,15.9,15.6,33.6,34,27.2
Jharkhand,Hazaribagh,8.4,9.5,4.2,8.8,7.3,14.5,17.2,16.9,18.6
Jharkhand,Kodarma,11.2,11.4,10.3,15.7,16.9,9.6,26.9,28.3,19.9
Jharkhand,Lohardaga,14.5,15.4,7.9,12.3,12.7,9.7,26.8,28.2,17.6
Jharkhand,Pakaur,12.7,13.2,NA,23.8,25,NA,36.5,38.2,NA
Jharkhand,Palamu,10.7,10.9,7.2,12.5,12.9,5.7,23.2,23.9,12.9
Jharkhand,Pashchimi Singhbhum,20.9,23.1,11.6,20.3,21,17.4,41.2,44.1,29
Jharkhand,Purbi Singhbhum,8.2,8.3,8.1,5.7,6.6,5.1,13.9,15,13.2
Jharkhand,Ranchi,11,13.3,7.6,10.6,12.6,7.8,21.7,25.8,15.4
Jharkhand,Sahibganj,17.1,17.9,10.8,13.8,14.4,8.9,30.9,32.3,19.8
Madhya Pradesh,Balaghat,11,11.8,6.9,11.1,11.5,9,22.1,23.2,16
Madhya Pradesh,Barwani,12.4,12.9,10.4,9.4,8.9,11.3,21.8,21.8,21.7
Madhya Pradesh,Betul,9.8,10.8,5.4,8.8,8.3,10.9,18.6,19.1,16.3
Madhya Pradesh,Bhind,6.9,7.2,6.4,14.5,12.6,17.7,21.4,19.8,24.1
Madhya Pradesh,Bhopal,6.4,9.7,5.9,17.4,13.6,18,23.8,23.3,23.9
Madhya Pradesh,Chhatarpur,14.6,12.6,20.6,13.5,8.5,28.4,28.1,21.1,49
Madhya Pradesh,Chhindwara,10.4,10.1,11.3,12.7,14.1,8.8,23.1,24.2,20.1
Madhya Pradesh,Damoh,5.8,5.1,8.3,4.2,1.1,15.1,9.9,6.2,23.4
Madhya Pradesh,Datia,6.3,6.1,6.6,17.1,14.5,22.8,23.4,20.6,29.5
Madhya Pradesh,Dewas,6.3,6.5,6,11.7,11.6,12,18.1,18.1,18
Madhya Pradesh,Dhar,7.5,8.2,4.9,9.3,8.3,13.2,16.8,16.5,18.2
Madhya Pradesh,Dindori,12.4,11.7,NA,12.9,13.3,NA,25.3,25,NA
Madhya Pradesh,East Nimar,7.8,7.5,8.5,8.4,7,12.6,16.2,14.5,21.2
Madhya Pradesh,Guna,10.6,10.8,10.2,13.5,13.3,14.2,24.2,24.1,24.4
Madhya Pradesh,Gwalior,6.1,7.2,5.6,12.6,11.8,13,18.7,19,18.6
Madhya Pradesh,Harda,16,18.2,7,11,11.1,10.7,27.1,29.3,17.7
Madhya Pradesh,Hoshangabad,15.3,16.9,12.4,15,14.7,15.7,30.3,31.5,28.1
Madhya Pradesh,Indore,7.1,5.7,7.5,12,9,12.9,19.1,14.7,20.4
Madhya Pradesh,Jabalpur,8.4,8.6,8.2,14.7,13.4,15.7,23.1,21.9,23.9
Madhya Pradesh,Jhabua,9.8,10.1,7.4,19.2,19.7,15.7,29.1,29.8,23.2
Madhya Pradesh,Katni,9,9.2,8.6,10.2,10.9,8.4,19.3,20.1,17
Madhya Pradesh,Mandla,11.1,11.2,10.2,12.5,12.5,12.7,23.6,23.7,22.9
Madhya Pradesh,Mandsaur,7.6,7.7,7.2,14,13.7,14.7,21.5,21.4,21.9
Madhya Pradesh,Morena,11.1,11.1,11,19.3,17.2,23.6,30.4,28.4,34.6
Madhya Pradesh,Narsimhapur,5.7,4.4,12.6,13.6,13.6,13.4,19.3,18,26
Madhya Pradesh,Neemuch,6.5,6.2,7.2,15.7,15.4,16.4,22.3,21.6,23.6
Madhya Pradesh,Panna,16.8,16.8,16.8,14.1,14.4,12.7,30.9,31.2,29.4
Madhya Pradesh,Raisen,20.8,22.3,16,23.5,23.4,24,44.3,45.7,40
Madhya Pradesh,Rajgarh,9.4,9.8,7.5,13.7,13.6,14.6,23.1,23.3,22
Madhya Pradesh,Ratlam,9.9,11.8,7.7,11.4,8.8,14.5,21.3,20.6,22.2
Madhya Pradesh,Rewa,18.2,19.2,13.4,17.1,17.9,13.2,35.3,37.1,26.5
Madhya Pradesh,Sagar,6.5,6.9,5.6,10.8,10.4,11.7,17.3,17.3,17.3
Madhya Pradesh,Satna,11.8,12,11.5,16.9,17.2,16.2,28.7,29.2,27.6
Madhya Pradesh,Sehore,11.1,11.2,11,10.5,10.3,11.3,21.6,21.4,22.3
Madhya Pradesh,Seoni,6.2,5.3,14,10,9.4,15.9,16.2,14.7,29.9
Madhya Pradesh,Shahdol,16.2,18.3,10.1,12.5,11.2,16.2,28.7,29.5,26.2
Madhya Pradesh,Shajapur,6.9,7.3,5.8,11.9,11.2,14,18.8,18.5,19.8
Madhya Pradesh,Sheopur,9.9,10.1,9.3,17.1,16.4,21,27.1,26.4,30.4
Madhya Pradesh,Shivpuri,9.7,9.7,9.3,16.8,16.1,20.7,26.5,25.8,30.1
Madhya Pradesh,Sidhi,22.9,24.2,15.1,13.3,13.2,14.1,36.3,37.4,29.2
Madhya Pradesh,Tikamgarh,16.1,17,12.6,9.7,7.3,19.7,25.9,24.3,32.3
Madhya Pradesh,Ujjain,6.2,6.1,6.3,12.4,11.4,13.8,18.5,17.5,20.1
Madhya Pradesh,Umaria,9.9,9,13.7,13.6,12.6,17.9,23.5,21.5,31.7
Madhya Pradesh,Vidisha,13.3,13.7,12.1,19.1,19.7,17.5,32.3,33.4,29.7
Madhya Pradesh,West Nimar,8.3,8.5,6.8,8.6,8.2,10.5,16.8,16.7,17.3
Odisha,Anugul,4.27,4.39,3.72,5.54,5.62,5.15,9.81,10,8.87
Odisha,Balangir,7.97,8.15,5.99,6.56,6.47,7.54,14.53,14.62,13.53
Odisha,Baleshwar,6.83,7.24,3.75,6.63,6.88,4.77,13.46,14.12,8.52
Odisha,Bargarh,7.42,7.49,6.61,5.41,5.4,5.46,12.82,12.89,12.07
Odisha,Baudh,18.83,19.15,NA,29.57,29.93,NA,48.39,49.08,NA
Odisha,Bhadrak,7.47,7.48,7.41,10.12,10.08,10.41,17.58,17.55,17.82
Odisha,Cuttack,7.04,7.34,6.14,11.95,10.07,17.51,18.99,17.41,23.65
Odisha,Debagarh,5.3,5.45,3.68,4.83,4.83,4.86,10.13,10.28,8.54
Odisha,Dhenkanal,6.1,6.05,6.6,6.11,6.23,4.92,12.21,12.28,11.52
Odisha,Gajapati,10.7,11.22,6.8,4.54,4.61,4.03,15.24,15.83,10.83
Odisha,Ganjam,11.27,11.61,9.39,11.62,11.84,10.45,22.89,23.45,19.85
Odisha,Jagatsinghapur,5.61,5.6,5.69,7.93,7.15,14.03,13.53,12.74,19.72
Odisha,Jajapur,5.08,5.12,NA,4.48,4.34,NA,9.56,9.45,NA
Odisha,Jharsuguda,4.34,4.65,3.85,4.21,4.63,3.54,8.55,9.28,7.39
Odisha,Kalahandi,13.13,13.71,8.62,21.71,21.65,22.15,34.83,35.35,30.77
Odisha,Kandhamal,19.37,20.38,9.47,21.07,20.68,24.87,40.44,41.06,34.34
Odisha,Kendrapara,4.92,4.99,3.84,5.6,5.43,8.32,10.53,10.42,12.16
Odisha,Kendujhar,7.45,7.91,5.32,7.95,8.8,4.02,15.4,16.72,9.34
Odisha,Khordha,7.53,9.12,5.7,16.2,18.27,13.8,23.73,27.38,19.51
Odisha,Koraput,24.45,26.75,14,19.69,13.8,46.52,44.14,40.55,60.53
Odisha,Malkangiri,21.31,21.78,16.01,15.76,15.25,21.58,37.07,37.03,37.59
Odisha,Mayurbhanj,5.46,5.63,3.32,8.01,8.22,5.23,13.47,13.85,8.55
Odisha,Nabarangapur,15.71,15.75,NA,14.67,14.68,NA,30.38,30.44,NA
Odisha,Nayagarh,8,8.06,NA,21.42,21.42,NA,29.42,29.48,NA
Odisha,Nuapada,11.64,11.93,NA,19.21,18.91,NA,30.85,30.84,NA
Odisha,Puri,8.9,9.5,5.7,21.83,22.7,17.16,30.73,32.2,22.87
Odisha,Rayagada,12.11,12.29,11.31,13.54,13.9,11.92,25.65,26.19,23.23
Odisha,Sambalpur,6.7,7.46,5.51,8.97,10.26,6.95,15.68,17.72,12.47
Odisha,Sonapur,15.04,15.41,9.07,21.24,21.98,9.43,36.29,37.39,18.51
Odisha,Sundargarh,9.97,11.23,7.57,15.4,16.41,13.47,25.37,27.64,21.05
Rajasthan,Ajmer,9.6,11.1,7.5,8.3,9.6,6.3,17.9,20.7,13.8
Rajasthan,Alwar,6.5,6.6,6,7.7,7.9,5.9,14.2,14.5,11.9
Rajasthan,Banswara,4.6,4.6,NA,2.3,2.1,NA,6.8,6.7,NA
Rajasthan,Baran,7.7,7.8,7.2,6.4,6.8,3.8,14,14.6,10.9
Rajasthan,Barmer,10,10.2,8.3,9.7,9.9,7.9,19.8,20.1,16.2
Rajasthan,Bharatpur,10.2,10.5,8.6,4.8,4.8,4.9,15,15.3,13.6
Rajasthan,Bhilwara,8,8.1,7.7,4.8,5.1,3.5,12.8,13.3,11.2
Rajasthan,Bikaner,8.5,9.8,6.6,8.7,9.4,7.8,17.2,19.2,14.4
Rajasthan,Bundi,10.1,10.6,8.2,8.7,10.3,3.3,18.8,20.9,11.4
Rajasthan,Chittaurgarh,5.7,5.7,5.7,2.7,2.6,2.9,8.3,8.3,8.5
Rajasthan,Churu,5.1,5.1,5.1,11.8,10.2,16.3,16.9,15.3,21.4
Rajasthan,Dausa,8.7,8.7,8.6,7.5,7.3,9.9,16.2,16,18.5
Rajasthan,Dhaulpur,10,10.6,8.5,15.4,16.5,12.4,25.5,27.1,20.9
Rajasthan,Dungarpur,5.9,6.2,2.8,2.9,3.2,0,8.8,9.4,2.8
Rajasthan,Ganganagar,4,3.9,4.3,2.5,2.5,2.6,6.5,6.4,7
Rajasthan,Hanumangarh,2.8,2.8,3.1,1.4,1.1,2.2,4.2,3.9,5.3
Rajasthan,Jaipur,7.8,7.9,7.8,4.7,4.7,4.7,12.6,12.6,12.5
Rajasthan,Jaisalmer,12,13,7.8,7.2,7.2,7,19.2,20.2,14.8
Rajasthan,Jalor,11.5,11.8,8.7,7.2,7.5,3.7,18.7,19.3,12.4
Rajasthan,Jhalawar,6.1,6.4,4.8,7.1,7.4,5.1,13.2,13.8,9.9
Rajasthan,Jhunjhunun,4.3,4.3,4.2,6.7,6,8.7,10.9,10.3,13
Rajasthan,Jodhpur,9.2,11.4,5.8,4.3,4.7,3.7,13.5,16.1,9.5
Rajasthan,Karauli,12.3,13.2,8.9,12.9,11.9,17,25.3,25.1,25.9
Rajasthan,Kota,5.7,5.6,5.8,4.5,6,3.3,10.2,11.6,9.2
Rajasthan,Nagaur,7.4,7.4,7.6,7.7,7.8,6.9,15.1,15.2,14.5
Rajasthan,Pali,9.2,9.9,7.1,11.3,12.1,8.9,20.5,21.9,16
Rajasthan,Rajsamand,9.8,10.8,4.4,6.1,6.7,2.4,15.9,17.5,6.7
Rajasthan,Sawai Madhopur,8.5,8.9,7.3,9.9,10.7,7.5,18.4,19.6,14.7
Rajasthan,Sikar,6,5.9,6.2,8.2,7.8,9.2,14.1,13.7,15.4
Rajasthan,Sirohi,10.2,10.9,6.4,5.5,6,2.8,15.7,16.9,9.2
Rajasthan,Tonk,9,9.5,7.4,11.8,12.1,10.7,20.8,21.6,18.1
Rajasthan,Udaipur,8.4,9.5,5.6,4.6,5.1,3.3,13,14.6,8.9
Uttar Pradesh,Agra,11.04,13.21,8.9,5.45,6.21,4.7,16.49,19.42,13.6
Uttar Pradesh,Aligarh,13.05,14.41,9.96,9.8,11.76,5.39,22.85,26.16,15.35
Uttar Pradesh,Allahabad,10.02,10.45,8.36,5.96,5.82,6.5,15.98,16.27,14.87
Uttar Pradesh,Ambedkar Nagar,10.08,10.37,NA,10.03,10.45,NA,20.12,20.82,NA
Uttar Pradesh,Auraiya,12.38,12.36,12.47,22.73,22.74,22.67,10.35,10.38,10.21
Uttar Pradesh,Azamgarh,10.27,10.08,12.42,12.29,12.59,8.87,22.56,22.67,21.3
Uttar Pradesh,Baghpat,9.37,9.92,7.19,3.71,4.17,1.91,13.08,14.09,9.1
Uttar Pradesh,Bahraich,19.4,19.52,17.46,39.22,39.7,31.38,19.82,20.18,13.92
Uttar Pradesh,Ballia,8.43,8.46,8.17,7.93,8,7.37,16.36,16.45,15.54
Uttar Pradesh,Balrampur,17.22,17.54,NA,8.98,9,NA,26.2,26.54,NA
Uttar Pradesh,Banda,14.22,16.12,5.63,24.27,27.18,11.11,10.05,11.06,5.48
Uttar Pradesh,Barabanki,14.85,14.91,14.06,23.96,24.15,21.39,9.11,9.25,7.33
Uttar Pradesh,Bareilly,11.83,13.8,8.21,9.47,10.57,7.45,21.3,24.38,15.66
Uttar Pradesh,Basti,6.51,6.53,NA,10.42,10.52,NA,16.92,17.05,NA
Uttar Pradesh,Bijnor,13.12,13.33,12.32,6.63,6.82,5.95,19.75,20.15,18.26
Uttar Pradesh,Budaun,18.11,18.82,14.89,10.55,11.02,8.42,28.66,29.84,23.31
Uttar Pradesh,Bulandshahar,11.09,12.16,8.95,9.11,8.99,9.34,20.2,21.15,18.29
Uttar Pradesh,Chandauli,7.88,7.97,7.01,5.35,5.36,5.25,13.23,13.33,12.26
Uttar Pradesh,Chitrakoot,10.86,11.3,6.67,23.04,23.91,14.73,12.18,12.61,8.06
Uttar Pradesh,Deoria,9.16,9.4,7.34,14.74,16,5.13,23.9,25.4,12.47
Uttar Pradesh,Etah,15.87,17.02,9.62,9.42,9.99,6.29,25.29,27.01,15.91
Uttar Pradesh,Etawah,10.62,10.87,9.77,18.51,19.18,16.19,7.88,8.31,6.42
Uttar Pradesh,Faizabad,7.35,7.37,7.22,6.45,6.48,6.19,13.8,13.85,13.42
Uttar Pradesh,Farrukhabad,11.09,12.43,7.31,23.85,26.67,15.9,12.76,14.24,8.59
Uttar Pradesh,Fatehpur,10.39,10.46,9.78,18.55,18.59,18.25,8.16,8.13,8.47
Uttar Pradesh,Firozabad,9.01,9.16,8.52,6.34,6.76,5.01,15.34,15.91,13.54
Uttar Pradesh,Gautam Buddha Nagar,9.1,10.41,6.05,3.33,3.76,2.34,12.43,14.17,8.39
Uttar Pradesh,Ghaziabad,8.57,10.64,7.26,2.93,3.78,2.4,11.51,14.43,9.66
Uttar Pradesh,Ghazipur,8.77,8.75,8.97,7.86,7.81,8.49,16.63,16.56,17.47
Uttar Pradesh,Gonda,23.52,24.29,8.79,40.58,41.57,21.87,17.07,17.27,13.09
Uttar Pradesh,Gorakhpur,7.64,9.28,3.89,5.25,6.94,1.39,12.88,16.21,5.28
Uttar Pradesh,Hamirpur,8.88,9.31,7.31,17.03,18.66,11,8.15,9.35,3.69
Uttar Pradesh,Hardoi,16.19,17.1,9.96,30.92,32.29,21.49,14.73,15.19,11.52
Uttar Pradesh,Hathras,12.19,13.12,9.3,8.32,8.64,7.33,20.51,21.76,16.64
Uttar Pradesh,Jalaun,14.44,13.65,17,23.26,22.99,24.14,8.82,9.34,7.14
Uttar Pradesh,Jaunpur,8.81,8.76,NA,8.26,8.72,NA,17.07,17.48,NA
Uttar Pradesh,Jhansi,8.4,7.77,9.09,14.88,13.87,15.99,6.48,6.1,6.91
Uttar Pradesh,Jyotiba Phule Nagar,13.36,13.93,11.48,6.91,7.41,5.3,20.28,21.34,16.78
Uttar Pradesh,Kannauj,17.06,18.01,13.37,12.53,13.5,8.75,29.58,31.52,22.13
Uttar Pradesh,Kanpur Dehat,18,17.94,NA,26.48,26.57,NA,8.48,8.62,NA
Uttar Pradesh,Kanpur Nagar,9.88,8.59,10.25,16.71,17.24,16.56,6.83,8.65,6.31
Uttar Pradesh,Kaushambi,11.99,12.26,9.32,8.53,8.56,8.26,20.52,20.82,17.58
Uttar Pradesh,Kheri,18.83,19.22,14.93,38.84,40.24,24.57,20,21.02,9.64
Uttar Pradesh,Kushinagar,8.55,8.51,NA,5.33,5.3,NA,13.88,13.81,NA
Uttar Pradesh,Lalitpur,6.29,3.96,22.82,15.2,13.01,30.74,8.91,9.05,7.92
Uttar Pradesh,Lucknow,10.32,11.52,9.54,16.27,18.79,14.63,5.95,7.28,5.09
Uttar Pradesh,Maharajganj,7.8,7.96,NA,3.89,3.91,NA,11.69,11.86,NA
Uttar Pradesh,Mahoba,9.07,9.63,7.84,18.41,14.95,25.93,9.35,5.32,18.09
Uttar Pradesh,Mainpuri,12.55,13.16,9.7,9.91,9.89,10.04,22.47,23.04,19.75
Uttar Pradesh,Mathura,13.08,13.96,11.37,6.21,6.95,4.76,19.29,20.91,16.13
Uttar Pradesh,Mau,8.65,8.78,8.16,9.26,9.76,7.44,17.91,18.54,15.6
Uttar Pradesh,Meerut,13.47,14.74,11.79,8.14,7.81,8.58,21.61,22.55,20.37
Uttar Pradesh,Mirzapur,15.84,16.81,9.05,7.62,7.56,8.04,23.46,24.36,17.09
Uttar Pradesh,Moradabad,13.4,14.55,10.93,5.24,6.11,3.38,18.64,20.66,14.31
Uttar Pradesh,Muzaffarnagar,16.36,17.28,13.99,10.94,10.72,11.5,27.3,28,25.49
Uttar Pradesh,Pilibhit,10.62,11.41,6.32,7.4,7.62,6.2,18.03,19.04,12.51
Uttar Pradesh,Pratapgarh,11.21,11.17,12.29,15.45,15.59,12.29,26.66,26.76,24.57
Uttar Pradesh,Rae Bareli,22.94,23.04,21.77,34.77,34.95,32.72,11.83,11.91,10.95
Uttar Pradesh,Rampur,16.9,18.63,11.85,10.47,11.05,8.76,27.37,29.67,20.61
Uttar Pradesh,Saharanpur,10.34,10.89,8.52,5.63,6.04,4.26,15.98,16.94,12.78
Uttar Pradesh,Sant Kabir Nagar,11.18,11.52,NA,15.03,15.11,NA,26.2,26.64,NA
Uttar Pradesh,Sant Ravidas Nagar (Bhadohi),14.6,15.06,11,9.32,9.42,8.5,23.92,24.49,19.5
Uttar Pradesh,Shahjahanpur,15.53,17.05,8.17,10.73,12.32,3.06,26.26,29.38,11.23
Uttar Pradesh,Shrawasti,18.09,18.15,NA,8.69,8.75,NA,26.78,26.9,NA
Uttar Pradesh,Siddharthnagar,17.05,17.32,NA,8.96,9.03,NA,26.01,26.34,NA
Uttar Pradesh,Sitapur,21.51,21.2,24.49,39.4,38.58,47.39,17.89,17.38,22.91
Uttar Pradesh,Sonbhadra,15.87,17.44,6.65,7.01,7.5,4.1,22.88,24.94,10.75
Uttar Pradesh,Sultanpur,28.74,30,NA,44.03,44.1,NA,15.29,14.1,NA
Uttar Pradesh,Unnao,17.97,18.43,15.86,29.59,30.43,25.64,11.61,12.01,9.78
Uttar Pradesh,Varanasi,9.6,10.62,8.3,5.19,4.97,5.46,14.79,15.59,13.77
Uttarakhand,Almora,6.67,6.72,6.04,6,5.87,7.65,12.67,12.59,13.68
Uttarakhand,Bageshwar,8.98,9.23,3.36,15.23,15.51,9.01,24.2,24.74,12.37
Uttarakhand,Chamoli,6.08,6.33,4.62,4.99,4.54,7.6,11.07,10.87,12.22
Uttarakhand,Champawat,7.43,7.14,9.22,8.37,6.84,17.74,15.8,13.98,26.96
Uttarakhand,Dehradun,3.97,4.49,3.6,4.28,3.97,4.5,8.26,8.47,8.1
Uttarakhand,Haridwar,17.01,19.61,14.04,9.17,10.97,7.11,26.17,30.58,21.15
Uttarakhand,Nainital,7.02,7.08,6.92,11.35,8.9,15.74,18.37,15.97,22.66
Uttarakhand,Pauri Garhwal,4.65,4.79,3.88,5.43,5.45,5.33,10.08,10.24,9.21
Uttarakhand,Pithoragarh,6.44,7.18,3.17,6.9,6.59,8.26,13.34,13.77,11.43
Uttarakhand,Rudraprayag,5.13,5.14,NA,4.8,4.77,NA,9.93,9.91,NA
Uttarakhand,Tehri Garhwal,7.26,7.3,7.01,7.31,7.96,3.71,14.57,15.26,10.71
Uttarakhand,Udham Singh Nagar,8.04,7.78,8.66,9.86,9.07,11.7,17.9,16.85,20.36
Uttarakhand,Uttarkashi,9.44,10,5.93,4.26,4.32,3.85,13.7,14.32,9.79
