﻿State_Name,State_District_Name,PP_Currently_Married_Pregnant_Women_Aged_15_49_Years_Registered_For_Anc_Total,PP_Currently_Married_Pregnant_Women_Aged_15_49_Years_Registered_For_Anc_Rural,PP_Currently_Married_Pregnant_Women_Aged_15_49_Years_Registered_For_Anc_Urban,PP_Mothers_Who_Received_Any_Antenatal_Check_Up_Total,PP_Mothers_Who_Received_Any_Antenatal_Check_Up_Rural,PP_Mothers_Who_Received_Any_Antenatal_Check_Up_Urban,PP_Mothers_Who_Had_Antenatal_Check_Up_In_First_Trimester_Total,PP_Mothers_Who_Had_Antenatal_Check_Up_In_First_Trimester_Rural,PP_Mothers_Who_Had_Antenatal_Check_Up_In_First_Trimester_Urban,PP_Mothers_Who_Received_3_Or_More_Antenatal_Care_Total,PP_Mothers_Who_Received_3_Or_More_Antenatal_Care_Rural,PP_Mothers_Who_Received_3_Or_More_Antenatal_Care_Urban,PP_Mothers_Who_Received_At_Least_One_Tetanus_Toxoid_Tt_Injection_Total,PP_Mothers_Who_Received_At_Least_One_Tetanus_Toxoid_Tt_Injection_Rural,PP_Mothers_Who_Received_At_Least_One_Tetanus_Toxoid_Tt_Injection_Urban,PP_Mothers_Who_Consumed_Ifa_For_100_Days_Or_More_Total,PP_Mothers_Who_Consumed_Ifa_For_100_Days_Or_More_Rural,PP_Mothers_Who_Consumed_Ifa_For_100_Days_Or_More_Urban,PP_Mothers_Who_Had_Full_Antenatal_Check_Up_Total,PP_Mothers_Who_Had_Full_Antenatal_Check_Up_Rural,PP_Mothers_Who_Had_Full_Antenatal_Check_Up_Urban,PP_Mothers_Who_Received_Anc_From_Govt_Source_Total,PP_Mothers_Who_Received_Anc_From_Govt_Source_Rural,PP_Mothers_Who_Received_Anc_From_Govt_Source_Urban,PP_Mothers_Whose_Blood_Pressure_Bp_Taken_Total,PP_Mothers_Whose_Blood_Pressure_Bp_Taken_Rural,PP_Mothers_Whose_Blood_Pressure_Bp_Taken_Urban,PP_Mothers_Whose_Blood_Taken_For_Hb_Total,PP_Mothers_Whose_Blood_Taken_For_Hb_Rural,PP_Mothers_Whose_Blood_Taken_For_Hb_Urban,PP_Mothers_Who_Underwent_Ultrasound_Total,PP_Mothers_Who_Underwent_Ultrasound_Rural,PP_Mothers_Who_Underwent_Ultrasound_Urban
Assam,Barpeta,70.7,69.2,94.7,94,93.7,98.1,35.7,34.7,47.8,55.6,53.6,78.3,94,93.7,98.1,18.9,17.9,30.6,14,12.9,27.4,89.6,91,74,84.7,83.9,94.3,44.7,42.5,70.1,29.8,28,51.6
Assam,Bongaigaon,76.1,75.2,87.5,92.6,92.1,98.6,43.7,41.6,66.9,59.5,57.4,83.4,92.5,92,97.9,21.1,20.4,29,16.3,15.4,26.9,92.9,95.3,67.7,80,78.9,92.1,41.2,38,77.6,23.6,20.4,59.7
Assam,Cachar,78.5,78.1,81.7,95.6,95.2,97.7,57.8,56.2,66.7,66.5,64.6,77,95.3,94.9,97.2,21.5,20.6,26.5,17.8,16.7,24,50.3,52.3,39.8,84.1,82.4,93,85.7,84.5,92.4,83.3,82.2,89.7
Assam,Darrang,86.5,86,NA,91.3,90.9,NA,39.9,39.5,NA,51.9,51.2,NA,91.3,90.9,NA,29.4,28.1,NA,17.1,16,NA,91.3,92.5,NA,82.8,82.5,NA,54.7,54,NA,29.8,28.2,NA
Assam,Dhemaji,75.9,75.7,80,94.9,95,94.3,60.8,60.3,66.1,66.9,66.8,68.7,94.7,94.8,94.3,14.4,13.7,23,11,10.6,16,92.4,93.1,84.2,83.7,83.3,88,45.4,45.2,48.1,22.8,22,32.2
Assam,Dhubri,64.9,62.9,94.7,88.7,87.8,97.9,33.4,31.8,50.7,39.7,37.4,64.6,88.6,87.7,97.9,14.3,13.9,18.8,7.6,7.1,13.2,94.1,95,85.1,72.6,71.6,83.3,29.4,27,54.9,17.3,14.7,45.1
Assam,Dibrugarh,86,84.2,95,97.3,97,98.6,68,66,76.2,84.8,83.5,90.1,97.2,96.9,98.2,32.8,33.5,29.9,29.3,29.4,29.1,66.3,67.4,61.9,96.4,95.9,98.2,93.1,93.2,92.5,91.3,90.5,94.1
Assam,Goalpara,76.2,75.6,88.9,94.8,94.6,97.8,40.8,40,51.7,65.4,65,70.6,94.8,94.6,97.8,18,17.8,21.2,14.6,14.3,19,97.5,97.9,91.6,73.7,72.8,85.5,38.4,38,43.9,18.4,17.3,33.5
Assam,Golaghat,82.8,82.2,87.2,96.1,95.8,98.2,65.9,64.7,76.1,75,73.5,87.2,95.8,95.6,98.2,21.8,22.1,19.3,18.4,18.4,18.3,76.8,79.4,55.5,93.1,92.8,96.3,88.7,87.7,96.3,84.8,84.4,88.1
Assam,Hailakandi,74.6,73.2,NA,93.8,93.4,NA,53.5,50.9,NA,64,61.7,NA,93.6,93.1,NA,14.8,15.1,NA,12.2,12.5,NA,54.6,56,NA,81.5,80.5,NA,52.7,52.7,NA,16.1,13.1,NA
Assam,Jorhat,88.7,88.3,89.9,97.6,97.6,97.9,72.6,70.1,81.5,82.3,81.5,85.4,97.3,97.3,97.2,27.1,24.1,37.8,24.3,21.3,35.4,72.5,76,59.9,94.9,94.8,95.4,91.3,90.9,92.5,92.5,92.4,92.8
Assam,Kamrup,82.4,83.1,81.7,98.5,98.5,98.4,62.5,54.1,73.1,81.7,80.1,83.7,98.4,98.5,98.3,33.5,28.3,40.1,29.9,25.7,35.3,79.5,95,59.7,92.4,90,95.6,74.2,70.4,79,51.9,39.1,68.2
Assam,Karbi Anglong,75.9,74.8,80.4,88.1,86,96.6,49.3,45.9,63.4,53.6,48,77,87.7,85.6,96.2,10.5,8.6,18.3,7.2,5.5,14.2,87.5,86.8,90.2,76.5,72.2,94.3,43.6,38.5,64.9,18.9,15.7,31.9
Assam,Karimganj,74.3,74,NA,92.2,92,NA,58.7,57.7,NA,61.6,60.2,NA,90.9,90.8,NA,13.6,13.4,NA,11.4,11.2,NA,50.1,51.4,NA,84.3,83.9,NA,79,78.6,NA,14.4,13.4,NA
Assam,Kokrajhar,85.6,86.3,NA,93.8,93.5,NA,43.6,42.4,NA,55.6,54,NA,93.6,93.3,NA,16.6,17.5,NA,8.7,9,NA,96.6,97.1,NA,81.3,82,NA,35,34.6,NA,13.1,12.1,NA
Assam,Lakhimpur,78.4,77.3,NA,98.2,98.4,NA,58.7,58.9,NA,69.9,70,NA,98.2,98.4,NA,27.2,26.8,NA,21.2,20.7,NA,91.4,92.3,NA,84.1,83.7,NA,62.5,61.5,NA,32.3,30.5,NA
Assam,Marigaon,73.3,73.7,64.7,97.2,97.2,97.2,52.2,51.7,65.1,71.3,71,78.1,97.1,97.1,97.2,32.9,32.9,33,25.4,25.4,26,96.2,96.3,91.9,83.9,84,80.9,41.7,41.3,51.6,24.1,23.3,47
Assam,Nagaon,75.2,75.5,73.6,92.6,91.8,98.4,57.8,57.2,62.1,57,55.2,68.8,92.2,91.3,98.1,23.8,23.3,27.6,18.4,17.9,21.8,71.2,70.5,76,87,86.1,92.3,86.4,86.2,87.8,22.9,20.8,36.8
Assam,Nalbari,79.3,79,NA,98.4,98.4,NA,60.6,60.7,NA,81.2,81,NA,98.3,98.3,NA,26.7,26.3,NA,24.9,24.4,NA,83.6,83.9,NA,95.3,95.3,NA,69.7,69.4,NA,45.1,44.8,NA
Assam,North Cachar Hills,87.1,77.8,93.5,90.8,85.1,96.6,54.5,50.3,58.9,54.4,48,60.9,89.4,82.5,96.5,24.1,22.2,26,15.7,14.2,17.2,92.6,91.3,93.7,88.6,81.8,95.6,76.9,66.2,87.9,71.4,59.2,83.8
Assam,Sibsagar,92.4,92.3,93.8,98.2,98.2,99.3,73.3,72.6,82.5,83.3,83.5,80.5,98.1,98,99.3,21.8,21.5,25.9,19.5,19.3,22.4,72.1,73.1,57.7,95.9,95.7,98.6,64,63.5,71.3,30.3,29.2,46.2
Assam,Sonitpur,84.3,84.6,79.6,94.8,94.6,97,48.9,47.7,60.2,65.6,64.5,75.3,94.7,94.5,96.8,25.1,24.3,32.7,19.2,18.1,29,78,79.1,67.8,88.6,88.2,92.3,56.3,55.3,65.9,31.1,28.8,52.7
Assam,Tinsukia,83.5,84,79.7,97.2,96.9,98.7,71.9,70.2,81.7,72.9,71.5,81,97,96.7,98.4,21.7,20,31.5,18.4,16.8,27.7,57.2,57,57.8,91.8,91.2,95.3,50.4,45.1,80.7,24.5,20.9,44.5
Bihar,Araria,22,20.8,NA,87,87.6,NA,38.8,38.4,NA,48.6,48.5,NA,85.8,86.4,NA,18.5,18.9,NA,14.9,15.1,NA,26,25.5,NA,68.6,69,NA,44.1,43.6,NA,28.2,28.6,NA
Bihar,Aurangabad,78.8,77.8,88.9,96,95.9,97.2,53.2,53.2,53,39.3,39.1,41.9,95.6,95.5,97.2,11.6,11.8,10.1,7.7,7.7,6.9,20,19.6,23.7,49.4,48.8,55.8,36.8,36.2,42.9,25.1,25.1,24.4
Bihar,Banka,78.2,78,NA,89.7,89.5,NA,59.5,59.2,NA,34.1,33.4,NA,89.6,89.4,NA,9.8,9.6,NA,4.7,4.4,NA,13.5,13.4,NA,38,37.2,NA,29.5,28.6,NA,18.9,18.4,NA
Bihar,Begusarai,67.2,66.8,NA,86.1,85.5,NA,50,48.3,NA,32.7,31.3,NA,86,85.3,NA,10.4,9.5,NA,6.6,5.9,NA,12.4,12.6,NA,39.4,38,NA,28.5,26.7,NA,24.1,22.4,NA
Bihar,Bhagalpur,62.5,64.6,39.3,89.3,88.6,93.7,54.9,53.1,66.4,30.8,28.4,45.5,88.9,88.2,93.4,10.2,9.5,14.3,5.3,4.6,9.8,13.7,13.3,16,40.3,36.1,65.7,32.2,29.4,49.3,22.4,19.7,39.5
Bihar,Bhojpur,71.1,70.2,81.3,91.2,91.5,89.5,57.6,56.4,66.5,39.3,38,48.6,91,91.2,89.5,8.5,7.9,13.1,5.6,5.2,9.3,18.7,18.3,22.1,50.6,48.6,65.2,41.2,39.5,54.3,34.1,32.6,45
Bihar,Buxar,71.5,72.1,61.5,88.2,88.5,84.4,53.9,53.6,58.1,36.4,36,41.9,87.5,87.8,83.9,9.1,9.1,9.1,5.6,5.5,6.5,14.2,14,17.2,42.7,42.2,48.4,32.5,31.8,40.3,26.9,26.4,32.8
Bihar,Darbhanga,49.3,48.3,84.6,74.1,72.8,93.2,36.1,36.4,32.9,35,33.8,51.4,73.4,72,92.5,13,10,55.5,6.4,5,26.7,27.5,27.2,30.1,40.6,37.3,87.7,29.2,29.1,30.8,21.2,21.2,21.2
Bihar,Gaya,70.4,70,72.3,92.5,91.6,96.1,50.9,49.7,56.3,39.1,37.3,46.7,92.2,91.3,95.8,8.7,7.8,12.2,5.9,5.2,8.9,12.6,11.7,16.1,42.1,40.7,48.2,31.9,30.6,37.2,24.5,23.2,29.8
Bihar,Gopalganj,68.5,70.4,42.2,83.1,82.2,94.8,60.5,60.7,58,49.2,48.7,56.5,78.4,77.4,91.7,17.3,17.6,13,10.5,10.6,8.8,31.1,30.9,33.9,60.6,59.8,72.5,45.8,45.3,52.8,33.9,34,32.6
Bihar,Jamui,59.9,60.2,NA,76.6,75.9,NA,50.9,50,NA,34.9,34.6,NA,81.2,80.9,NA,8.6,8.1,NA,5.1,4.9,NA,12.2,11.6,NA,41.7,40.5,NA,30.1,29.2,NA,22,21.7,NA
Bihar,Jehanabad,90.2,89.1,100,92.5,92.6,90.8,58.9,59.4,53.4,37.4,36.9,42.4,92.2,92.3,90.8,7.6,7.5,8.5,4.5,4.3,5.7,20.5,19.9,26.1,41.7,41.1,48.4,32.7,31.8,41.7,22.1,20.8,36
Bihar,Kaimur (Bhabua),73.6,72.9,NA,89.2,89.1,NA,42,42,NA,31.9,31.7,NA,89,88.9,NA,10.2,9.9,NA,5.4,5.2,NA,16.6,16.2,NA,39.6,39.2,NA,31.4,30.7,NA,25.9,25.7,NA
Bihar,Katihar,61.4,60.4,78.6,85.6,86.1,74.3,48.2,48.1,50,44.9,44.6,52.1,84.9,85.5,74.3,7.4,6.5,25,4.1,3.2,22.9,22.7,22.2,34.6,52.6,52.8,46.5,31.7,31.4,37.5,24.6,24.6,25.7
Bihar,Khagaria,63.9,64.9,47.7,83,82.4,93.3,58.5,57.9,70.3,38.1,36.9,58.9,82.2,81.6,92.8,13.2,13.2,12.9,9.6,9.5,12,31.8,31.6,34.9,53.7,52.1,82.8,28.8,27.4,52.6,20,19.5,28.7
Bihar,Kishanganj,58.9,58.1,68.2,84.5,83.4,96.4,41.8,39.8,63.2,43.2,42.6,49.7,81,80.3,88.6,9,7.6,23.3,6,5.1,15,38.4,37.4,47.3,52.2,49.6,79.8,35.9,33.6,60.6,24,22.7,37.8
Bihar,Lakhisarai,63.5,62.1,73.7,86.5,86,90,54,53,62,32.2,31.2,41.1,85.9,85.6,88.8,7.9,7.8,8.7,4.8,4.7,5.9,17.1,17.5,13.8,37.3,36.7,42.4,27.3,26.7,32.7,22,21.3,28
Bihar,Madhepura,40.7,39.8,NA,78.1,78.2,NA,48.3,48.2,NA,28.2,27.9,NA,77.1,77.2,NA,11,10.6,NA,5.6,5.2,NA,29.4,29.7,NA,41.7,41.4,NA,29.2,28.9,NA,16,15.6,NA
Bihar,Madhubani,54.9,55,NA,78.1,77.8,NA,35.9,35.8,NA,37.1,37.1,NA,77.1,76.8,NA,21.4,21.4,NA,14.8,15,NA,33.5,33.1,NA,53,52.4,NA,32.3,31.6,NA,21.6,21.4,NA
Bihar,Munger,68.7,68.5,69.6,92.5,91.7,94.6,57.4,57.4,57.3,38.2,35.8,44.9,92,91.2,94.3,13.3,11.4,19,8.9,7.4,13.1,15.9,15.2,17.9,43.2,39.1,55.2,33.2,28.5,46.8,25.4,20.7,38.8
Bihar,Muzaffarpur,62.1,61.9,63.8,76.8,76.4,83.7,51.5,50.3,73.3,38.1,36.2,72.6,75.7,75.9,71.9,12.4,11.7,25.9,6.5,5.6,23,28.4,28.7,22.1,58.8,57.8,77,33.4,31.3,71.1,29.7,27.4,71.9
Bihar,Nalanda,67.7,68,65.7,91.1,90.6,93.8,58,57.6,60.8,34.6,33.3,42.3,90.7,90.3,93,8.2,7.4,13.4,5.3,4.4,11.2,15.3,14.2,22.1,38.9,36.6,52.9,27.6,26.6,33.9,20.5,19.7,25.5
Bihar,Nawada,74.9,74.2,81.8,90.9,90.7,94.2,54.9,54,64.7,33.3,32.1,47.4,90.6,90.2,94.2,7.7,7.5,9.2,5,4.8,7.5,21.5,20.7,30.7,40.2,39,54.3,30,29.1,39.9,22.3,21.9,27.2
Bihar,Pashchim Champaran,47.2,44.3,74.3,76.7,75.6,92.7,52.4,51.1,70.9,43.4,43,49.1,76.4,75.3,92.7,18.9,18.4,25.5,15.3,15.1,18.2,38.2,37.6,46.1,64.2,62.8,84.5,43.8,41.9,70.9,30.7,30,40.9
Bihar,Patna,64.6,65.2,63.2,93.6,93.5,93.8,64.9,59.8,73.9,44.3,32.5,64.4,93.1,93,93.3,16,10.6,25.2,11.5,5.7,21.5,18.7,15.6,24,48.8,35.7,71.6,40.8,27.7,63.4,34.1,22.1,54.7
Bihar,Purba Champaran,42,40.3,NA,84,83.8,NA,43.6,42.2,NA,34.2,33.1,NA,83.3,83.1,NA,17.4,16.4,NA,7.5,6.4,NA,26.2,27.8,NA,59.8,58.4,NA,46.5,46.4,NA,20.1,18.5,NA
Bihar,Purnia,26.8,21.4,NA,86.3,86,NA,46.9,44.9,NA,27.9,25.4,NA,84.3,84.4,NA,17.4,16.3,NA,7,5.6,NA,28,27.5,NA,38,36.5,NA,26.9,25,NA,26,23.9,NA
Bihar,Rohtas,70.3,70.3,70.3,91.5,91.5,91.3,48.7,47.9,55.4,38.9,37.6,50,91.2,91.2,90.9,10,9.2,16.8,6.1,5.3,13.1,16.8,17,14.7,47.9,46.6,59.1,37.6,36.5,47.3,26.9,25.4,39.9
Bihar,Saharsa,36,30.6,79.2,81.4,82,76.1,51.2,49.9,63,31.9,30.4,45.7,80.8,81.4,75.4,15.5,12.2,45.3,9.4,6.4,37,25.4,25.3,26.7,44.7,42.6,63.8,34.2,31.6,58,26.3,26.3,26.4
Bihar,Samastipur,28.5,27.4,NA,90,89.9,NA,48.9,48.9,NA,28.2,27.1,NA,88.9,88.8,NA,7.1,6.8,NA,2.7,2.5,NA,23.5,24.1,NA,43.4,42.4,NA,28.1,26.8,NA,17.1,16.3,NA
Bihar,Saran,43.4,37.4,72.6,86.8,87.4,81.9,51.4,50.8,55.8,27.6,26,40.2,85.7,86.3,81.2,13.4,12.7,18.8,7.7,6.7,15.9,22.5,22.7,20.8,54.2,53.1,63,36.8,35.5,48.2,24,22,40.6
Bihar,Sheikhpura,74.9,73.3,87.8,93.2,93.2,93.2,58.1,58.1,58.4,36.7,36.2,40.8,93,93,93.2,9,8.6,12,4.6,4.3,7.2,17.8,17.9,16.7,38.7,37,53.2,30.2,28.2,47.6,22.2,20.2,39.2
Bihar,Sheohar,29.8,29.9,NA,82.4,82.4,NA,35.2,34.8,NA,22.6,21.8,NA,81.4,81.4,NA,14.4,14,NA,6.1,5.2,NA,28.5,27.2,NA,42.5,42,NA,31.8,32,NA,22.3,22.6,NA
Bihar,Sitamarhi,31.9,29.7,NA,77.6,76.8,NA,29.1,27.8,NA,30.2,29.2,NA,76.7,75.8,NA,16.9,16.9,NA,11.5,11.6,NA,27.6,26.4,NA,50.7,48.2,NA,35.2,33.9,NA,17.1,14.7,NA
Bihar,Siwan,73,73.6,70.2,85.2,85,86.6,58.1,57.7,61.5,44,41.5,64.2,84.6,84.4,86.4,13.8,11.8,30.6,10.1,8.1,26.5,45.6,47.3,32,65.4,63.7,79.4,42,39.8,59.7,31.6,29.4,49.6
Bihar,Supaul,45.1,42,NA,78.1,77.1,NA,47.7,46.8,NA,30.1,29.7,NA,74.6,73.6,NA,10.7,9.5,NA,5.1,4.3,NA,34.7,35.3,NA,47.7,45.9,NA,34.8,33.5,NA,23,22.7,NA
Bihar,Vaishali,61.6,60.8,73.7,92.9,92.7,97.6,52.4,50.8,84.8,37.4,35.9,70.4,90.4,90.1,95.2,8.1,7.8,15.2,5,4.7,11.2,19.4,19.4,19.7,60.8,59.6,85.6,41.2,40,66.4,25.5,24.8,41.6
Chhattisgarh,Bastar,79.14,79.67,73.68,89.24,89.27,88.97,82.11,81.9,84.41,69.38,68.77,76.05,88.65,88.62,88.97,26.67,26.05,33.46,23.36,22.57,31.94,49.72,48.75,60.26,85.26,85.33,84.41,67.99,66.63,82.89,51.68,50.07,69.2
Chhattisgarh,Bilaspur,78.25,77.97,78.51,91.33,92.55,87.87,66.79,66.68,67.12,66.39,65.83,67.98,90.45,91.79,86.68,20.44,21.08,18.62,15,14.66,15.97,38.69,38.76,38.48,73.68,72.53,76.94,46.71,42.56,58.41,28.77,22.49,46.46
Chhattisgarh,Dantewada,84.44,83.71,88.14,89.24,89.2,89.49,45.18,39.54,81.66,68.53,66.01,84.84,88.8,88.81,88.75,32.43,33.02,28.61,24.86,24.66,26.16,49.38,50.98,39.07,83.96,83.1,89.49,49.69,44.14,85.57,36.75,32.37,65.04
Chhattisgarh,Dhamtari,89.59,89.57,89.83,97.84,97.78,98.27,84.98,84.57,88.34,81.25,81.95,75.59,97.74,97.7,98.06,52.17,51.6,56.8,47.41,47.29,48.38,52.07,52.64,47.47,91.94,91.24,97.62,76.69,74.42,95.03,33.16,30.8,52.27
Chhattisgarh,Durg,86.65,87.08,85.75,93.54,92.18,96.33,84.77,82.01,90.46,78.66,74.3,87.65,93.44,92.16,96.09,37.13,36.8,37.8,34.11,33.41,35.54,41.82,45.95,33.65,88.4,85.69,94.01,69.18,59.34,89.48,40.49,27.64,66.97
Chhattisgarh,Janjgir-Champa,75.72,75.11,78.82,96.59,96.59,96.61,83.7,83.5,85.76,53.99,50.97,85.42,95.76,96.29,90.17,20.24,19.54,27.46,14.9,14.05,23.73,47.64,47.87,45.26,87.49,86.75,95.25,70.32,68.38,90.51,26.47,24.39,48.14
Chhattisgarh,Jashpur,80.17,79.61,NA,92.6,92.55,NA,61.83,61.55,NA,48.28,47.71,NA,92.33,92.27,NA,22.49,21.86,NA,14.2,13.4,NA,43.97,44.16,NA,71.75,71.18,NA,34.82,34.71,NA,19.9,18.97,NA
Chhattisgarh,Kanker,81.26,81.7,NA,92.97,92.73,NA,83.37,82.89,NA,76.46,75.84,NA,92.83,92.62,NA,39.26,39.17,NA,35.86,35.73,NA,43.63,43.14,NA,90.2,89.96,NA,76.87,76.2,NA,48.85,48.58,NA
Chhattisgarh,Kawardha,77.62,77.06,NA,90.58,89.83,NA,60.12,56.23,NA,61.66,59.19,NA,90.25,89.58,NA,21.48,17.69,NA,18.32,15.12,NA,43.06,44.57,NA,64.03,60.55,NA,35.89,32.8,NA,15.21,13.59,NA
Chhattisgarh,Korba,73.04,66.33,83.53,90.27,87.22,96.17,62.14,52.09,81.58,60.93,49.6,82.85,89.76,86.47,96.12,18.27,13.69,27.14,14.78,9.46,25.08,42.96,41.26,45.93,70.02,59.69,90.01,49.68,36.31,75.53,28.83,20.15,45.62
Chhattisgarh,Koriya,75.68,73.68,84.81,87.5,85.33,96.3,74.96,73.87,79.35,52.35,48.48,68.04,86.63,84.24,96.3,26.78,24.87,34.57,21.5,19.5,29.57,55.38,54.72,57.79,75.45,70.69,94.78,59.88,55.89,76.09,38.89,33.96,58.91
Chhattisgarh,Mahasamund,88.29,88.88,73.08,93.07,92.48,98.69,70.28,68.36,88.65,76.57,75.91,82.97,92.19,91.51,98.69,32.86,32.28,38.43,30.46,29.95,35.37,52.34,51.38,61.06,85.7,85.07,91.7,66.46,64.84,82.1,31.75,30.33,45.41
Chhattisgarh,Raigarh,90.69,91.22,85.25,90.73,89.87,96.83,81,79.27,93.25,71.59,69.31,87.7,90.66,89.8,96.83,34.24,33.39,40.28,28.2,27.1,36.51,44.42,42.7,55.74,83.06,81.34,95.24,59.48,56.01,84.13,41.8,38.04,68.45
Chhattisgarh,Raipur,92.47,91.07,94.59,91.35,91.05,92.24,73.17,72.68,74.65,70.57,67.67,79.19,91.08,90.89,91.63,20,18.54,24.35,15.78,14.06,20.89,41.73,43.1,37.72,75.81,72.58,85.41,59.63,52.22,81.57,32.8,24.79,56.53
Chhattisgarh,Rajnandgaon,85.67,83.63,90.2,92.35,94.31,79.95,75.54,76.18,71.53,69.74,69.29,72.77,92.23,94.18,79.95,32.36,31.05,40.59,24.42,22.25,38.12,41.26,41.53,39.32,86.76,87.96,79.21,67.14,65.81,75.5,28.9,23.95,60.15
Chhattisgarh,Surguja,67.1,65.07,100,90.05,89.56,98.06,69.36,67.97,91.75,43.12,40.64,83.01,83.83,82.95,98.06,31.71,30.58,50,18.64,17.08,43.69,29.78,28,55.94,60.3,58.02,97.09,34.07,31.15,81.07,24.18,21.79,62.62
Jharkhand,Bokaro,78.2,75.1,82.1,97.1,96.6,97.7,66.2,57.5,76.4,73.4,67.9,80,96.7,96.3,97.1,21.7,15.6,28.9,19.8,13.6,27.1,14.9,15.3,14.4,75,66,85.6,63.5,54.6,73.8,42,26.5,60.1
Jharkhand,Chatra,60.7,60.5,63.3,86.4,86.5,85.2,54.7,54.5,56.4,37.6,36.7,47,85.9,86,84.7,11.8,11.4,14.8,6.7,6.5,8.9,14.4,12.5,32.8,42.8,42.1,50,31.7,30.8,39.8,21.8,21.2,28.4
Jharkhand,Deoghar,67.6,66.2,82.9,89.1,89.2,88,64.8,64,70.8,48.7,47.9,55.5,88.5,88.6,87.6,9.2,8.7,13.5,6.5,5.8,11.7,15.2,14.8,18.3,44,42.3,57.7,35.3,33.9,46.4,18.6,15.8,40.1
Jharkhand,Dhanbad,77.3,75.9,78.2,95.3,94.6,96,64,54.2,72.7,72.9,70.2,75.4,94.7,94,95.3,20,16.6,23.1,18.3,14.8,21.4,13.9,12.2,15.3,73,64.1,80.7,51.5,42.6,59.3,34.4,24.9,42.8
Jharkhand,Dumka,70.5,70.1,75.8,92.9,92.6,99.5,59,58,78.6,60.7,59.6,80.2,92.3,91.9,98.9,13.9,13,29.1,11.4,10.5,26.4,11.9,10.1,43.1,48.2,46.6,76.4,27.8,25.7,64.8,10.6,9.3,34.6
Jharkhand,Garhwa,64.4,64.3,NA,87.1,86.5,NA,51.1,49.5,NA,34.9,32.5,NA,86.8,86.2,NA,9.2,8.9,NA,5.1,4.5,NA,17.1,15.3,NA,37.1,35.9,NA,29.7,28.6,NA,15.3,13,NA
Jharkhand,Giridih,61.8,62.2,51.5,86.1,85.7,94.8,56.2,55.6,68.2,56.7,56.4,64.6,85.4,85,92.7,11.3,11.1,15.1,8.3,8.2,11.5,11.6,11.3,15.9,58.7,58.3,67.2,42.8,41.7,64.1,26.2,24.9,53.1
Jharkhand,Godda,64.1,63.8,NA,85.7,85.4,NA,54.3,53.8,NA,36,35.3,NA,85.1,84.8,NA,9.7,9.4,NA,6,5.7,NA,16.3,16,NA,34,33.5,NA,27.4,26.8,NA,15.6,15,NA
Jharkhand,Gumla,75.4,74.8,88.1,95.3,95.2,97.2,62.8,62,77,53.1,51.7,78.2,95,94.9,97,16.4,16.1,22.8,10.5,9.9,20.3,21.4,19.2,60.4,48.9,47.7,70.6,31.7,29.9,65.3,14.6,13.2,39.2
Jharkhand,Hazaribagh,76,75.7,77.2,95.2,94.5,98.8,65.3,63,76.1,68.2,66.1,78.3,94.8,94.1,98.4,12.8,11.8,17.6,10.6,9.9,14.1,18.6,17.7,22.8,59.4,56.7,72.4,50.1,48.6,57.2,36.5,33.5,51.1
Jharkhand,Kodarma,71.1,70.7,74.5,93.9,93.8,94.3,66.6,66,69.9,66.7,66.1,70.5,93.4,93.4,93.5,15.3,14.6,19.3,13.2,12.8,15.8,12,11.9,12.9,66.9,67.3,64.9,59.1,57.4,68.7,39,38.1,44
Jharkhand,Lohardaga,78,76.9,90.2,97.1,96.9,98.8,62.5,60.2,82.4,63.2,60.7,86.3,96.5,96.3,98,17.1,15,35.4,13.3,11.2,32.2,25,24,33.8,63.3,60.1,91.5,46.3,42.4,81.4,19.4,15.3,55.5
Jharkhand,Pakaur,61.6,61.8,NA,90.7,90.6,NA,48.2,47.6,NA,48.4,48.1,NA,90,89.9,NA,10.4,10,NA,7.7,7.5,NA,20.9,20.2,NA,46.2,45.9,NA,29.6,28.9,NA,19.6,18.9,NA
Jharkhand,Palamu,63.2,63.2,62.5,87.8,87.3,96,52.7,51.5,72.1,39.5,38.6,55.3,87.4,86.9,96,12.3,12.4,11.5,8.1,8,9.3,12.3,12,17.1,43.5,43,52.2,32.5,31.5,48.7,20.8,19.9,34.5
Jharkhand,Pashchimi Singhbhum,75.1,73.9,83.3,87.6,86.2,96.6,58.8,55.9,78,61.4,58.5,80.4,86.7,85.3,96.2,18.3,15.6,35.6,14.6,12,31.9,17.1,15.7,25,51.8,47.1,81.9,36.9,31.4,72.8,19.2,13.1,58.2
Jharkhand,Purbi Singhbhum,84.2,87.3,81.3,97.9,98.1,97.7,70.4,64.2,76.2,81.9,76.6,87,97.4,97.5,97.3,31.7,24.5,38.6,28.9,20.7,36.6,19.3,17.2,21.3,80.5,71.7,88.7,61.7,44,78.5,43.8,19.9,66.4
Jharkhand,Ranchi,85.5,84.8,86.7,96.9,96.2,98.3,75.4,71,84.1,69.5,61.8,84.9,96.6,95.9,98,24.8,21,32.3,20.5,15.6,30.2,24.1,24.5,23.2,69.3,58.3,91,55.9,45.2,77.1,39.8,29.1,61
Jharkhand,Sahibganj,64.3,64.2,65.5,86.7,86,93.6,56.9,56.1,65.3,35.8,34.6,49.3,86,85.3,93.2,9.5,8.9,16.3,5.4,5,10.3,17.7,15.3,41,40.8,39.1,59,29.6,28.1,45.4,13.9,12.4,30.9
Madhya Pradesh,Balaghat,88.1,89.5,82.8,97.8,97.9,96.8,86.2,88.2,74.3,89.4,90.1,85.5,97.4,97.6,96.8,30.9,30.9,30.9,28.8,28.7,29.2,27.3,26.3,32.7,90.3,90.8,87,70.6,71.6,64.6,39.8,39.3,42.6
Madhya Pradesh,Barwani,90.3,89.2,96.5,89.5,87.1,99.1,67.3,62.5,86.3,60.7,53.9,87.8,89,86.5,99.1,15.1,13.8,20.6,13,11.2,20.2,60.4,56.9,72.9,69.8,65,88.9,59.5,52.2,89.2,46.6,41,69
Madhya Pradesh,Betul,82.5,83,80.8,94.6,94.4,95.5,82.5,82,84.9,86.8,88.6,77.8,93.3,93.2,93.8,32.5,33.1,29.4,28.4,29.4,23.4,37.4,36.6,41.4,73.9,71.5,86.4,57.7,55,71.6,33,29.1,52.7
Madhya Pradesh,Bhind,78.4,79.6,76.2,89.8,89.3,90.8,61.9,62.7,60.5,42.2,40.4,45.7,87.6,86.6,89.6,13.6,11.6,17.4,6.1,5.1,7.9,58.2,51.4,71.3,56.2,53.6,61.1,51.3,48.3,57,38.3,36.6,41.7
Madhya Pradesh,Bhopal,82,81.5,82.2,96.3,95.7,96.4,84,80.5,84.8,81.7,69.9,84.4,96,95.1,96.2,30.5,22.6,32.4,28.3,20.4,30.1,62.7,66.6,61.8,90.8,85.6,92,90.2,83.3,91.8,75,58.6,78.7
Madhya Pradesh,Chhatarpur,29.4,32.9,16.3,92.4,91.5,95.8,71.6,68.6,83.2,80.9,78.1,91.9,91.7,90.9,95,21.6,23.3,15,19.2,20.4,14.2,49.1,47.7,54.2,66.7,65.8,69.8,43.2,40.1,55.6,25.8,25.1,28.6
Madhya Pradesh,Chhindwara,78,77.1,79.7,92.8,92.9,92.3,79.5,79.1,80.8,86.9,86.3,88.7,91.9,92.3,91,27,29.5,19.6,24.9,27.5,17.5,30.5,30.8,29.4,69.4,69,70.4,59.8,59.3,61.4,31.2,28.5,39
Madhya Pradesh,Damoh,71.5,71.3,72,92.9,92.6,94.4,76.2,73.7,86.6,78.2,77.4,81.9,91.4,90.9,93.5,18.9,16.5,28.4,14.2,11.7,24.6,43.7,41.1,54,68.4,65.2,81.7,38.7,35.4,52.3,27,27.5,25.1
Madhya Pradesh,Datia,72.2,71.6,73.4,88.1,89.4,84.8,67.5,68,66,49.5,50.9,45.8,86.8,88.2,82.9,9.2,8.3,11.6,5.2,4.5,7,43.2,35.7,64.5,52.2,48.8,61.2,51.6,47.8,61.7,36.6,31.2,51.1
Madhya Pradesh,Dewas,68.2,70.8,61.9,96.3,95.8,97.6,76,74.8,78.6,68.6,65.2,75.9,96.1,95.6,97.3,18.3,17.3,20.4,16.9,16.1,18.8,59.8,61.1,57,88.2,85.6,94.1,74.8,73.1,78.5,58.4,53.8,68.6
Madhya Pradesh,Dhar,89.1,88.9,90.3,96,95.6,97.5,76.7,73.5,88.8,63.9,64,63.5,95.6,95.2,97.2,20,19.3,22.9,14.7,13.7,18.3,53,53.6,50.8,74.5,70.9,87.8,69.2,65.9,81.7,43.1,37.3,64.7
Madhya Pradesh,Dindori,78.1,74.9,NA,94.5,94.4,NA,77.5,77.5,NA,87.9,88.2,NA,93.4,93.2,NA,15.6,15.8,NA,14.5,14.6,NA,32,30.8,NA,76.4,76.1,NA,31.3,29.8,NA,14.3,13.6,NA
Madhya Pradesh,East Nimar,79.1,78.2,82.8,92.2,90.9,96.6,71.9,69.5,80,54.5,51.1,66,91.9,90.7,96.2,19.2,18.3,22.2,13.5,12.3,17.5,39.8,37.8,46.3,63.5,59.2,78.2,58.3,54.2,72.5,48.7,44.2,64.2
Madhya Pradesh,Guna,76.5,75.1,80.8,92,92,92.3,64.6,61.8,75.4,48.4,46.1,57.1,91.5,91.4,91.8,12.6,11.7,15.9,10.1,8.9,14.6,63.2,62.9,64.5,50.5,47.5,61.5,51.8,49.4,60.6,31.5,28.8,41.8
Madhya Pradesh,Gwalior,81.7,81.1,82.1,94.2,89.8,96.4,77.1,74.1,78.6,71.6,60.5,77.1,93.8,89.2,96,20.3,14.3,23.3,16.8,10.8,19.7,57.3,56.1,57.8,81,65.9,88.4,77.7,62.4,85.2,60.5,40.8,70.2
Madhya Pradesh,Harda,86.7,85.3,90.2,93,92.4,95.3,82.3,80.7,89.5,86.9,85.7,92.1,91.5,90.7,94.7,16.6,16,18.9,15.3,14.7,18.1,39.2,35.9,53.5,77,74.8,86.4,64.8,61.4,79.6,39.5,35.4,57.4
Madhya Pradesh,Hoshangabad,81.6,75.7,90.7,94.7,93.2,98.1,74.9,71.9,81.3,92.4,90,97.6,94.7,93.2,98,18.8,19.8,16.8,18.1,18.9,16.4,50,47.8,54.7,81.7,81.1,83.1,72.5,72.3,72.9,50.3,49.2,52.6
Madhya Pradesh,Indore,84.8,78.8,87,97.3,98,97.1,87,85.5,87.5,88,83.3,89.6,97.1,97.7,96.9,32.5,30.2,33.3,30.6,28.4,31.3,57.8,64.9,55.2,95.9,94.9,96.3,93.5,89.8,94.8,88.8,81.4,91.5
Madhya Pradesh,Jabalpur,85.2,86.4,84.4,94.1,93.7,94.4,77.2,65.5,85.9,90.3,89.4,90.9,94.1,93.6,94.4,28,22.8,32,26.8,21.9,30.5,39.7,41.3,38.5,80.4,70.8,87.6,71.3,62.6,77.9,46.6,30.3,58.9
Madhya Pradesh,Jhabua,69.4,66.9,93.9,86.9,86.1,95.4,63.5,62.3,75.8,61.1,60.3,69.4,86.2,85.3,95,21.4,20.9,26.5,18.9,18.6,21.9,72.5,72.2,75.6,74.1,72.7,88.1,63.4,61.4,83.1,39.5,37.4,60.3
Madhya Pradesh,Katni,84.9,84,87,98,97.7,98.8,70.4,65.3,87.4,90.3,89.4,93.4,97.4,97.2,97.9,20.7,19.8,23.7,19.8,18.7,23.3,49.3,46.1,59.9,84.8,83.2,90.3,46.6,44.4,54,19.8,13.5,41.2
Madhya Pradesh,Mandla,76.9,75.7,88.9,92.1,91.6,97.1,69.6,68.5,81.2,81.2,81.7,76.7,90.6,90,96.1,19.2,18.7,24.3,16.3,15.8,21.4,23.6,22.9,29.7,60.1,58.6,74.8,40.4,37.4,69.3,24.7,22.6,45
Madhya Pradesh,Mandsaur,79.7,77.2,88.5,94.2,92.8,98.6,73.7,69.2,88.4,67.9,61.6,88.4,94,92.6,98.5,32.6,24.8,58,26.2,17.6,54.4,61.8,59.8,67.9,83.8,80.9,93.2,80.7,76.2,95.1,63.8,58,82.7
Madhya Pradesh,Morena,70.4,75.3,63.6,95.7,95.6,96.1,69,69.8,67,50.5,47.6,58.5,95.6,95.6,95.5,5.7,5.9,5.2,3.7,4.3,2,48.8,48.6,49.1,58,53.6,69.9,57.2,55.6,61.7,37.9,34.9,46
Madhya Pradesh,Narsimhapur,62.2,61.5,68.2,95.8,95.7,96.6,88.6,88.2,91.2,91.4,91.5,90.5,95.5,95.3,96.6,27.6,24,48.6,26.4,22.9,46.9,43.3,43.7,40.8,88.5,87.8,92.5,74.7,73.2,83.3,53.3,51.7,62.9
Madhya Pradesh,Neemuch,79.8,81.4,77.2,93.4,91.8,96.2,74.9,70.7,82.1,70,61.9,83.8,92.7,90.9,95.8,30.2,22.5,43.6,25.8,17.7,39.7,49.8,45.8,56.3,87.7,83.4,95,80.5,72.5,94.2,53.2,45.9,65.8
Madhya Pradesh,Panna,46.3,41.2,70.5,90.4,89.6,95.2,58.9,57.1,70.8,71.7,70,82.4,88.2,87.2,94.4,21.7,21.4,23.2,15.9,14.8,22.8,39.5,37,54.6,57.9,56.1,68.8,39.9,39.5,42.4,17.2,15.2,30
Madhya Pradesh,Raisen,86.7,88.6,82.4,92.6,91.2,98.3,75.9,72.9,88,79.5,78,85.6,92.2,90.7,98,11.6,11.1,13.7,8.8,8.5,9.7,57.5,53.9,71.1,64.6,61.9,75.6,48.6,45.4,61.5,25.4,23.5,33.1
Madhya Pradesh,Rajgarh,83.7,82.5,94.3,92.4,91.4,98.8,80.9,79,93.7,61.3,58.1,82.5,91.7,90.6,99.1,13.8,13.4,16,8.2,7.4,13.9,67.2,65.4,78.6,81.3,79.3,94.3,73,70,92.7,52.8,51.9,58.3
Madhya Pradesh,Ratlam,85.1,81.4,92.2,96.3,95,98.3,72.3,65.1,83.2,66.7,59.3,78,95.9,94.4,98.2,17.3,13.8,22.8,15.2,11.1,21.6,64.9,67.6,60.9,92.3,90.5,95.1,82.1,80,85.2,61.9,51.1,78.4
Madhya Pradesh,Rewa,40.5,36.7,60.5,91,90.5,93.8,71.6,69.7,84.2,69.2,65.9,90.8,89.2,88.5,93.3,21.4,21.4,21.3,13.4,12.4,20,55,53.2,66.2,71.5,69.3,85.8,52,50.2,63.3,25.2,23.4,37.1
Madhya Pradesh,Sagar,24.3,17.9,38.1,90.6,88.9,95.2,72.6,70.7,77.7,80.2,82.1,75,89,88,91.7,19.4,20.4,16.6,16.4,18.1,12,26.8,25.3,30.6,53.4,45.4,74.4,31.5,28,40.9,19,16.4,26.1
Madhya Pradesh,Satna,77.5,78.9,73.4,90.3,89.2,94,69.1,68.9,69.7,75.1,75.2,74.8,86.7,85.2,91.4,16.7,15.1,21.6,12,10.1,17.8,34.5,31.4,43.8,55.2,54.6,57.2,35.1,32.8,42.5,18.9,18.4,20.2
Madhya Pradesh,Sehore,82.9,82.4,85.4,92.3,91.4,95.9,70.8,68.7,79.1,63.2,60.3,74.7,92,91.1,95.6,16.1,12.4,30.2,14.6,10.9,28.8,48.6,46.7,55.9,80.6,77.2,93.7,64.9,59.6,85.4,41.9,38.2,56.3
Madhya Pradesh,Seoni,84.6,86.1,68,96.7,96.5,98.3,72.6,71.6,83.6,84.4,84,88.7,95.8,95.5,98.3,24.3,23.2,36.2,22.2,21,34.5,26,25.2,34.5,69.2,67.2,91,56,54.1,77.4,25.8,23.6,50.3
Madhya Pradesh,Shahdol,72.7,69.4,86,85.7,86.2,83.7,70.3,68.8,75.1,79.4,81.3,73.2,84,85.4,79.2,19.1,19.1,18.8,17.1,17.3,16.6,51.8,52.4,50,71,69.3,77,52.5,51.5,55.9,26.9,24.4,35.1
Madhya Pradesh,Shajapur,85.6,82.9,95.7,96.3,96.1,97.1,71.6,67.6,82.7,62.2,58.4,72.6,95.8,95.7,96,11.9,11.8,12.3,7.9,7.1,10,64.6,65.6,61.8,90.1,89.6,91.7,77.2,74.2,85.4,59.6,56.1,69.4
Madhya Pradesh,Sheopur,65.9,62.3,90.8,85.8,84.8,91.7,68.9,68.7,70.7,44.3,42.5,55.2,84.3,83.3,90.7,6.7,5.9,11.7,5.5,4.5,11.1,42.8,40.8,54.5,46.6,44.1,61.9,44.6,42.2,58.8,31.1,29.7,39.6
Madhya Pradesh,Shivpuri,61,62.5,52.8,89.5,89,92.4,70.1,70.9,65,46.9,45.5,55.2,88.4,87.8,92.4,13.5,12.7,17.9,6,5.4,9.3,59.6,57.3,73,63.8,60.8,81.9,51.3,50.3,56.9,31.3,29.1,44.3
Madhya Pradesh,Sidhi,50.4,44.9,76.5,80.4,79.7,87,63.4,63.3,64.1,71,69.9,80.4,79.4,78.6,87,11.8,11.3,16.8,9.5,8.9,15.2,55.8,56.4,50.6,68.1,66.9,78.8,50.8,49.7,59.8,24.3,22.7,38
Madhya Pradesh,Tikamgarh,37.9,34.4,55.7,84.8,83.4,91.5,56.5,53.3,72.1,73.2,70.9,84.4,80,77.9,90.2,12.3,12.5,11.2,10.3,10.2,10.4,83.9,84.2,82.7,56,55.9,56.8,31,28.4,43.4,17.3,16.1,23
Madhya Pradesh,Ujjain,86.7,85.1,89.3,96,94.4,98.7,77.4,74.9,81.6,78.3,75.6,82.7,95.8,94.3,98.3,15.6,8.6,27.3,12.3,6.6,21.9,58.5,56.9,61,85.1,83.2,88.4,66.5,62.2,73.6,58.4,51.3,70.4
Madhya Pradesh,Umaria,49,63.5,27.2,82.3,81,90.2,63.7,62,74.1,68.3,67.5,73.2,78.5,76.7,89.6,19,18,25.3,14.5,13.5,21.3,57.3,56.2,63.6,63.9,60.9,82.9,49.4,47.1,63.6,24.5,22.1,39.5
Madhya Pradesh,Vidisha,71.9,70.2,77.3,96.2,95.2,98.8,79,76.6,85.2,91.4,90.8,92.9,95.3,94.1,98.2,16.4,16.4,16.4,15.1,15.4,14.2,45,46.2,41.8,77.9,75.9,83.3,56.7,52.8,67.1,28,26.1,32.9
Madhya Pradesh,West Nimar,87.4,87.2,89,95.9,95.6,97.6,71.1,70.1,77.5,68.1,67.2,73.6,95.3,95,97.5,17.5,16.6,23.2,13.6,13,17.1,57.6,56.3,65,74.4,71.3,93.3,67.7,64.6,86.7,54.8,52.4,68.9
Odisha,Anugul,80,78.28,90.91,98.25,98.63,96.27,73.89,72.96,78.78,85.54,85.23,87.23,96.88,97,96.27,22.19,20.85,29.27,21.1,19.66,28.68,57.67,60.56,42.04,83.35,82.58,87.43,73.56,72.38,79.76,47.56,45.44,58.74
Odisha,Balangir,90.88,91.07,86.67,99.23,99.21,99.51,74.35,73.3,87.86,83.77,83.38,88.83,99.23,99.21,99.51,23.8,23.98,21.36,21.1,21.23,19.42,72.51,73.83,55.61,92.61,92.22,97.57,72.37,71.5,83.5,44.08,42.49,64.56
Odisha,Baleshwar,90.65,90.77,89.29,99.12,99.1,99.33,78.38,77.29,87.96,86.92,86.27,92.64,99.06,99.03,99.33,20.22,19.47,26.76,18.82,17.99,26.09,62.84,65.02,43.77,88.58,87.92,94.31,72.58,70.98,86.62,43.48,41.95,56.86
Odisha,Bargarh,89.61,89.99,84.85,99.27,99.23,99.66,78.32,78.02,81.57,86.69,86.16,92.49,99.22,99.21,99.32,26.23,26.32,25.26,23.72,23.77,23.21,64.77,65.57,56.16,88.5,88.35,90.1,77.08,76.73,80.89,60,58.74,73.72
Odisha,Baudh,69.83,68.9,NA,97.35,97.42,NA,67.64,67.01,NA,72.17,72.1,NA,96.3,96.37,NA,35.11,34.8,NA,27.52,27.27,NA,80.94,80.69,NA,86.6,86.98,NA,79.14,78.9,NA,36.25,35.77,NA
Odisha,Bhadrak,90.78,91.82,82.22,98.56,98.54,98.65,70.29,68.88,80.22,80.64,79.68,87.42,98.34,98.36,98.2,19.51,18.64,25.62,17.93,16.94,24.94,53.66,55.95,37.59,84.61,83.8,90.34,70.53,69.82,75.51,49.89,49.58,52.13
Odisha,Cuttack,79.34,80.45,75.9,98.27,98.51,97.57,77.31,75.81,82,83.18,81.64,88.29,98.06,98.45,96.86,40.85,36.18,55.43,36.5,31.86,51,64.16,73.54,34.55,91.42,91.09,92.43,80.52,77.89,88.71,68.07,63.01,83.86
Odisha,Debagarh,81.81,82.07,77.78,98,97.93,98.78,71.29,70.36,82.32,83.06,82.25,92.68,98,97.93,98.78,19.71,19.47,22.56,18.2,17.83,22.56,87.04,87.93,76.54,82.78,82.05,91.46,75.2,73.87,90.85,36.73,35.04,56.71
Odisha,Dhenkanal,80.15,79.94,81.82,98.26,98.33,97.34,67.02,66.33,75.53,80.81,80.67,82.45,98.01,98.07,97.34,23.69,23.11,30.85,21.08,20.46,28.72,78.79,78.49,82.51,85.88,85.99,84.57,79.31,78.49,89.36,45.2,44.11,58.51
Odisha,Gajapati,50.3,48.66,72.73,96.17,95.72,99.34,66.86,63.95,92.05,80.56,78.56,97.35,95.75,95.33,99.34,35.27,33.14,53.64,31.85,29.33,53.64,55.51,56.34,48.67,82.72,80.87,98.68,71.79,69.06,95.36,33.95,29.9,68.87
Odisha,Ganjam,63.38,60.38,80,95.86,95.44,98.39,70.83,69.06,81.85,79.67,77.85,91.13,95.55,95.09,98.39,32.67,30.59,45.56,29.54,27.21,43.95,61.56,63.55,49.59,83.52,81.97,93.15,76.66,74.26,91.53,49.15,45.38,72.58
Odisha,Jagatsinghapur,74.4,74.85,70,98.6,98.72,97.37,81.13,80.83,84.21,89.73,90.27,84.21,98.37,98.47,97.37,57.45,58.31,48.68,54.65,55.36,47.37,70.37,69.73,77.03,93.82,93.99,92.11,91.57,92.09,86.18,69.1,68.91,71.05
Odisha,Jajapur,82.38,81.99,NA,98.45,98.41,NA,70.85,70.25,NA,83.3,82.98,NA,98.14,98.1,NA,26.87,27.04,NA,24.88,24.96,NA,64.23,65.1,NA,85.95,85.71,NA,73.24,73.07,NA,46.83,46.48,NA
Odisha,Jharsuguda,84.43,83.8,85.53,99.7,99.66,99.78,83.64,82.36,85.64,94.83,94.88,94.75,99.52,99.45,99.63,42.58,45.36,38.23,41.43,44.02,37.39,58.42,69.27,41.44,94.39,94.24,94.64,77.69,75.45,81.2,60.24,53.47,70.84
Odisha,Kalahandi,69.64,68.63,88.89,94,93.53,98.54,64.77,64.53,67.15,66.96,65.09,82.48,93.26,92.87,97.08,26.82,26.65,28.47,20.19,19.73,24.82,79.77,81.93,59.26,83.25,82.16,94.16,79.02,78.01,89.05,47.83,45.24,73.72
Odisha,Kandhamal,69.31,68.76,77.27,98.65,98.57,100,63.81,63.02,74.17,84.02,83.18,95.83,98.58,98.47,100,42.27,42.31,41.67,37.77,37.47,41.67,79.49,78.49,92.5,87.62,87.06,95,73.89,72.92,86.67,37.38,35.35,64.17
Odisha,Kendrapara,85.88,86.11,81.82,99.26,99.25,99.39,76.36,75.78,86.59,88.31,87.96,94.51,99.22,99.21,99.39,27.26,26.29,44.51,25.93,24.89,44.51,69.49,70.61,49.69,89.57,89.43,92.07,81.24,80.97,85.98,64.94,64.1,79.88
Odisha,Kendujhar,91.16,92.98,81.48,97.95,98.35,95.92,74.48,74.44,74.74,71.58,72.37,67.47,97.69,98.15,95.31,28.81,27.76,34.19,23.77,22.89,28.29,85.93,88.75,70.98,72.15,72.06,72.62,40.98,39.8,47.05,35.82,33.24,49.17
Odisha,Khordha,79.02,79,79.06,97.37,97.58,97.09,68.85,63.51,77.64,82.31,80.66,85,96.78,97,96.42,38.67,33.05,47.92,34.98,29.37,44.19,57.22,67.22,40.7,86.06,83.25,90.68,79.6,75.57,86.24,68.91,62.35,79.69
Odisha,Koraput,75.2,74.53,81.82,97.23,97.49,96.02,55.64,54.85,59.73,74.92,74.05,80.09,96.77,96.92,96.02,22.07,21.05,27.43,16.84,15.5,23.89,43.97,37.86,76.5,76.08,75.4,79.65,49.8,46.64,66.37,30.71,26.18,54.42
Odisha,Malkangiri,83.57,83.36,86.49,94.15,93.91,97.44,56.79,55.93,69.87,73.34,73.2,76.28,93.7,93.46,97.44,29.21,29.74,21.15,25.57,25.98,19.23,31.07,29.16,59.21,76,75.89,77.56,42.92,41.74,60.9,20.04,18.7,40.38
Odisha,Mayurbhanj,86.01,85.18,100,99.19,99.22,98.77,77.57,77.03,87.04,90.04,89.76,95.06,99.1,99.12,98.77,41.48,42.01,32.1,38.39,38.78,31.48,91.48,92.34,76.25,90.42,90.05,96.91,62.98,61.72,85.19,26.89,25.47,51.85
Odisha,Nabarangapur,73.05,72.83,NA,95.08,94.89,NA,63.27,62.51,NA,70.05,69.42,NA,93.45,93.4,NA,41.62,41.42,NA,31.38,31.12,NA,30.68,28.59,NA,83.31,83.2,NA,51.68,50.87,NA,16.84,16.36,NA
Odisha,Nayagarh,72.99,73.16,NA,96.91,96.9,NA,58.84,58.25,NA,72.36,72.18,NA,96.5,96.47,NA,30.95,30.93,NA,24.97,24.79,NA,72.01,71.96,NA,71.27,71.03,NA,66.01,65.9,NA,54.34,53.9,NA
Odisha,Nuapada,54.11,53.76,NA,98.41,98.29,NA,61.69,61.52,NA,82.63,82.52,NA,97.18,97.06,NA,56.7,56.98,NA,46.99,47.16,NA,85.3,85.76,NA,90.97,90.95,NA,86.04,85.7,NA,33.01,32.14,NA
Odisha,Puri,79.98,80.62,76.19,98.34,98.38,97.83,68.11,65.78,82.35,83,81.5,91.95,98.04,98.07,97.83,30.19,28.09,43.03,27.28,25,41.18,66.98,69.79,49.68,90.08,89.67,92.57,85.64,84.86,90.4,65.27,63.38,76.78
Odisha,Rayagada,71.01,72.74,61.54,98.15,98.07,98.95,51.91,51.11,57.07,75.73,73.59,90.58,97.83,97.66,98.95,39.92,39.78,40.84,33.58,32.95,37.7,49.7,46.34,71.43,86.53,85.18,95.29,71.53,69.25,86.39,28.57,25.64,47.64
Odisha,Sambalpur,73.7,71.75,77.31,98.39,98.14,98.81,77.37,76.1,79.52,87.28,84.68,91.67,98.33,98.05,98.81,25.19,24.46,26.43,24.11,23.23,25.6,79.78,84.39,72.05,85.11,83.13,88.45,69.52,62.96,80.6,51.34,42.98,65.48
Odisha,Sonapur,73.53,74.58,57.89,98.17,98.11,98.62,73.65,73.29,79.31,85.56,85.21,89.66,97.74,97.68,98.62,36.63,37.16,28.28,33.48,34.04,24.83,83.24,83.16,84.62,88.83,88.56,93.1,75.52,74.88,85.52,58.36,57.86,66.21
Odisha,Sundargarh,83.54,85.23,79.61,98.43,98.17,99.08,71.73,68.07,80.81,84.05,81.7,89.88,98.2,97.95,98.82,33.62,33.61,33.64,31.65,31.59,31.8,80.5,90.06,57.03,84.5,82.44,89.62,55.22,50.51,66.89,42.72,33.44,65.7
Rajasthan,Ajmer,72.3,72.7,71.6,95.2,94.4,96.7,69.2,65.3,76.6,71.1,67.3,78.5,94.8,93.8,96.7,16.5,12.9,23.5,13.9,10.4,20.7,46.3,43.7,51,87.6,86.3,90,81.2,76.3,90.7,67.3,60.1,81.3
Rajasthan,Alwar,72.8,73,69.4,88.5,87.5,96.4,62.8,61.8,71.2,49,46.4,71.9,87.4,86.5,94.9,10.2,9,21.5,7.5,6.2,18.2,45.9,45.1,51.5,74.2,72.6,88.3,60.7,58.2,82.5,56.4,53.9,78.1
Rajasthan,Banswara,75.7,74.9,NA,91.9,91.7,NA,58.4,57.7,NA,51.2,50.3,NA,91.1,90.8,NA,9.5,9,NA,6.1,5.7,NA,43,42.8,NA,64,62.7,NA,48.8,47.1,NA,31.6,29.8,NA
Rajasthan,Baran,80.9,80.1,84.9,97,96.6,99.3,83.1,81.9,90.6,76.8,74.8,89,95.9,95.7,97.1,11.5,10.7,16.3,10.5,9.9,14.7,49.9,48.9,55.7,80,79.4,83.7,73,70.6,87.3,59.9,55.9,84
Rajasthan,Barmer,45.7,44.3,66.7,59.9,58,86,31.2,29.6,53.1,29.5,27.3,64,57.6,55.7,83.8,5.3,4.2,20.2,3.7,2.6,18.4,62.5,63.6,52.6,36.6,33.7,76.8,31.2,28.2,71.9,22.5,19.3,65.8
Rajasthan,Bharatpur,72.6,72.5,73.1,92.3,91.6,96.1,73.3,72.5,77,49.7,46.8,64.1,91.7,90.9,95.6,9,8.3,12.2,6.3,5.5,10,25.9,21.2,46.8,64.6,64.3,66.3,44.1,40.7,59.9,36.7,32.1,58.7
Rajasthan,Bhilwara,71.6,71.1,73.5,91.9,90.7,97.7,64.9,62.7,75.9,58.3,55.1,73.6,90.9,89.7,96.8,14.6,13.7,19,11,9.7,17.1,40.3,37.2,54.5,68.9,65.4,85.6,58.3,54.3,77.3,47.5,41.8,75
Rajasthan,Bikaner,65.1,61.3,73.1,87.7,83.7,94.5,48.6,41.8,60.7,52,40,73.3,87.1,83,94.5,17,13.7,22.9,12,6.8,21.2,55.1,48.4,65.7,76,66.6,92.9,64.5,50.3,89.8,48,30.1,80
Rajasthan,Bundi,81.3,80.8,83,93.6,93.3,94.8,75,73.6,80.3,62.8,59,78.1,93.2,92.9,94.3,11.8,10.2,17.7,9.4,7.7,16,53.2,51.7,59.2,79.3,78.4,82.8,75,72.2,86.2,61.8,58.6,74.4
Rajasthan,Chittaurgarh,78.5,76.6,88.1,92.2,91,98.3,64.8,61.2,83.7,53.5,48.1,81.6,90.9,89.5,98.3,12.4,10.3,23.4,8.3,6,20.5,52,49.4,64.7,72.6,70,85.8,61.6,56.9,86.2,51.4,45.7,80.8
Rajasthan,Churu,74,73.8,74.5,84.8,84.7,85.9,65.6,63.9,70.7,49,47.4,54.3,84.6,84.3,85.5,14.4,16.6,8,9.1,9.7,7.2,50.1,45.3,64.1,73.3,71.6,78.3,63.3,60.9,70.3,55.4,54,59.8
Rajasthan,Dausa,75.7,76.1,70.8,92.5,92.4,92.5,70.6,70.4,72.6,58.4,58.2,58.9,91.6,91.6,91.8,7.9,6.7,20.5,6.3,5.3,17.8,38.2,36.1,61.5,77.1,76.3,85.6,56.3,54.2,80.1,47.1,46.1,58.9
Rajasthan,Dhaulpur,68.7,69.9,63.6,89.3,89.1,89.9,61,60.6,62.7,44.6,41.7,55.8,86.2,86.1,86.6,5.8,4.9,9.2,4.3,3.3,8.1,40.4,34.6,62.6,53.5,50.8,63.9,43.5,39.4,59.4,37.3,34.5,48.2
Rajasthan,Dungarpur,67.9,65.8,100,90.8,90.3,100,61.3,60.6,73.2,57.3,55.4,87.5,90.2,89.7,99.4,10.8,10.3,18.5,8,7.3,18.5,42.5,40.9,66.1,67.5,66.4,85.1,54.5,52.1,93.5,42.4,39.4,89.9
Rajasthan,Ganganagar,75.9,76.2,75,93,93,93.4,77,76.6,78.1,64.1,63.4,66.1,93,92.8,93.4,22.7,21.6,25.4,16.7,15.2,20.5,54.2,59.4,41.7,89.8,89.6,90.3,85.6,84.4,88.6,72.9,69.7,80.6
Rajasthan,Hanumangarh,84.4,80.4,94.3,82.6,81.5,86.3,69.9,67.6,77.1,57.9,55.6,65,82.5,81.5,85.8,16.6,16,18.3,12.6,12,14.6,50.1,50.9,47.8,81.3,80.4,84.2,76.9,75.4,81.7,63.8,61,72.5
Rajasthan,Jaipur,85.9,82,89.6,96.2,95.1,97.2,68.3,59.2,76.5,69.8,57.6,80.8,95.6,94.5,96.6,23.9,12.2,34.5,20,8.7,30.2,52.1,52.6,51.6,92.9,89.6,95.9,87.1,80.5,93.1,79.9,71.9,87.1
Rajasthan,Jaisalmer,51.1,49.8,64.5,67.4,63.4,91.5,35.1,31.1,59.7,33.4,28.3,64.2,66.5,62.3,91.5,7,5.4,16.9,4.6,3.1,13.9,71.8,69.4,81.5,59.1,54.4,87.6,49.1,43.4,84.1,40,33.5,79.1
Rajasthan,Jalor,67.7,66.3,80.5,74.5,74.1,79.2,35.1,34.7,41,41.9,40.8,57.9,72.3,72.1,74.7,8.5,7.6,20.2,6.7,5.8,19.1,56.1,56.3,53.2,53,51.5,74.2,42.4,41.1,61.8,34.1,32.5,57.9
Rajasthan,Jhalawar,71.8,69.4,89.1,94.6,94.1,97.5,79,77,91.2,66.3,63.4,83.8,93.8,93.4,96.1,11,10.4,15.2,9.8,9.1,14.1,48,45.3,63.4,67.2,63.8,88.3,59,54.9,84.5,48.7,43.5,80.6
Rajasthan,Jhunjhunun,81.4,82.6,77.9,95.7,95.4,95.8,78.1,76,85.5,57.7,55.5,65,95.2,95.2,95.4,12.6,11.5,16.1,7,6,10.3,31.7,30.9,34.2,90.7,90.6,90.7,85.2,84.2,88.3,81.4,80.4,84.5
Rajasthan,Jodhpur,66.7,61.2,82.4,79.3,72.6,92.6,53.2,47,65.5,49.5,39.5,69.8,78.9,72,92.6,13.1,7.7,24,10.4,5.1,21.2,61.7,60.6,63.5,67.7,57.9,87.4,59.6,48.5,81.9,53.1,40,79.5
Rajasthan,Karauli,58.7,56.2,68.1,93.5,93.1,95.6,65.1,64.2,69.4,46.3,44.4,55.4,92.5,92.1,94.7,5.7,4.8,10.2,3.5,2.4,8.7,43.7,37.6,73.1,58.6,54.9,77.2,48.8,43.3,76.2,39.8,35.8,59.7
Rajasthan,Kota,69.7,73.2,66.1,97.2,96.6,97.8,83.4,82.3,84.4,80.6,75.3,85.1,96.1,95.9,96.2,18,10.3,24.8,16.6,8.8,23.3,42.1,42.5,41.8,86.9,78.7,94,78.7,68.8,87.3,75.5,61.7,87.6
Rajasthan,Nagaur,74.9,73.7,80.6,92.5,91.9,95.9,68,67.6,69.5,46.7,44.8,56.9,92.2,91.5,95.5,5,4.1,9.3,3.2,2.6,6.1,72.9,73.2,71.2,85.6,85.2,87.8,81,79.6,87.8,69.9,68.4,76.8
Rajasthan,Pali,73.4,72.4,78,90.3,89,95,61.1,58.6,70.5,62.3,59.2,73.6,88.7,87.5,93.2,12.7,10,22.7,9.8,7.3,19.4,52.5,53.2,50,74.1,70.2,89.2,64.6,60.7,79.3,58.4,52.3,81.5
Rajasthan,Rajsamand,76.2,75.6,84.6,92.6,91.8,99,57.6,54.6,81.4,46.3,42.7,74.3,91.6,90.9,97.5,18.7,17.1,31.7,11,9.1,26.1,53.5,51.8,66,77.9,76.4,89.4,72.3,70.2,89.4,50.1,47.6,69.8
Rajasthan,Sawai Madhopur,86.1,85.1,89.1,93.3,92.6,95.8,69.1,66.9,77,58.1,53.6,74,92.7,91.8,95.8,8.3,5.2,19.2,6.6,3.9,16.2,37.7,36.4,42.1,67.5,63.7,81.1,56.4,52.1,71.7,50.5,44.2,73.2
Rajasthan,Sikar,78.3,76,84.1,87.5,87.7,86.8,72.6,71.9,74.8,54.9,52.8,61.1,86.9,87.3,85.7,9.8,9.3,11.5,7,6.3,9,35.2,34.9,36.1,78.7,76.6,84.9,72.3,69.3,81.2,68.3,65,78.2
Rajasthan,Sirohi,62.2,61.8,65.6,84.7,83.2,96.5,47.3,44.9,65.3,52,49.3,73.7,83.5,82,95,9.4,9.1,12.4,7.2,6.8,10.4,38.5,36.8,49.7,68.1,65.2,90.1,55,51.1,85.1,44.9,41.1,74.3
Rajasthan,Tonk,71,71,71.1,92.6,92,94.5,70.4,68.5,76.2,59.5,54.4,75.4,91.4,90.7,93.5,10.9,9,16.9,8.5,6.4,14.8,55.3,50.8,69,71.2,69.9,75,63.5,58,80.5,50.9,45.8,66.7
Rajasthan,Udaipur,69.4,65.8,91.4,84.4,81.6,97.1,51.2,44.7,80.3,49.3,40.7,88.2,83.1,80,96.8,17.9,16.3,25.4,11.1,8.4,23.7,53.1,48.4,70.8,70,64.7,93.9,65.8,60.6,89.6,45.5,36.9,84.6
Uttar Pradesh,Agra,56.89,51.89,64.06,84.16,81.76,86.73,52.6,50.04,55.35,51.33,43.02,60.22,83.95,81.5,86.56,6.71,4.94,8.6,5.29,3.22,7.5,54.83,63.74,45.82,48.78,41.31,56.78,35.91,26.1,46.42,43.23,33.48,53.67
Uttar Pradesh,Aligarh,50.18,48.48,55.79,86.75,87.68,84.38,57.49,59.89,51.43,42.13,37.53,53.72,86.57,87.55,84.1,3.62,2.68,6.02,2.72,1.7,5.3,67,70.53,57.72,34,30.39,43.12,19.98,15.01,32.52,35.01,27.78,53.3
Uttar Pradesh,Allahabad,62.91,61.44,76.32,84.05,83.21,89.02,57.94,57.26,61.95,30.45,26.5,53.9,82.27,81.46,87.07,8.67,7.13,17.8,4.6,2.86,14.88,69.06,74.54,38.9,20.44,14.09,58.05,17.45,12.7,45.61,21.3,15.43,56.1
Uttar Pradesh,Ambedkar Nagar,80.23,80.41,NA,88.43,88.86,NA,42.49,42.25,NA,36.64,36.12,NA,86.4,86.71,NA,6.49,6.17,NA,4.05,3.63,NA,57.72,59.7,NA,21.73,20.49,NA,16.14,14.83,NA,17.24,16.1,NA
Uttar Pradesh,Auraiya,58.6,57.98,62.24,83.42,83.44,83.33,51.94,51.87,52.33,24.94,22.36,39.41,82.39,82.29,82.95,10.82,10.2,14.34,7.39,6.82,10.59,59.8,57.67,71.78,30.88,28.69,43.15,26.71,24.89,36.95,30.4,27.62,45.99
Uttar Pradesh,Azamgarh,73.7,73.63,75,92.35,92.21,94.17,40.52,39.34,55.52,39.2,37.35,62.58,90.7,90.6,92.02,7.31,6.51,17.48,5.43,4.63,15.64,56.84,59.32,26.06,27.74,25.8,52.45,25.09,23.68,42.94,27.49,26.05,45.71
Uttar Pradesh,Baghpat,64.05,64.81,61.17,93.68,93.34,94.93,69.73,70.57,66.61,59.21,58.67,61.21,93.57,93.29,94.6,15.91,14.95,19.48,11.7,10.89,14.73,58.49,58.64,57.93,55.46,54.53,58.92,37.6,37.05,39.61,56,54.55,61.37
Uttar Pradesh,Bahraich,47.96,47.22,66.04,72.62,71.9,90.29,35.13,34.55,49.19,18.92,18.39,31.72,71.79,71.03,90.29,8.29,8.22,10.03,5.14,5.01,8.41,48.44,47.21,72.4,22.65,21.82,43.04,20.33,19.36,44.01,21.65,20.6,47.25
Uttar Pradesh,Ballia,69.19,68.52,76.09,88.53,88.49,89.67,56.06,56.49,51.29,42.57,41.53,52.4,87.54,87.35,89.67,7.68,6.86,16.61,5.99,5.16,15.13,67.04,68.6,50.21,25.23,24.23,36.16,21,20.13,30.63,24.65,23.16,40.96
Uttar Pradesh,Balrampur,54.93,53.7,NA,75.94,75.32,NA,22.73,22.01,NA,23.05,22.23,NA,74.92,74.33,NA,2.37,2.27,NA,1.01,0.92,NA,52.97,52.13,NA,12.14,11.28,NA,9.89,9.39,NA,12.9,12.24,NA
Uttar Pradesh,Banda,70.12,67.53,86.96,86.92,85.54,94.61,59.39,56.86,73.44,37.13,33.5,57.26,86.11,84.65,94.19,23.47,20.75,38.59,15.69,12.69,32.37,72.14,71.31,76.32,47.16,44.75,60.58,44.27,40.22,66.8,40.07,35.86,63.49
Uttar Pradesh,Barabanki,69.56,68.58,93.33,88.22,88.59,82.97,55.67,55.92,52.2,32.12,30.96,48.35,86.9,87.18,82.97,11.1,11.03,12.09,8.03,7.82,10.99,48.51,47.15,68.87,45.34,43.84,66.48,43.74,42.83,56.59,41.89,41.08,53.3
Uttar Pradesh,Bareilly,54.81,53.55,58.33,77.41,75.87,81.1,34.7,32.09,40.94,23.23,17.17,37.71,77.4,75.85,81.1,5.29,4.06,8.22,2.97,1.66,6.12,70.75,78.02,54.48,43.57,40.13,51.79,18.98,12.07,35.52,22.49,16.02,37.97
Uttar Pradesh,Basti,66.96,66.38,NA,90.94,90.55,NA,42.05,40.99,NA,31.66,29.86,NA,89.94,89.53,NA,5.96,5.47,NA,3.6,3.16,NA,75.32,77.09,NA,26.53,24.89,NA,25.03,23.48,NA,27.44,25.75,NA
Uttar Pradesh,Bijnor,51.14,51.84,48.15,92.14,91.84,93.23,54.44,53.53,57.77,52.87,51.36,58.37,91.73,91.54,92.43,5.5,4.99,7.37,4.68,4.27,6.18,64.8,66.06,60.26,34.49,32.48,41.83,23.73,22.32,28.88,47.88,47.29,50
Uttar Pradesh,Budaun,60.68,59.73,65.17,77.67,76.92,81.33,41.19,41.19,41.2,22.81,22.04,26.61,77.48,76.69,81.33,2.98,2.84,3.65,1.21,1.24,1.07,71.93,73.16,66.23,20.76,19.21,28.33,8.52,8.12,10.52,15.13,14.4,18.67
Uttar Pradesh,Bulandshahar,57.17,53.12,67.74,87.15,85.78,90.04,62.49,61.8,63.96,44.92,39.22,56.95,87.03,85.66,89.91,7.96,6.42,11.19,5.91,4.11,9.72,65.42,74.13,47.95,43.32,37.56,55.47,27.62,20.95,41.7,43.31,35.74,59.29
Uttar Pradesh,Chandauli,76.59,76.5,78.26,86.37,86.54,84.77,45.61,45.17,50.57,35.37,34.84,41.95,84.49,84.67,82.47,7.62,7.02,14.37,4.97,4.41,11.21,73,74.75,52.76,24.18,22.88,38.79,19.5,18.34,32.47,23.34,22.09,37.36
Uttar Pradesh,Chitrakoot,64.75,63.82,76.09,83.42,82.69,93.39,54.38,53.74,63.04,33.1,30.73,64.59,82.46,81.71,92.61,15.17,14.39,25.68,10.2,9.4,21.01,43.58,41.97,62.92,40.27,37.94,71.98,32.56,30.66,58.37,30.31,28.82,50.58
Uttar Pradesh,Deoria,72.39,72.57,71.05,93.49,93.35,94.74,51.38,51.87,46.93,47.41,47.08,50.44,91.89,91.72,93.42,6.76,6.2,11.84,5.18,4.93,7.46,63.18,64.22,53.95,24.43,23.5,32.89,21.99,21.75,24.12,26.54,25.55,35.53
Uttar Pradesh,Etah,44.58,45,40.54,80.94,79.22,92.68,54.35,52.05,70.03,37.28,33.1,65.85,79.05,77.46,89.9,5.79,4.35,15.68,4.99,3.57,14.63,74.62,76.3,64.73,49.72,47.77,63.07,18.24,14.08,46.69,18.65,14.34,48.08
Uttar Pradesh,Etawah,56.65,55.89,62.22,70.37,69.54,73.91,49.36,49.01,50.89,24.66,22.37,34.62,68.91,68.01,72.79,5.79,4.92,9.5,2.26,1.55,5.31,41.22,39.83,46.84,39.48,38.58,43.32,34.79,33.82,38.97,35.59,32.21,50.08
Uttar Pradesh,Faizabad,75.97,75.78,78.95,89.75,89.52,91.27,46.34,44.73,62.45,34.95,33.73,48.03,88.8,88.55,91.27,7.61,7.15,12.23,4.53,4.2,7.86,61.28,62.51,49.28,27.49,25.61,46.29,25.04,23.05,44.98,28.04,26.08,47.6
Uttar Pradesh,Farrukhabad,59.98,56.44,74.47,82.81,80.45,91.69,51.43,49.95,56.97,22.59,19.5,34.12,82.32,79.9,91.39,14.01,11.89,21.96,8.7,7.93,11.57,48.72,46.12,57.28,28.93,20.76,59.64,24.25,18.14,47.18,26.09,20.24,48.07
Uttar Pradesh,Fatehpur,66.09,66.37,63.64,84.15,84.49,81.12,49.07,48.89,50.6,33.94,33.06,41.77,83.01,83.22,81.12,12.1,11.61,16.47,7.5,7.35,8.84,43.63,43.31,46.53,28.91,27.69,39.76,28.72,27.34,40.96,29.07,27.6,42.17
Uttar Pradesh,Firozabad,63.73,63.4,64.89,87.73,87.65,88.01,54.7,54.79,54.35,42.4,39.33,53.69,85.57,85.17,87.03,5.78,5.43,7.06,4.43,4.03,5.91,78.72,82.8,64.03,50.42,49.26,54.68,24.89,21.3,38.1,27.65,23.47,43.02
Uttar Pradesh,Gautam Buddha Nagar,61.74,60.63,65.73,89.11,89.17,88.94,65.2,66.74,61.31,54.35,53.22,57.19,88.94,88.93,88.94,12.2,11.19,14.77,9.54,8.42,12.36,49.28,50.18,47.01,56.65,52.82,66.33,43.75,41.02,50.65,59.94,57.93,65.03
Uttar Pradesh,Ghaziabad,66.9,62.71,70.8,92.19,90.79,93.21,62.63,62.68,62.59,58.37,50.92,63.82,92.13,90.75,93.13,18.26,14.22,21.22,13.93,10.17,16.68,45.3,48.75,42.85,61.7,53.83,67.46,49.43,39.65,56.58,67.28,58.72,73.55
Uttar Pradesh,Ghazipur,75.11,74.57,79.41,94.71,94.65,94.59,55.65,55.07,64.32,43.84,43.06,57.3,93.39,93.52,91.35,8.79,8.18,17.84,5.88,5.33,14.05,64.08,64.74,54.29,24.8,24.03,36.22,21.74,21.09,31.35,26.24,25.7,34.05
Uttar Pradesh,Gonda,51.03,49.8,79.31,79.03,78.45,92.27,47.7,47.83,44.75,32.57,32.3,38.67,78.51,77.9,92.27,8.97,8.64,16.57,6.32,6.23,8.29,71.38,71.42,70.66,23.97,21.63,77.35,22,21.14,41.44,24.61,23.82,42.54
Uttar Pradesh,Gorakhpur,74.9,75.18,73.74,92.45,92.15,93.42,43.64,39.57,56.05,44.15,38.65,60.59,91.65,91.25,92.88,9.53,7.23,16.55,7.03,4.43,14.95,53.81,61.78,29.81,30.67,23.63,52.14,24.79,17.43,47.24,32.46,25.84,52.67
Uttar Pradesh,Hamirpur,76.22,75.63,80,90.41,90.29,90.96,71.28,71.28,71.28,47.62,45.16,59.57,89.18,88.92,90.43,18.48,18.07,20.48,13.61,13.24,15.43,56.8,53.54,72.51,36.46,35.03,43.35,36.46,34.05,48.14,31.37,30.32,36.44
Uttar Pradesh,Hardoi,54.64,52.99,75.76,73.93,72.68,83.01,40.18,39.27,46.73,27.9,27.4,31.37,72.64,71.3,82.35,10.45,9.95,14.05,5.11,4.51,9.48,37.67,34.98,54.72,38.98,39.22,37.25,25.75,24.48,34.97,21.33,19.49,34.64
Uttar Pradesh,Hathras,56.98,58.13,52.69,90.36,90.78,88.67,56.53,56.66,55.99,43.3,41.12,51.85,90.36,90.78,88.67,7.74,7.32,9.37,5.39,5.04,6.75,74.29,76.75,64.37,40.89,39.49,46.41,23.41,21.44,31.15,28,25.81,36.6
Uttar Pradesh,Jalaun,69.5,64.69,83.1,89.02,89.38,87.82,59.32,60.11,56.69,40.49,41.57,36.93,87.71,88.1,86.43,21.29,22.65,16.77,19.45,20.56,15.77,59.41,56.87,67.95,47.56,44.44,57.88,45.79,43.05,54.89,35,33.04,41.52
Uttar Pradesh,Jaunpur,66.72,66.23,NA,91.29,91.74,NA,55.91,55.86,NA,39.47,39.21,NA,90.2,90.68,NA,8.99,8.75,NA,5.61,5.44,NA,61.66,63.75,NA,25.57,24.91,NA,21.99,21.25,NA,27.52,26.79,NA
Uttar Pradesh,Jhansi,78.47,76,81.05,94.81,92.86,97.36,76.5,72.25,82.07,55.17,49.86,62.13,93.96,92.23,96.24,24.45,22.82,26.58,20.31,19.19,21.78,51.72,50.54,53.21,67.37,60.99,75.74,60.26,55.3,66.77,53.81,46.61,63.25
Uttar Pradesh,Jyotiba Phule Nagar,54.02,53.8,54.79,86.3,85.47,89.28,54.55,55.02,52.87,35.8,32.91,46.13,86.12,85.31,89.03,6.01,6.51,4.24,2.63,2.46,3.24,75.35,76.23,72.35,37.24,33.79,49.63,18.51,16.79,24.69,34.51,32.24,42.64
Uttar Pradesh,Kannauj,52.19,52.43,51.05,86.13,87.08,82.04,52.88,53.61,49.75,27.15,26.36,30.56,86.09,87.05,81.96,4.44,3.94,6.59,2.85,2.65,3.71,63.38,63.86,61.14,44.18,44.34,43.49,14.76,13.07,21.99,18.18,15.61,29.24
Uttar Pradesh,Kanpur Dehat,64.67,64.24,NA,84.04,83.91,NA,49.23,47.94,NA,33.45,33.26,NA,83.57,83.4,NA,13.45,13.16,NA,10.65,10.5,NA,38.79,37.88,NA,39.21,38.42,NA,37.7,37.46,NA,30.96,29.43,NA
Uttar Pradesh,Kanpur Nagar,72.91,72.93,72.9,86.57,84.98,87.22,59.3,50.7,62.76,52.83,34.94,60.03,85.93,84.55,86.48,22.99,11.96,27.42,19.19,7.99,23.7,33.81,30.69,35.04,61.03,33.59,72.05,52.25,27.24,62.3,51.62,24.17,62.66
Uttar Pradesh,Kaushambi,62.65,62.11,67.39,73.32,73.24,74.3,37.31,37,41.59,28.21,27.64,35.98,70.4,70.56,68.22,9.67,9.33,14.49,4.98,4.9,6.07,81.56,81.41,83.54,13.5,13.23,17.29,11.25,10.98,14.95,10.66,10.41,14.02
Uttar Pradesh,Kheri,59.49,58.75,74.07,74.75,73.85,92.36,42.78,41.32,71.34,20.92,18.96,59.24,74.13,73.27,91.08,9.41,7.84,40.13,5.5,4.12,32.48,36.68,34.71,67.59,27.41,24.95,75.8,24.86,22.65,68.15,23.53,21.36,66.24
Uttar Pradesh,Kushinagar,67.17,66.68,NA,92.74,92.56,NA,47.87,47.91,NA,37.04,36.93,NA,91.27,91.15,NA,6.06,5.96,NA,3.71,3.6,NA,57.95,58.17,NA,21.28,20.92,NA,15.47,15.31,NA,21.96,21.82,NA
Uttar Pradesh,Lalitpur,73.52,72.22,84.21,97.05,97.15,96.07,62.01,60.54,76.4,38.87,35.82,68.54,96.58,96.63,96.07,22.85,21.62,34.83,10.01,8.16,28.09,57.34,56.22,68.42,60.41,58.38,80.34,55.36,53.49,73.6,52.97,51.38,68.54
Uttar Pradesh,Lucknow,71.2,70.14,72.52,92.91,90,95.84,70.36,61.58,79.2,64.62,49.82,79.52,91.13,87.49,94.81,21.99,16.16,27.86,17.99,10.93,25.11,54.6,57.25,52.1,69.15,50.97,87.47,66.14,45.66,86.77,59.82,41.05,78.73
Uttar Pradesh,Maharajganj,74.44,74.34,NA,91.92,91.69,NA,39.51,38.35,NA,36.77,35.06,NA,90.09,90.02,NA,6.57,5.8,NA,3.98,3.17,NA,58.95,59.66,NA,21.22,19.78,NA,13.73,12.82,NA,19.55,18.28,NA
Uttar Pradesh,Mahoba,73.46,70.13,79.82,91.97,92.17,91.54,64.88,69.8,54.44,45.58,41.06,55.17,90.99,90.97,91.01,16.34,16.8,15.36,9.23,9.54,8.57,62.94,54.51,80.94,59.91,55.93,68.34,56.88,49.56,72.41,40.53,41.65,38.14
Uttar Pradesh,Mainpuri,51.06,50.37,55,84.94,84.32,87.95,52.5,51.05,59.55,29.29,25.96,45.45,84.91,84.28,87.95,5.27,4.48,9.09,3.56,2.56,8.41,80.51,82.1,73.13,22.85,19.98,36.82,13.86,10.02,32.5,16.84,14.13,30
Uttar Pradesh,Mathura,51.37,47.54,60.71,85.3,83.01,90.13,59.5,58.69,61.23,52.72,49.38,59.8,85.22,82.97,89.99,6.69,5.99,8.15,5.93,5.42,7.01,66.19,70.02,58.73,42.88,38.13,52.93,34.66,27.79,49.21,39.04,32.41,53.08
Uttar Pradesh,Mau,74.04,75.79,67.95,93.24,93.26,93.19,39.5,40.52,35.82,38.65,37.05,44.37,92.12,92.4,91.13,8.28,7.89,9.67,4.95,4.38,6.97,58.97,66.52,31.86,34.4,32.15,42.47,27.15,26.59,29.16,28.55,27.76,31.38
Uttar Pradesh,Meerut,58.99,56.29,63.6,84.57,83.19,86.59,62.86,60.26,66.67,55.65,47.49,67.58,84.34,82.86,86.52,13.96,12.26,16.44,10.98,8.59,14.47,53.11,59.03,44.79,53.34,45.83,64.32,35.94,29.9,44.77,48.26,45.31,52.58
Uttar Pradesh,Mirzapur,69.5,68.03,88.89,82.07,81.87,84.35,48.45,47.44,57.82,34.63,32.5,54.42,79.96,79.49,84.35,5.96,5.43,10.88,3.79,3.32,8.16,68.67,70.38,53.23,21.01,18.87,40.82,15.17,13.06,34.69,17.65,15.59,36.73
Uttar Pradesh,Moradabad,44.76,41.05,54.49,83.81,82.9,86.05,50.9,49.03,55.56,46.26,40.7,60.05,83.78,82.86,86.05,6.6,5.2,10.05,5.11,3.79,8.39,70.28,75.94,56.73,41.39,35.68,55.56,30.18,26.39,39.6,38.57,32.63,53.31
Uttar Pradesh,Muzaffarnagar,57.97,54.6,68.38,86.98,86.05,89.8,66.87,65.79,70.17,51.62,48.57,60.9,86.98,86.05,89.8,13.22,12.18,16.38,9.76,8.75,12.83,60.19,64.66,47.16,48.77,47.18,53.63,28.67,25.19,39.26,44.16,39.72,57.65
Uttar Pradesh,Pilibhit,60.37,59.29,68.29,85.72,84.52,93.15,49.53,48.85,53.77,36.85,35.11,47.6,85.72,84.52,93.15,13.23,12.11,20.21,7.63,6.48,14.73,81.5,85.02,61.76,47.72,45.57,60.96,31.97,28.77,51.71,30.09,26.53,52.05
Uttar Pradesh,Pratapgarh,68.18,67.06,89.66,90.95,90.85,93.6,58.43,57.9,69.77,25.65,24.69,47.09,88.89,88.72,92.44,10.57,10.17,19.19,5.45,5.06,13.95,84.8,85.53,69.57,21.35,20.67,36.05,22.51,21.59,42.44,24.97,24.03,45.35
Uttar Pradesh,Rae Bareli,75.23,74.93,79.41,85.94,85.96,85.54,48.93,48.59,54.22,30.45,29.27,48.8,84.99,84.95,85.54,12.44,11.09,33.73,7.8,6.69,25.3,49.91,49.15,61.97,36.4,34.77,62.05,29.87,28.75,47.59,25.86,24.48,47.59
Uttar Pradesh,Rampur,52.76,49.28,66.37,91.11,89.76,95.9,66.42,65.44,69.91,45.82,41.47,61.25,90.93,89.52,95.9,5.68,5.4,6.69,3.52,3.27,4.41,75.01,78.46,63.55,43.03,41.06,50,25.98,21.27,42.71,34.45,29.29,52.74
Uttar Pradesh,Saharanpur,66.73,66.19,69.05,95.74,95.78,95.58,74.69,74.21,76.54,54.69,52.77,62.12,95.53,95.62,95.19,14.02,12.93,18.27,11.04,10.07,14.81,62.88,66.37,49.3,56.27,53.97,65.19,53.75,51.68,61.73,51.32,47.59,65.77
Uttar Pradesh,Sant Kabir Nagar,58.88,58.21,NA,87.75,87.55,NA,38.24,37.1,NA,31.83,30.93,NA,86.71,86.55,NA,6.32,5.88,NA,3.75,3.36,NA,69.32,70.57,NA,19.55,18.54,NA,16.76,16.03,NA,22.36,21.89,NA
Uttar Pradesh,Sant Ravidas Nagar (Bhadohi),60.05,59.85,61.76,85.96,86.58,80.54,45.84,45.57,48.25,37.77,37.24,42.41,84.81,85.47,78.99,8.16,7.98,9.73,6.16,5.88,8.56,72.35,75.67,41.06,28.78,28.77,28.79,23.3,23.74,19.46,21.76,21.22,26.46
Uttar Pradesh,Shahjahanpur,52.15,51.24,60,79.03,77.99,86,44.86,43.71,52.52,28.41,25.56,47.26,78.95,77.89,86,7.42,6.43,14,5.06,4.17,10.94,84.34,86.43,71.76,39.33,37.94,48.58,20.54,17.14,43.11,19.1,15.32,44.2
Uttar Pradesh,Shrawasti,45.07,44.79,NA,61.61,61.13,NA,25.81,25.67,NA,16.37,15.91,NA,59.14,58.63,NA,2.56,2.46,NA,1.17,1.11,NA,66.53,66.3,NA,8.02,7.72,NA,7.17,6.76,NA,8.57,8.28,NA
Uttar Pradesh,Siddharthnagar,67.9,68.3,NA,86.14,86.09,NA,28.01,27.73,NA,23.16,23,NA,85.05,85,NA,3.3,3.22,NA,2.07,2.01,NA,68.29,68.2,NA,14.5,13.94,NA,11.64,11.32,NA,15.67,15.36,NA
Uttar Pradesh,Sitapur,50.34,50.04,57.14,69.99,70.39,65.83,41.22,40.58,47.92,28.96,28.17,37.08,69.03,69.34,65.83,13.94,12.93,24.58,10.26,9.17,21.67,30.15,26.92,66.46,25.18,24.49,32.5,22.89,21.85,33.75,22.23,21.29,32.08
Uttar Pradesh,Sonbhadra,63.25,62.01,77.78,71.08,69.84,85.31,31.21,29.85,46.85,25.89,23.08,58.04,64.27,62.92,79.72,4.4,2.96,20.98,2.98,1.71,17.48,50.99,53.02,31.97,12.79,9.2,53.85,11.3,8.14,47.55,11.52,7.95,52.45
Uttar Pradesh,Sultanpur,78.8,78.8,NA,84.44,84.08,NA,52.99,52.13,NA,35.88,35.17,NA,83.93,83.58,NA,11.96,11.81,NA,7.59,7.49,NA,62.26,62.64,NA,48.58,47.06,NA,40.71,39.51,NA,47.87,46.98,NA
Uttar Pradesh,Unnao,80.54,80.87,78.43,87.36,86.73,91.11,46.33,45.3,52.4,51.02,51.63,47.36,86.64,85.89,91.11,14.31,13.57,18.75,10.06,9.45,13.7,56.82,55.44,64.64,48.11,47.47,51.92,39.52,37.92,49.04,31.91,29.47,46.39
Uttar Pradesh,Varanasi,88.54,86.55,91.38,90.22,90.45,89.91,58.01,54.6,62.58,48.64,42.55,56.78,88.86,88.92,88.78,13.3,11.36,15.89,10.66,8.56,13.48,50.15,63.41,32.33,37.71,29.99,48.04,26.99,18.79,37.95,35.71,27.78,46.31
Uttarakhand,Almora,78.98,78.38,88.89,91.94,91.6,98.11,61.71,60.53,82.95,52.22,50.24,87.88,91.84,91.49,98.11,25.49,24.43,44.7,16.48,15.06,42.05,75.74,75.35,82.24,65.81,64.29,93.18,46.05,43.71,88.26,44.66,42.24,88.26
Uttarakhand,Bageshwar,70.56,70.31,85.71,88.01,87.81,93.46,58.2,57.41,79.44,50.33,49.31,77.57,87.74,87.56,92.52,20.26,19.86,30.84,12.13,11.57,27.1,71.3,70.6,89,54.49,53.34,85.05,37.47,36.1,73.83,37.07,35.44,80.37
Uttarakhand,Chamoli,75.47,74.37,84.82,89.42,88.41,96.48,61.55,59.91,73.08,44.81,41.71,66.48,89.23,88.24,96.15,7.57,5.88,19.34,4.97,3.44,15.6,77.06,75.01,90.21,44.15,40.02,73.08,27.8,23.08,60.77,29.41,24.89,60.99
Uttarakhand,Champawat,86.67,86.33,88.46,92.51,92.53,92.4,68.53,67.07,77.78,62.55,61.35,70.18,92.27,92.25,92.4,24.94,26.01,18.13,17.29,18.27,11.11,75.97,75.67,77.85,66.37,66.14,67.84,49.96,47.51,65.5,43.19,40.87,57.89
Uttarakhand,Dehradun,85.3,80.35,89.51,94.8,93.89,95.6,79.73,76.48,82.67,77.47,72.22,82.23,93.71,92.83,94.49,32.56,28.9,35.86,30.29,26.13,34.06,61.07,68.87,54.13,79.41,72.86,85.34,72.44,67.04,77.33,72.29,66.69,77.37
Uttarakhand,Haridwar,69.74,64.67,79.29,86.58,83.72,93.67,69.71,64.68,80.9,56.86,48.71,76.93,84.27,81.11,91.31,18.36,12.77,30.79,16.02,10.39,28.54,49.21,56.38,34.94,50.93,39.92,75.43,44.18,32.41,70.39,51.52,40.58,75.86
Uttarakhand,Nainital,79.96,78.88,81.87,93.87,92.29,96.5,71.54,71.02,72.41,72.8,68.64,79.74,93.57,92.01,96.17,28.68,28.11,29.64,24.18,23.53,25.28,71.11,68.78,74.83,80.27,77.3,85.21,77.72,73.11,85.41,74.11,68.64,83.23
Uttarakhand,Pauri Garhwal,78.41,76.68,88.76,88.88,88.18,93.56,63.18,60.82,78.98,55.19,52.16,75.43,87.39,86.54,93.04,22.53,21.65,28.38,18.63,17.41,26.81,82.22,83.19,76.12,54.61,51.86,72.93,48.82,46.15,66.62,46.27,43.35,65.7
Uttarakhand,Pithoragarh,83.94,82.44,94.81,93.43,92.5,98.86,64.65,62.99,74.35,60.26,56.76,80.72,93.34,92.39,98.86,25.94,24.59,33.82,17.94,15.92,29.74,79.25,77.51,88.76,60.64,57.23,80.56,43.95,38.24,77.29,42.2,35.92,78.92
Uttarakhand,Rudraprayag,60.79,60.65,NA,83.36,83.3,NA,54.06,53.95,NA,42.05,41.89,NA,83.21,83.15,NA,6.94,6.85,NA,3.95,3.87,NA,77.37,77.38,NA,41.14,41.07,NA,27.18,26.99,NA,31.85,31.68,NA
Uttarakhand,Tehri Garhwal,67.97,65.71,86.27,74.09,71.48,94.19,51.39,47.94,77.93,39.54,34.72,76.66,71.6,68.94,92.1,14.71,13.33,25.32,10.14,8.41,23.46,75.38,78.23,58.76,40.92,35.81,80.26,38.21,33.11,77.47,36.38,31.21,76.19
Uttarakhand,Udham Singh Nagar,79.05,78.7,79.89,92.28,91.28,94.77,66.52,63.75,73.41,64.77,63.06,69.04,91.99,90.9,94.68,18.49,16.61,23.16,13.77,11.85,18.52,62.05,62.4,61.2,70.67,68.4,76.33,62.88,57.48,76.33,60.55,55.2,73.84
Uttarakhand,Uttarkashi,75.6,73.25,94.74,82.04,80.82,92.66,58.7,56.4,78.76,45.95,43.06,71.04,79.99,78.8,90.35,18.33,16.49,34.36,14.91,12.98,31.66,92.21,93.27,84.17,49.61,46.71,74.9,43.43,39.94,73.75,33.95,30.8,61.39
