﻿State_Name,QQ_Institutional_Delivery_Total,QQ_Institutional_Delivery_Rural,QQ_Institutional_Delivery_Urban,QQ_Delivery_At_Government_Institution_Total,QQ_Delivery_At_Government_Institution_Rural,QQ_Delivery_At_Government_Institution_Urban,QQ_Delivery_At_Private_Institution_Total,QQ_Delivery_At_Private_Institution_Rural,QQ_Delivery_At_Private_Institution_Urban,QQ_Delivery_At_Home_Total,QQ_Delivery_At_Home_Rural,QQ_Delivery_At_Home_Urban,QQ_Delivery_At_Home_Conducted_By_Skilled_Health_Personnel_Total,QQ_Delivery_At_Home_Conducted_By_Skilled_Health_Personnel_Rural,QQ_Delivery_At_Home_Conducted_By_Skilled_Health_Personnel_Urban,QQ_Safe_Delivery_Total,QQ_Safe_Delivery_Rural,QQ_Safe_Delivery_Urban,QQ_Caesarean_Out_Of_Total_Delivery_Taken_Place_In_Government_Institutions_Total,QQ_Caesarean_Out_Of_Total_Delivery_Taken_Place_In_Government_Institutions_Rural,QQ_Caesarean_Out_Of_Total_Delivery_Taken_Place_In_Government_Institutions_Urban,QQ_Caesarean_Out_Of_Total_Delivery_Taken_Place_In_Private_Institutions_Total,QQ_Caesarean_Out_Of_Total_Delivery_Taken_Place_In_Private_Institutions_Rural,QQ_Caesarean_Out_Of_Total_Delivery_Taken_Place_In_Private_Institutions_Urban
Assam,65.9,62.9,84.5,54.6,54.6,54.6,11,8,29.7,33.6,36.6,15.2,29.2,28.9,34.1,71.6,68.9,87.9,10.6,9.1,19.6,46.8,38.6,60.8
Bihar,55.4,53.6,71.5,39.5,39.7,37.2,15.7,13.7,34,42.1,43.9,25.8,30,29.6,36.1,64.5,63,78.1,4.7,4.6,5.3,21.9,21,25.1
Chhattisgarh,39.54,35.43,58.36,29.22,29.16,29.5,9.94,5.92,28.32,59.38,63.71,39.58,50.51,49.5,57.91,59.06,55.39,75.82,9.03,8.18,12.88,37.58,39.1,36.14
Jharkhand,46.2,38.3,74.9,23.6,23.2,25.1,21.4,14.3,47.2,53.4,61.3,24.5,27.4,26.6,34.7,56.2,49.5,80.5,7.7,6.5,11.5,30.5,28.1,33.1
Madhya Pradesh,82.6,79.9,89.9,71.3,72.7,67.6,11.2,7,22.1,17.1,19.9,9.5,38.3,36.4,48.8,89.2,87.1,94.5,5,4.1,7.6,31.1,29.1,32.9
Odisha,80.8,79.83,86.93,70.81,72.52,60.05,9.59,6.99,25.94,18.66,19.61,12.63,24.51,23.76,31.88,83.7,82.84,89.15,8.74,8.06,13.92,47.02,47.14,46.83
Rajasthan,78,75.2,88.3,59.1,60.3,54.4,18.7,14.7,33.6,21.5,24.2,11.3,42.6,40.7,57.5,83.8,81.6,92.1,6,4.4,12.9,22.6,19.8,27.2
Uttar Pradesh,56.67,54.83,64.94,38.97,40.68,31.28,17.56,14.04,33.39,42.13,43.85,34.4,28.87,26.57,42.05,63.33,61.49,71.59,9.2,8.2,15,27.18,24.79,31.68
Uttarakhand,58.3,52.07,75.64,37.78,37.15,39.5,19.62,14.36,34.27,40.93,47.09,23.79,33.24,29.8,52.23,64.71,58.78,81.24,13.26,10.83,19.6,33.64,30.99,36.73
