﻿State_Name,RR_Less_Than_24_Hrs_Stay_In_Institution_After_Delivery_Total,RR_Less_Than_24_Hrs_Stay_In_Institution_After_Delivery_Rural,RR_Less_Than_24_Hrs_Stay_In_Institution_After_Delivery_Urban,RR_Mothers_Who_Received_Post_Natal_Check_Up_Within_48_Hrs_Of_Delivery_Total,RR_Mothers_Who_Received_Post_Natal_Check_Up_Within_48_Hrs_Of_Delivery_Rural,RR_Mothers_Who_Received_Post_Natal_Check_Up_Within_48_Hrs_Of_Delivery_Urban,RR_Mothers_Who_Received_Post_Natal_Check_Up_Within_1_Week_Of_Delivery_Total,RR_Mothers_Who_Received_Post_Natal_Check_Up_Within_1_Week_Of_Delivery_Rural,RR_Mothers_Who_Received_Post_Natal_Check_Up_Within_1_Week_Of_Delivery_Urban,RR_Mothers_Who_Did_Not_Receive_Any_Post_Natal_Check_Up_Total,RR_Mothers_Who_Did_Not_Receive_Any_Post_Natal_Check_Up_Rural,RR_Mothers_Who_Did_Not_Receive_Any_Post_Natal_Check_Up_Urban,RR_New_Borns_Who_Were_Checked_Up_Within_24_Hrs_Of_Birth_Total,RR_New_Borns_Who_Were_Checked_Up_Within_24_Hrs_Of_Birth_Rural,RR_New_Borns_Who_Were_Checked_Up_Within_24_Hrs_Of_Birth_Urban
Assam,26.6,28.9,15.5,66.2,63.4,83.9,69.4,66.7,85.8,28.5,31,12.8,64,61.3,81
Bihar,65.2,66,59.5,60.9,59.2,76.4,63.8,62.2,78.5,19.4,19.9,14.3,61.9,60.8,72.2
Chhattisgarh,37.88,40.14,31.62,70.25,66.86,85.75,75.34,72.25,89.42,22.03,24.85,9.1,65.87,62.34,81.99
Jharkhand,41.6,46.9,31.8,68.4,64.1,84.1,71.7,67.8,86.3,26.1,29.8,12.7,64.8,60,82.2
Madhya Pradesh,21.8,22.8,19.6,80.5,77.1,89.4,84.8,82.1,91.9,14.1,16.6,7.4,79.1,75.5,88.7
Odisha,52.4,54.65,39.43,82.84,82.07,87.75,86.5,85.84,90.67,12.14,12.79,8.04,81.73,80.97,86.49
Rajasthan,24.9,26.4,20.1,79.6,77.3,88.1,82.2,80,90,16.8,18.8,9.2,76.3,73.9,85.4
Uttar Pradesh,55.99,60.47,39,77.65,76.75,81.67,81.09,80.29,84.65,17.92,18.67,14.54,77.74,76.84,81.67
Uttarakhand,33.26,36.05,27.94,64.35,57.78,82.63,67.46,61.19,84.9,30.09,35.86,14.02,62.88,56.4,80.92
