﻿State_Name,State_District_Name,TT_Children_Aged_12_23_Months_Having_Immunization_Card_Total,TT_Children_Aged_12_23_Months_Having_Immunization_Card_Rural,TT_Children_Aged_12_23_Months_Having_Immunization_Card_Urban,TT_Children_Aged_12_23_Months_Who_Have_Received_Bcg_Total,TT_Children_Aged_12_23_Months_Who_Have_Received_Bcg_Rural,TT_Children_Aged_12_23_Months_Who_Have_Received_Bcg_Urban,TT_Children_Aged_12_23_Months_Who_Have_Received_3_Doses_Of_Polio_Vaccine_Total,TT_Children_Aged_12_23_Months_Who_Have_Received_3_Doses_Of_Polio_Vaccine_Rural,TT_Children_Aged_12_23_Months_Who_Have_Received_3_Doses_Of_Polio_Vaccine_Urban,TT_Children_Aged_12_23_Months_Who_Have_Received_3_Doses_Of_Dpt_Vaccine_Total,TT_Children_Aged_12_23_Months_Who_Have_Received_3_Doses_Of_Dpt_Vaccine_Rural,TT_Children_Aged_12_23_Months_Who_Have_Received_3_Doses_Of_Dpt_Vaccine_Urban,TT_Children_Aged_12_23_Months_Who_Have_Received_Measles_Vaccine_Total,TT_Children_Aged_12_23_Months_Who_Have_Received_Measles_Vaccine_Rural,TT_Children_Aged_12_23_Months_Who_Have_Received_Measles_Vaccine_Urban,TT_Children_Aged_12_23_Months_Fully_Immunized_Total,TT_Children_Aged_12_23_Months_Fully_Immunized_Rural,TT_Children_Aged_12_23_Months_Fully_Immunized_Urban,TT_Children_Who_Have_Received_Polio_Dose_At_Birth_Total,TT_Children_Who_Have_Received_Polio_Dose_At_Birth_Rural,TT_Children_Who_Have_Received_Polio_Dose_At_Birth_Urban,TT_Children_Who_Did_Not_Receive_Any_Vaccination_Total,TT_Children_Who_Did_Not_Receive_Any_Vaccination_Rural,TT_Children_Who_Did_Not_Receive_Any_Vaccination_Urban,TT_Children_Aged_6_35_Months_Who_Received_At_Least_One_Vitamin_A_Dose_During_Last_Six_Months_Total,TT_Children_Aged_6_35_Months_Who_Received_At_Least_One_Vitamin_A_Dose_During_Last_Six_Months_Rural,TT_Children_Aged_6_35_Months_Who_Received_At_Least_One_Vitamin_A_Dose_During_Last_Six_Months_Urban,TT_Children_Aged_6_35_Months_Who_Received_Ifa_Tablets_Syrup_During_Last_3_Months_Total,TT_Children_Aged_6_35_Months_Who_Received_Ifa_Tablets_Syrup_During_Last_3_Months_Rural,TT_Children_Aged_6_35_Months_Who_Received_Ifa_Tablets_Syrup_During_Last_3_Months_Urban,TT_Children_Whose_Birth_Weight_Was_Taken_Total,TT_Children_Whose_Birth_Weight_Was_Taken_Rural,TT_Children_Whose_Birth_Weight_Was_Taken_Urban,TT_Children_With_Birth_Weight_Less_Than_2_5_Kg_Total,TT_Children_With_Birth_Weight_Less_Than_2_5_Kg_Rural,TT_Children_With_Birth_Weight_Less_Than_2_5_Kg_Urban
Assam,Barpeta,94.2,93.9,97.3,93.5,93.4,94.5,76.5,76.6,75.5,78.5,78.4,80,76.3,76.7,71.8,62.1,61.9,63.6,67.7,67.2,74.5,4.3,4.2,5.5,57,57,56.4,36.1,35.4,44.5,55.3,52.9,84.8,22.5,22.7,21
Assam,Bongaigaon,95.8,95.6,97.9,94.3,94.2,95.8,67.8,67.5,71.4,66.6,67.6,56.8,79.4,79,84.4,52.4,52.8,47.9,73.7,71.9,91.7,3.4,3.5,2.1,55,54.4,61.5,30.3,29.4,39.1,55.7,52.9,86.4,21.6,21.6,21.2
Assam,Cachar,92.7,94.4,84.7,94.2,94.1,94.2,71.3,70.6,74.8,77.1,76.1,81.8,80.3,80.3,79.9,64.5,63.9,67.3,82,80.1,91.3,2.7,2.6,2.9,47.5,46.4,53,19.9,19.3,23.2,61.7,58.3,80.3,27.8,27.8,27.8
Assam,Darrang,94.7,94.6,NA,93.2,93,NA,79.3,79.5,NA,70.8,71,NA,71.6,71.1,NA,56.4,56.1,NA,76.3,75.7,NA,5.3,5.4,NA,44.6,44.8,NA,24.4,23.8,NA,65,64.6,NA,25.2,26.2,NA
Assam,Dhemaji,92.2,92.2,92.9,91.5,91.4,93.1,80.4,79.9,86.8,78,77.6,84.1,77.5,77,83,66.6,65.9,75.8,78.5,78.5,78.6,7.5,7.6,6,58.6,58,65.4,21.9,21.7,24.5,74.1,73.4,82.2,14.5,14.3,17.1
Assam,Dhubri,92.1,91.6,97.1,89.9,89.2,96.1,72.5,72.1,76.7,69.4,68.4,78.6,62.3,59.9,84.5,48.7,46.9,66,61.8,59.1,88.3,7.8,8.4,2.9,50.2,50.4,48.5,31.9,32.5,26.2,41.7,37.9,83.8,16.5,16,19.3
Assam,Dibrugarh,95.2,94.8,97.1,97.5,97.3,98.5,90.6,89.8,93.8,88,87.4,90.7,93.1,92.7,94.7,82.3,81.5,85.8,93.7,93.3,95.4,0.9,0.9,0.7,77.7,78.3,75.1,17.2,17.4,16.6,81.8,80.4,87.7,31.6,33.1,26.5
Assam,Goalpara,96.4,96.3,97.7,91.8,91.8,92.1,72.2,72.5,68.4,58.1,58.9,45.8,72.2,72.4,68.9,46.6,47.3,37.3,72.1,71.7,78,4.5,4.6,2.8,57.6,57.9,53.7,41,41,41.2,57.6,56.5,71.4,18.4,18.1,20.8
Assam,Golaghat,96.4,96,99.6,96.6,96.7,95.5,76.9,76.8,77.8,85.1,85.1,84.9,89.3,89.5,87.6,69.4,69.2,71.6,80.5,80,84.4,1.4,1.1,4,68,67.1,75.1,17.1,17.3,15.1,75.5,74.1,87.3,24.7,25.1,21.6
Assam,Hailakandi,89.5,88.6,NA,89.3,88.7,NA,74.1,73.9,NA,75.3,74.5,NA,78.6,78.3,NA,67.1,67.6,NA,80.1,78.9,NA,7.4,7.9,NA,65.8,64.4,NA,27.2,27.4,NA,36.9,32.3,NA,28.2,22.1,NA
Assam,Jorhat,96.1,95.9,96.8,96.8,96.8,97.3,81,81.6,78.7,83.7,84.3,81.3,90.3,90.3,90.6,70.9,71.8,67.2,84.9,84.1,87.8,1.3,1.3,1.2,75.1,75,75.5,20.3,21.4,16.4,81,80.2,84,22.5,23.4,19.4
Assam,Kamrup,97.7,98,97.3,97.8,97.9,97.6,75.1,69.4,82.2,77.5,75,80.6,88.4,87.1,90,64.6,59.1,71.6,86.1,84.8,87.7,1.3,0.9,1.9,66.7,65.6,68.1,26.1,25.9,26.3,85.1,82.5,88.5,23.9,23.2,24.8
Assam,Karbi Anglong,88.3,86.6,94.9,91,89.3,97.8,76.5,77.5,72.6,79.4,79.6,78.6,85.2,83.9,90.2,71.8,72.9,67.7,69.9,66.8,81.7,6,7.5,0.2,74.4,73.3,79.1,24.3,25,21.6,57.8,52.7,78.9,23.4,23.5,23
Assam,Karimganj,89.4,89.1,NA,88.5,88.1,NA,73.8,73.5,NA,73.2,72.9,NA,73.8,74,NA,65.4,65.3,NA,80.3,79.9,NA,7.2,7.4,NA,65.8,65.5,NA,27.2,26.8,NA,34.4,32.8,NA,29.1,29.5,NA
Assam,Kokrajhar,86.9,86.7,NA,96.2,96,NA,79.2,78.5,NA,72.9,72.2,NA,85.3,84.9,NA,59.2,58.7,NA,78,76.4,NA,2.5,2.8,NA,64.8,63.7,NA,24.7,24.9,NA,58.3,56.8,NA,24.5,24.6,NA
Assam,Lakhimpur,98.8,98.7,NA,98.1,97.9,NA,79.5,79.4,NA,78.1,77.7,NA,87.6,87.7,NA,64.2,64.2,NA,91.6,91.4,NA,1.6,1.7,NA,63,62.7,NA,30.9,31,NA,84.4,83.9,NA,12,11.6,NA
Assam,Marigaon,98.3,98.3,98.8,93.8,93.6,96.9,82.6,82.5,85,84.6,84.6,85.6,82.8,82.6,87.5,66.2,66,72.5,71.6,70.9,89.4,3.2,3.3,1.9,66.2,66,73.8,25.9,25.8,27.5,64.4,64.3,66.8,21.8,21.8,23.7
Assam,Nagaon,88.5,87.3,95.8,89.2,88.1,94.9,74.9,75.1,73.8,69.1,68,75.5,68.5,68.1,71.3,52.5,51.8,56.6,69.4,67.3,82.3,5.7,6.2,2.5,62,62,62.3,25.1,25.2,24.5,55.1,51.5,78.6,23.7,23.8,23.2
Assam,Nalbari,96.8,96.7,NA,98,98,NA,78.6,78.4,NA,87.8,87.7,NA,88,88,NA,68,67.8,NA,90.8,90.7,NA,1.6,1.7,NA,72.2,72.3,NA,25.6,25.4,NA,82.5,82.4,NA,27.3,27.3,NA
Assam,North Cachar Hills,90.5,85.7,95.4,91.6,87.2,96,65.8,67.2,64.4,64.8,66,63.6,75.5,70.4,80.7,56.2,57.1,55.2,84.2,77.5,91,5.9,9.4,2.4,46.4,45.8,46.9,27.6,30,25,71.3,58.2,84.6,26.1,27.3,25.3
Assam,Sibsagar,97.4,97.5,95.7,98,98,97.9,88.4,88.3,89.2,92,92.1,89.2,93.4,93.5,92.5,83.5,83.4,84.9,92.4,92.4,92.5,0.8,0.8,1.1,72.4,71.8,81.7,13.6,13.2,22.6,86.3,85.8,93.4,23.5,23.3,26
Assam,Sonitpur,94.3,94.1,96,95.8,95.8,95.2,84.3,84.7,81.4,83.1,83.4,80.8,85,85.2,83.9,70.5,70.9,66.9,81.3,80.7,87.3,2.5,2.4,3.1,66.3,67.1,59,27.3,27.2,28.5,67.8,66.5,80.2,19.9,19.8,20.9
Assam,Tinsukia,95.9,95.6,97.9,98.4,98.2,99.3,87.8,87.7,88.5,88.9,88.8,89.5,91.1,90.6,93.9,79,78.9,80,84.6,83.9,89.5,0.9,1,0.4,78,77.6,80.4,12.1,11.6,15.4,74.2,72.2,85.3,26.3,26.6,25.2
Bihar,Araria,78.5,77.5,NA,91.3,91,NA,83,83.5,NA,80.9,81.5,NA,67.2,66.8,NA,59.9,59.9,NA,58.1,56.5,NA,5.2,5.4,NA,65,66,NA,42.5,41,NA,37.4,36.6,NA,9.8,9.4,NA
Bihar,Aurangabad,83.6,84.1,78.9,96.7,96.9,94.3,90.7,91,87.4,92.1,92.3,89.1,82.9,83.4,77.7,78.6,79.2,73.1,85.5,85.8,82.3,1.9,1.7,3.4,57.7,57.8,56.6,24.3,23.6,31.4,47.2,46.6,53.4,20.1,19.6,24.4
Bihar,Banka,77.6,77.4,NA,96.3,96.2,NA,76,76.3,NA,80.6,80.5,NA,81.5,81.7,NA,65.7,65.9,NA,83.1,82.9,NA,1.7,1.8,NA,54.6,54.4,NA,24.2,24,NA,50.2,49.9,NA,21,20.8,NA
Bihar,Begusarai,74.9,74.3,NA,96.9,96.9,NA,80,79.2,NA,81,80.3,NA,78,77.1,NA,65.2,63.8,NA,81.2,80.5,NA,1.6,1.6,NA,53.5,53.1,NA,22.3,22.4,NA,50.1,48.6,NA,27.5,28,NA
Bihar,Bhagalpur,82.7,83.9,74.1,97,97.2,95.6,80.5,80.3,82,83.1,82.8,85.4,81.3,81.6,79,68,67.3,72.7,85.7,85.8,85.4,1.8,1.5,3.9,57.8,58.1,56.1,28.6,26.8,41.5,52.9,51.8,60.2,19,18.8,20.2
Bihar,Bhojpur,85.6,85.6,85.2,95.7,95.8,95.3,80.3,80.7,77.9,80.9,81.7,75.2,77.9,77.1,83.2,67.9,67.7,69.1,80.5,80.1,83.6,2.7,2.9,1.3,54.9,53.5,65.1,22.2,21.2,29.5,56,54.2,69.5,18.4,18,20.7
Bihar,Buxar,82.6,82.6,81.9,94,94,93.4,81,81.3,77.7,80.2,80.2,80.7,75.7,75.5,78.3,67.8,67.7,68.7,79.8,79.3,86.7,4.4,4.3,6,41.1,41.1,40.4,20.9,20.9,20.5,49,49.1,48.2,17.8,17.3,23.4
Bihar,Darbhanga,94.5,94.3,97.1,97.9,97.8,99,81.7,82.1,76.7,78.5,78.7,74.8,86.7,86.1,95.1,68.9,68.6,72.8,34.8,33.6,51.5,1.3,1.3,1,56.1,55,72.8,55.4,54.1,73.8,26.8,25,50,23.9,23.3,27.9
Bihar,Gaya,77.5,77.7,76.8,94.8,95.4,92.5,79.6,81.3,73,80.5,81.6,76.5,74.7,77.1,65.2,69.3,71.5,60.5,75.9,76,75.9,2,2.1,1.6,52.9,54.7,46.1,19.3,19.5,18.8,41.9,39.7,51.1,23.4,24.6,19.7
Bihar,Gopalganj,91.2,90.9,94.6,95.6,95.4,98,83.3,82.9,89.3,81.8,81.3,89.3,90,89.9,91.9,74.8,74.3,81.9,73.1,72.9,75.8,3.7,3.8,2,50.4,50.8,45,39.8,40.7,26.2,48.6,48.8,45.4,15.3,15.8,9.4
Bihar,Jamui,71.9,71.3,NA,89.6,89.5,NA,59.8,59.8,NA,66.6,65.7,NA,65.4,64.8,NA,50,49.8,NA,76.9,77,NA,4.4,4.5,NA,40.7,40.7,NA,25.2,25.9,NA,43.5,42,NA,19.7,19.8,NA
Bihar,Jehanabad,89.5,89.5,89.3,97.7,98,94.8,91,91.5,85.8,90.2,90.9,83.7,84,85.3,71.2,79.1,80.4,66.5,86.5,87.3,78.5,1.6,1.5,2.6,60.2,60.9,53.6,23.9,23.5,27.5,61.3,61.9,55.2,18.2,18.3,17
Bihar,Kaimur (Bhabua),86.5,86.5,NA,96.7,96.7,NA,81.9,81.7,NA,82.1,81.9,NA,78.5,78.2,NA,69.1,68.8,NA,84.1,84,NA,1.9,1.9,NA,46.6,46.9,NA,24.4,24.5,NA,45.4,45.4,NA,20.5,20.2,NA
Bihar,Katihar,83.6,83,93.5,93.6,93.4,96.3,81.9,81.3,93.5,80.7,79.9,93.5,78.4,78.1,84.1,69.3,68.5,83.2,78,77.3,89.7,4.9,5.1,2.8,65.5,65.2,72,36,35.6,43,29.5,28.5,51,22.6,22.7,20
Bihar,Khagaria,91.5,91.3,94.1,91.4,91.1,97.5,88.7,88.5,94.1,88.7,88.5,93.3,88,87.8,90.8,84.8,84.7,87.4,69,68.3,84,8.1,8.4,1.7,61.6,61.3,68.9,30.4,30.7,23.5,55.9,54.4,83.3,19.5,21,8.1
Bihar,Kishanganj,74.7,72.9,92.7,86.3,85.1,98.5,56.5,54.3,78.1,57,54.6,81,40.6,38.3,63.5,32.2,29.7,57.7,64.8,61.9,93.4,8.9,9.7,0,61.7,58.6,92.7,34.2,33.8,38,25,21.6,62.1,28.1,29.7,19.4
Bihar,Lakhisarai,76.6,76.6,77,95.3,95.5,93.8,81.7,82.2,77.3,81,81.7,75.4,75.9,76.4,71.9,67.3,67.7,63.3,77.8,78.2,74.2,3.3,3.1,4.7,52.3,52.9,47.3,26.7,26.9,25.4,49,48.6,52.5,20.9,21.6,15.1
Bihar,Madhepura,85.1,85,NA,97.3,97.3,NA,91.3,91.3,NA,91,90.9,NA,86,85.9,NA,80.2,80.1,NA,46.5,46.1,NA,1.2,1.2,NA,59.2,59.6,NA,31.6,31.1,NA,29.5,29.2,NA,27.2,26.5,NA
Bihar,Madhubani,95.5,95.5,NA,95.3,95.3,NA,92.9,93.1,NA,92,92,NA,90.4,90.5,NA,87.8,87.9,NA,47.7,47.3,NA,4.4,4.4,NA,69.7,69.6,NA,61.4,61.4,NA,33,32.4,NA,22.3,21.4,NA
Bihar,Munger,82.8,82.1,84.8,98,98.2,97.5,83.4,83.3,83.7,86.5,86.9,85.2,86.1,86.1,86,74.4,74.3,74.7,84,83.6,85,1,1.1,0.8,60,59.5,61.3,25.8,24.9,28.4,63,60.7,69.8,19.3,19.1,19.8
Bihar,Muzaffarpur,88.7,88.3,94.8,96.6,96.5,97.9,82.3,82.8,74.2,75.4,76.3,60.8,86.1,86.1,86.6,64.2,65,51.5,72.2,71.4,86.6,2.3,2.3,2.1,60.5,59.7,73.2,32.7,31.3,55.7,46.6,44.9,77.9,26.8,27.2,21.4
Bihar,Nalanda,79.4,80.5,73.5,96.6,97.4,92,84,85.3,76.7,88.7,89.6,84,82.5,82.6,82.2,74.8,75.8,69.1,86.4,85.9,88.7,2,1.8,2.9,57.1,59,46.2,19.7,20.2,17.1,54.7,54.1,57.8,23.7,23.5,25.2
Bihar,Nawada,78,77.5,83.6,95.9,96.1,92.9,82.3,82.1,84.3,84.2,84.2,83.6,79.6,79.7,79.3,73.1,72.6,77.9,81.1,81.3,78.6,1.9,1.9,2.1,53.1,53.9,44.3,20,19.1,30,44.2,43.9,46.7,21.7,21.9,20.3
Bihar,Pashchim Champaran,90.2,90.2,90.6,94.1,93.9,97.6,72.7,72.1,81.2,66.8,65.8,80,75,74.5,81.2,53.9,52.9,68.2,72.8,72.7,72.9,5.5,5.8,2.4,54.8,55.4,45.9,50.3,49.7,57.6,42.9,41.5,63.3,21.4,22.4,11.8
Bihar,Patna,85.6,81.5,92.7,97.4,97.3,97.5,87.8,87.7,87.9,86.6,86.7,86.2,82.4,79.3,87.8,76,74.1,79.4,83.5,81.3,87.4,1.6,1.7,1.6,55.3,55.7,54.6,21.5,17.7,28,63.9,54.7,79.5,20.1,21.7,18.3
Bihar,Purba Champaran,77.9,76.9,NA,85.9,85.5,NA,68.2,68.5,NA,57.1,56.1,NA,66.7,65.3,NA,44,42.4,NA,63.2,61.4,NA,9.9,10,NA,41.8,41.6,NA,38.8,38.1,NA,28.6,26.9,NA,31,32.2,NA
Bihar,Purnia,85.8,86.3,NA,94.9,96.2,NA,91.4,92.2,NA,92.7,93.5,NA,84.1,85.3,NA,80.9,81.9,NA,53.5,53.2,NA,3.5,2.4,NA,68.8,68.9,NA,54.2,56.2,NA,34.3,30.9,NA,39.8,30.5,NA
Bihar,Rohtas,85.3,85.7,81.9,95.8,95.8,95.7,84.3,84.6,81.9,84.2,84.1,84.3,77.4,77.3,77.9,70.4,70.4,69.8,92.1,93.3,81.9,2.8,2.7,3.6,47.6,47.2,50.9,19.7,20.3,13.9,49.2,48.1,59,18,18.2,16.7
Bihar,Saharsa,86.4,85.6,93.8,95.5,95.4,96.9,83.6,85.9,61.5,83.3,85.4,64.1,83.2,84.5,71.8,74.8,77.4,50.8,47.9,44.3,81.5,3.4,3.4,3.1,69.8,71.7,52.3,47.8,46.4,61,25.9,22.7,55.9,17.8,16.5,29.5
Bihar,Samastipur,95.8,96,NA,96.4,96.5,NA,92.4,92.6,NA,88.2,88.4,NA,91.2,91.7,NA,84.3,84.6,NA,65.9,66,NA,3.3,3.1,NA,68.9,69.4,NA,34.9,34.7,NA,53.9,53.3,NA,18,17.9,NA
Bihar,Saran,92,91.9,92.4,94,93.4,98.1,88.4,88.2,90,88.5,88.2,91,85.4,86.2,79,79.7,80.6,71.9,56.4,56,59.5,5.2,5.6,1.9,53.6,55.2,41.4,31.8,32.3,28.6,40.8,41,39.2,28,29,19.7
Bihar,Sheikhpura,79.2,79.6,75.7,96.3,96.5,94.6,88.6,89.2,82.7,88.7,89.3,83.7,82.8,83.1,80.2,78.2,78.7,73.8,85.6,85.5,87.1,1.8,1.7,2,54.5,54.4,55.4,20,20.4,16.3,55.2,54.5,62.1,24.2,24.2,24.2
Bihar,Sheohar,87.7,90.6,NA,93.2,93.6,NA,81,81.9,NA,87.1,88.5,NA,80.1,81.2,NA,69.1,69.7,NA,32.5,32.7,NA,4.6,4,NA,63.2,64.1,NA,47.4,49.5,NA,24.5,25.2,NA,43.9,44.2,NA
Bihar,Sitamarhi,89.9,89.4,NA,92.2,92.5,NA,85.4,85.1,NA,84.2,83.8,NA,78.5,77.6,NA,69.6,68.2,NA,43.1,40.2,NA,6.2,5.9,NA,44.9,42.8,NA,41.3,39.1,NA,26.7,24.4,NA,6.8,6.5,NA
Bihar,Siwan,93.3,93,95.3,95,95.3,93.2,86.1,85.7,89,82.9,82.5,85.6,91,91.3,88.5,76.6,75.9,81.5,70.1,67.7,86.9,4.4,4.1,6.5,47,47.4,44.4,35.3,33.9,44.6,47.5,45.7,62.2,28.1,25.3,41.3
Bihar,Supaul,85.5,84.9,NA,94.3,94,NA,86.3,86.7,NA,84.7,85,NA,82.6,82.1,NA,72.6,72.6,NA,51.4,49.3,NA,2.9,3,NA,60.9,60.5,NA,39.6,39.9,NA,33.9,32.4,NA,12.5,10.3,NA
Bihar,Vaishali,89.7,89.9,83.8,96,95.9,98.5,84.3,83.9,95.6,85.9,85.6,91.2,87.3,87.2,88.2,76.5,76.2,82.4,71.3,70.6,89.7,3.6,3.6,1.5,64.1,64.3,58.8,30,30.6,14.7,55.8,54.9,74.3,16.7,16.2,22.1
Chhattisgarh,Bastar,89.13,88.39,98.36,95.98,95.84,97.81,90.76,90.72,91.26,89.69,89.52,91.8,87.68,87.3,92.35,82.52,82.08,87.98,92.49,92.42,93.44,3.28,3.42,1.64,68.44,68.01,73.77,65.83,65.45,70.49,81.77,81.16,90.33,5.42,5.05,10.34
Chhattisgarh,Bilaspur,86.43,85.76,88.42,96.39,97.03,94.49,87.86,89.99,81.5,77.35,78.04,75.28,85.75,86.32,84.04,68.89,70.49,64.12,89.21,89.24,89.12,2.87,2.51,3.95,62.06,61.23,64.55,46.93,48.36,42.66,55.67,51.19,69.04,13.77,15.17,9.16
Chhattisgarh,Dantewada,85.29,83.86,94.46,92.39,91.86,95.77,78.73,77.9,84.04,76.59,75.58,83.06,83.43,81.76,94.14,66.05,63.8,80.46,84.78,83.21,94.79,6.51,6.91,3.91,65.89,65.55,68.08,43.5,41.59,55.7,57.22,53.76,87.38,18.59,19.02,15.53
Chhattisgarh,Dhamtari,92.72,92.66,93.22,97.76,97.77,97.64,93.53,93.36,94.99,95.82,95.85,95.58,93.09,92.93,94.4,88.92,88.63,91.45,96.94,96.99,96.46,2.17,2.14,2.36,73.08,73.38,70.5,40.96,41.09,39.82,91.33,91.77,87.65,16.03,16.12,15.09
Chhattisgarh,Durg,97.02,96.44,98.18,97.25,96.8,98.18,90.54,88.35,94.98,91.21,89.22,95.24,92.96,93.15,92.56,86.79,85.01,90.4,92.52,91.82,93.94,2.54,2.9,1.82,68.77,67.45,71.45,40.34,45,30.88,85.12,85.63,84.06,11.97,10.88,13.93
Chhattisgarh,Janjgir-Champa,94.2,94.13,95.03,97.12,97.09,97.52,82.13,83.63,63.98,89.67,90,85.71,91.94,91.73,94.41,75.7,77.13,58.39,90.75,90.55,93.17,2.09,2.16,1.24,67.26,67.07,69.57,43.81,42.92,54.66,60.43,58.99,75.8,12.84,13.6,6.59
Chhattisgarh,Jashpur,90.15,89.93,NA,97.34,97.27,NA,68.22,68.42,NA,80.19,80.72,NA,88.43,88.6,NA,61.37,61.71,NA,87.22,87.19,NA,2.13,2.19,NA,66.03,66.49,NA,45.06,44.84,NA,71.68,71.21,NA,16.27,16.29,NA
Chhattisgarh,Kanker,95.45,95.32,NA,97.64,97.65,NA,93.02,93.01,NA,92.64,92.45,NA,95.12,94.92,NA,90.04,90.01,NA,92.16,92.01,NA,2.08,2.17,NA,78.77,78.66,NA,73.65,73.65,NA,93.98,93.83,NA,7.19,7.13,NA
Chhattisgarh,Kawardha,85.24,83.23,NA,96.35,96.34,NA,79.71,78.89,NA,81.59,79.96,NA,88.45,88.04,NA,71.8,69.82,NA,95.42,95.88,NA,3.21,3.28,NA,56.93,58.68,NA,29.9,32.83,NA,69.83,69.97,NA,7.63,7.4,NA
Chhattisgarh,Korba,89.72,85.89,97.62,97.03,96.05,99.05,70.74,68.49,75.38,68.96,66.65,73.71,90.59,87.96,96.03,63.13,60,69.58,88.71,84.32,97.78,2.49,3.31,0.79,72.69,68.23,81.89,45.66,41.61,54.01,58.65,46.46,81.67,14.92,16.02,13.5
Chhattisgarh,Koriya,90.83,88.88,98.19,96.95,97.02,96.69,96.55,96.91,95.18,79.35,79.86,77.41,90.93,91.31,89.46,76.02,76.77,73.19,77.4,75.08,86.14,2.55,2.51,2.71,61.67,60.61,65.66,48.78,47.1,55.12,60.3,56.92,74.25,17.67,18.98,14.17
Chhattisgarh,Mahasamund,95.46,95.27,97.24,97.26,97.19,97.93,92.29,91.85,96.55,86.35,86.08,88.97,90.79,90.2,96.55,81.77,81.17,87.59,83.03,82.41,88.97,2.74,2.81,2.07,58.45,56.58,76.55,48.58,50.03,34.48,70.78,70.99,68.72,11.2,10.69,16.3
Chhattisgarh,Raigarh,84.88,83.54,94.47,96.63,96.45,97.89,78.53,77.51,85.79,80.25,79.81,83.42,91.99,92.45,88.68,72.94,72.44,76.58,90.5,89.76,95.79,2.98,3.14,1.84,65.39,64.45,72.11,41.75,41.01,47.11,62.94,59.42,87.48,8.58,7.76,12.61
Chhattisgarh,Raipur,83.66,78.55,95.73,96.56,96.37,97.01,86.27,85.4,88.32,85.41,84.72,87.04,92.89,93.07,92.45,80.26,79.38,82.34,89.93,89.83,90.17,3.03,3.05,2.99,72.81,69.03,81.77,33.03,35.61,26.92,67.87,64.17,79.13,17.28,16.47,19.46
Chhattisgarh,Rajnandgaon,90.34,90.87,87.1,95.96,95.82,96.77,88.54,88.85,86.69,87.33,87.9,83.87,92.36,92.37,92.34,83,83.59,79.44,87.94,87.62,89.92,2.77,2.7,3.23,73.65,72.23,82.26,40.82,42.16,32.66,84.76,84.42,87.05,14.68,14.92,13.04
Chhattisgarh,Surguja,83.65,82.73,100,96.23,96.01,100,68.77,67.4,93.29,65.26,63.82,90.85,86.52,86.37,89.02,59.09,57.79,82.32,74.91,73.6,98.17,3.56,3.76,0,71.3,70.88,78.66,30.55,30.55,30.49,38.96,36.9,75.74,14.87,14.27,21.43
Jharkhand,Bokaro,88.6,88.8,88.3,96.9,96.5,97.4,88.9,87.9,90.1,89.4,88.2,90.7,86.8,85.3,88.4,82.5,81,84.2,85.5,82,89.4,1.6,2.2,0.9,66.1,65.1,67.1,7.5,6.9,8,51.4,36.6,69.4,30.3,37.5,25.5
Jharkhand,Chatra,79.8,78.8,89.6,92.6,92.2,95.8,71.5,70.9,77.1,71.8,71.4,75.5,76.7,76.8,75.5,61.4,61.1,63.5,66.7,65.1,82.3,6.2,6.4,4.2,47.5,47.4,49,22.6,22.8,19.8,43.1,41.8,55.3,20.4,21.4,13.5
Jharkhand,Deoghar,71.3,71.1,72.8,90.1,89.9,91.9,68.8,68.4,72,71.4,70.9,74.8,72.1,71.6,75.2,56.3,55.5,61.8,75.2,74.5,80.1,5.6,5.7,4.9,51.3,51.5,49.6,21.3,22,16.7,40,36.6,66.5,28.4,28.4,28.6
Jharkhand,Dhanbad,84.6,81.3,87.9,93.8,91.9,95.6,81.4,82,80.8,78.1,76.2,80.1,79.3,78.5,80.1,69.3,69.2,69.3,77.7,72.3,83.1,2,2.2,1.9,45.8,45.1,46.4,9.5,6.2,12.8,51.6,36.4,65.3,32.6,37.7,29.9
Jharkhand,Dumka,80.6,80,94.8,93.3,93.1,98.5,81.7,81.3,90.3,82.1,81.6,92.5,81.8,81.6,85.8,72.7,72.3,82.1,66.2,65.5,80.6,3,3.1,0.7,50.2,49.8,58.2,7.7,7.6,10.5,26.1,24.1,60.9,33.5,32.1,43.2
Jharkhand,Garhwa,78.3,76.9,NA,95.1,94.8,NA,74.7,74.1,NA,78,77.6,NA,82,81.6,NA,65.7,65.1,NA,70.5,69.5,NA,3.9,4.1,NA,62.1,63.6,NA,24.1,24.1,NA,41.1,38.4,NA,20.7,21.4,NA
Jharkhand,Giridih,72.5,72.1,80.5,86.7,86.6,89.3,61.8,61.3,70.5,60.4,60.1,67.1,66,65.8,70.5,46.5,46.2,52.3,67.5,67.1,75.8,9.4,9.4,9.4,40.7,40.4,46.3,20.5,20.1,28.2,38.6,37.2,66.7,24.9,24.7,26.1
Jharkhand,Godda,79.1,79,NA,93.7,93.7,NA,67.7,67.5,NA,70.1,69.9,NA,76.3,76.2,NA,55.9,55.6,NA,76.7,76.5,NA,4.5,4.5,NA,49.2,49.5,NA,20.7,20.9,NA,39.1,38.1,NA,29.8,30.9,NA
Jharkhand,Gumla,88.7,88.3,95.9,97,97,97.9,86.1,85.9,88.8,88.8,88.8,89.4,90.2,90.1,91.5,80.8,80.8,82.1,86.4,86.3,88.8,1.4,1.4,0.6,78,78.4,70.6,11.8,11.5,17.9,45.2,43.7,72.4,32.5,33.2,26
Jharkhand,Hazaribagh,89.2,89.1,89.5,97.2,97.3,96.8,80.1,80.2,79.5,82.4,82.1,84.3,86.9,86.6,88.3,70.6,70.2,72.2,84,82.8,89.7,1.8,1.9,1.2,59.8,59,63.6,22.4,21.8,24.9,59.4,56.3,73.8,22.9,23.1,22.3
Jharkhand,Kodarma,87.2,87.1,87.6,97.2,96.8,99.3,75,78.5,55.9,78.2,79.8,69.3,83.2,83.5,81.7,61.8,65.1,44.1,81.6,80,90,2.4,2.7,0.3,54.4,55.2,50.3,29.7,30.2,26.9,56.1,53.3,71.2,25.5,25.5,25.5
Jharkhand,Lohardaga,89.9,89.5,93.5,97.6,97.5,98.6,91.3,91.1,92.6,91.2,91.1,91.4,93.9,94.1,91.9,88.1,88.2,87.2,87,86.1,94.7,1.2,1.3,0.7,85.6,86.8,74.7,10,9.6,13.7,51.8,48.9,77.6,38,37.5,40.9
Jharkhand,Pakaur,80.9,80.6,NA,94.8,94.7,NA,62.3,62.1,NA,64.6,64.3,NA,75.5,75.4,NA,47.6,47.3,NA,72.5,71.8,NA,3.4,3.4,NA,52.2,52.1,NA,21.8,22.3,NA,31.5,30.1,NA,29.1,29.4,NA
Jharkhand,Palamu,83.3,83.3,83.3,94,93.6,99.5,77.5,77.1,84.9,76.6,76.5,79.2,81.2,80.9,87,64.5,64.2,70.8,73.6,72.8,88,4.5,4.7,0.5,58.3,58.1,62,27.9,28,25,41.4,39.8,66.8,21.7,22.1,17.6
Jharkhand,Pashchimi Singhbhum,86.5,85.6,92.7,95.5,95,99,84.1,82.9,91.8,80.8,79.3,90.6,87.7,86.9,92.9,74.5,73,84.3,62.1,57.8,90.2,2.7,3.1,0.4,66,65.5,69.8,10.6,9.7,16.6,34.6,29.4,68.8,23.3,25.1,18.6
Jharkhand,Purbi Singhbhum,94.4,93.9,94.8,98.5,98.2,98.8,92,92.8,91.3,90.6,91.9,89.3,92.3,93.3,91.3,85,87.2,82.9,87.9,84.8,90.8,0.7,0.5,0.9,70,73.3,66.8,12.6,11.4,13.7,70.9,59,82.1,25.6,32.6,20.6
Jharkhand,Ranchi,90.6,88.9,94.1,97.5,97.1,98.1,90.1,89.8,90.7,89.9,92.6,84.7,90.9,91.6,89.3,81.5,84.5,75.5,89.1,87.6,92.1,1.3,1.6,0.7,69.1,69.5,68.5,14.4,14.3,14.2,70.2,62.8,85.1,31.5,34.8,26.9
Jharkhand,Sahibganj,81.6,80.9,88.7,91.6,91,97.2,70.7,70,78.1,71.6,70.9,79.1,74.4,73.9,79.4,57.9,57.2,65,70.1,68.4,88.8,6.1,6.4,2.7,48.4,47.7,56.4,24.2,24.4,22.9,35.5,31.6,76.2,25.8,27.7,17.8
Madhya Pradesh,Balaghat,98.3,98.3,98,97,97.3,95.6,87,88.3,78.2,90.9,93.5,74.4,94.5,95,91.5,82.5,85.2,64.8,89.9,90.4,86.3,2.8,2.6,4.4,74.5,74.3,75.8,41.2,39.8,50.5,90.9,91,90.8,32.1,32.5,29.8
Madhya Pradesh,Barwani,84.4,80.9,97.8,93,91.6,98.4,76.8,73.8,88.3,76.1,73.2,87.1,82.2,79.6,92.2,68.3,64.6,82.5,82.2,78.8,95.2,4.2,5,1.2,53.7,52.5,58.4,29.9,27.9,37.6,74.4,69,96.9,16.2,16.8,14.4
Madhya Pradesh,Betul,91.6,90.2,98.5,96.7,96.7,96.8,75.4,73.9,82.6,77,77.4,75.2,94,93.9,94.6,64.7,63.8,69.1,88.2,86.9,94.6,3,2.9,3.2,71.3,73.1,62.3,52.5,54.1,44.9,81.2,80.6,84.4,26.6,26.9,25.3
Madhya Pradesh,Bhind,90.5,89.9,91.7,95.7,95.6,96,80.8,79.2,84.2,79.4,79.1,79.9,82.8,81.7,85.3,71.3,69.3,75.7,89.2,88.8,90.1,3.4,3.4,3.5,51.9,49.6,56.8,21.7,19.9,25.3,70.6,68.2,75.4,25.8,30.3,17.9
Madhya Pradesh,Bhopal,96.1,93,96.8,97.7,97.5,97.8,79.1,89.4,76.4,81.8,89.3,79.8,85.5,94,83.3,71.9,88.2,67.7,92.9,94.4,92.5,2.1,2.5,2,76.2,78.2,75.6,33.1,33.9,32.9,90.3,81.9,92.3,11.6,10.3,11.9
Madhya Pradesh,Chhatarpur,82.8,79.3,96.9,93.6,93.3,94.8,64.3,60.3,80.4,64.6,60.5,81.1,73.2,70.1,85.6,43.5,37,70.1,82.6,81,89,4.7,4.8,4.5,41.4,41.8,39.9,23.5,27.2,8.6,56.8,54.7,65.3,35.1,38.1,14.9
Madhya Pradesh,Chhindwara,92.4,90.2,99.2,93.7,92.9,96.2,83.5,83.1,84.9,66.4,68.6,59.6,90.8,89.8,93.8,62.2,63.7,57.7,85.4,83.3,91.9,5.2,5.6,3.8,77.3,82.8,59.6,43.6,44.1,42,72.3,70.6,77.5,29.3,25,39.7
Madhya Pradesh,Damoh,81.9,80.2,88.7,92.5,92.7,91.6,61.2,58.5,71.8,59.2,55.5,73.5,77.1,76,81.2,42.4,39.9,52.1,70,66,85.8,6.2,5.9,7.1,45.7,44.2,51.8,20,20.5,17.8,53.7,48.8,73.9,20.6,23.1,12.7
Madhya Pradesh,Datia,93.1,93.6,91.9,92.5,92.8,91.9,78.1,77.6,79.2,76.9,77.2,76.1,75.4,73.5,80,63.5,61.4,68.6,87.6,86.6,90.1,6.2,5.5,7.8,45.1,44.1,47.5,19.9,21,17.4,74.6,73.7,77,28.1,27.2,30.6
Madhya Pradesh,Dewas,92,91.6,93,96.2,96,96.6,80.2,80.9,79,79.1,81.3,74.6,87.5,87.6,87.2,74.1,76.3,69.6,91.5,91.1,92.3,2.7,2.7,2.7,62.8,63,62.5,19.6,18.1,22.5,80.7,78.5,85.7,25.5,28.2,19.9
Madhya Pradesh,Dhar,92.8,92.1,95.1,97.5,97.6,97.4,78,79.7,72.8,85.9,85.5,87.4,80.7,80.3,81.9,69.8,70.8,66.8,88.8,87.2,93.7,2.3,2.2,2.3,63.6,63.3,64.5,22.8,22.9,22.3,83.2,81.1,91.3,20.4,19.8,22.4
Madhya Pradesh,Dindori,86.6,86.1,NA,94.5,94.3,NA,81.4,80.7,NA,76.8,76.1,NA,90.9,90.6,NA,68.6,67.6,NA,68.9,68.2,NA,3.8,4,NA,65.9,65.8,NA,28.4,27.9,NA,63.2,62.6,NA,49.1,49.6,NA
Madhya Pradesh,East Nimar,87.9,86.4,92.9,95.7,95.1,97.4,73.5,72.9,75.7,73.7,71.7,80.2,80.9,78.7,88,64.5,63.2,68.8,84.9,82.6,92.5,3.4,3.9,2.1,50.2,49.5,52.5,27.7,27.7,27.7,70.7,66.7,84.6,26.9,26.2,29.2
Madhya Pradesh,Guna,84.7,82.1,95,96.5,95.7,99.7,73.8,70.1,88.1,73.9,70.2,88.4,87.1,86.4,89.7,69.2,66.5,79.8,93.1,92.8,94,3,3.7,0,48.7,47.3,54,28.8,28.2,30.8,73.1,70.1,84.9,30.1,32.7,22.3
Madhya Pradesh,Gwalior,97.5,96,98.2,98.6,97.7,99,81.1,78.5,82.3,85.4,79.2,88.5,90.5,91.5,90.1,76.3,73.8,77.5,94.2,90.9,95.8,0.9,1.7,0.5,57.5,56.1,58.1,31.5,32.4,31,86,82.8,87.7,24.4,22.7,25.2
Madhya Pradesh,Harda,92.2,90.9,98.7,95.2,94.4,98.7,70.5,68.9,78.2,72.7,72.5,73.6,88.5,88.1,90.6,61.3,60.8,63.7,87,85.1,95.9,4.4,5,1.3,62.4,60.8,70.6,39.1,36.3,53,82.2,79.7,93.6,23.6,22.1,28.4
Madhya Pradesh,Hoshangabad,95.4,93.5,99.3,97.8,97,99.3,78.5,78.4,78.6,76.2,81.1,65.6,95,93.4,98.3,67.4,70.5,61,92.5,91,95.9,1.9,2.6,0.5,64.3,62.9,67.3,39.5,40.2,38,87.4,87.9,86.3,31.2,32.4,28
Madhya Pradesh,Indore,97.7,98.5,97.4,98.1,98.6,97.9,89.1,90.4,88.6,88.3,88.9,88.1,94,89.1,95.7,85.5,81.1,87,91.9,91.4,92,1.7,1.3,1.8,79.9,80.7,79.6,29.8,37.8,27,93.5,94,93.3,20,26.7,17.5
Madhya Pradesh,Jabalpur,95.1,92.8,96.3,95.5,93.1,96.8,83.8,80,85.7,79.7,76.9,81.1,87.5,81.4,90.7,70.5,63.3,74.2,91.2,86.1,93.8,4.3,6.9,2.9,67,72.8,64,22.1,24,21.1,83,80.6,84.8,40.4,48.5,34.6
Madhya Pradesh,Jhabua,76.2,74.4,93,88.4,87.4,97.5,64.4,61.7,89.2,62.6,60,86.6,75.3,73.4,92.4,57.4,54.5,84.1,79.3,77.7,93.6,10.9,11.9,1.9,43.5,41.5,61.1,33.7,32.9,41.4,75.2,73.8,90.1,23.8,24.3,19.6
Madhya Pradesh,Katni,92,91.8,92.9,98.1,97.8,99.2,73.2,72.5,75.5,80.9,79.7,84.4,90,89,93.4,63.6,63.3,64.4,89,88.1,91.8,1.4,1.7,0.5,51.5,47.5,63.9,20.4,22.4,14,76.9,76.2,79.3,29.4,30.1,27.3
Madhya Pradesh,Mandla,79.1,77,98.3,92.3,91.9,96.1,69.8,68.9,77.9,62.2,61,74.5,79.2,78.2,88.7,51.3,49.7,66.2,72.9,70.8,93.1,6.8,7.1,3.9,61.5,62,56.3,34.4,33.2,45.9,58.4,55.7,86,40.4,40.6,39.2
Madhya Pradesh,Mandsaur,92.5,91,96.6,95.8,95.2,97.6,80.2,77.1,89.1,74.5,73.7,76.9,83.3,80.7,90.9,67.5,65.9,72.2,87.9,86,93.2,3.9,4.6,2.2,67.6,63.8,78.3,31,25,48.1,82.7,81.5,86.5,31.2,33.1,25.6
Madhya Pradesh,Morena,91,89.5,95.1,97.7,97.8,97.7,83.8,81.7,89.5,84.9,82,92.5,82.1,80.5,86.4,73.4,70.2,82,95.4,95.5,95.3,1.5,1.5,1.4,53.1,52.7,54.1,29,29.4,28.1,72.9,73.5,71.1,24.8,24.9,24.5
Madhya Pradesh,Narsimhapur,97.7,97.5,99,96.4,96.2,97.4,83.9,84.3,81.3,77.5,78.9,68.4,90.5,90.2,92.7,70.5,71.8,62.2,86.9,86.4,89.6,3.5,3.6,2.6,62.8,63.6,58,36.3,35.7,39.9,86.8,85.7,93.3,40.8,41.9,34.9
Madhya Pradesh,Neemuch,96,95.6,96.7,97.4,97.6,97.1,80.4,77.6,85.3,79.7,77.7,83.2,89.8,88.8,91.5,74.7,71.7,80,92.1,91.8,92.5,2.2,2,2.5,66,68.5,61.7,29.5,28.8,30.7,78.9,74.2,86.9,26,27.9,23.3
Madhya Pradesh,Panna,79.8,78.8,87,92.9,92.8,93.5,57.5,55.1,74,63.2,61.2,76.6,70.8,71.2,67.5,38.4,37.2,46.8,81.9,80.6,90.9,6.2,6.2,6.5,35.4,33.8,46.8,34.8,34.3,38.3,59.5,58.7,65.2,35.5,36.2,31.3
Madhya Pradesh,Raisen,87.2,85.5,94.1,95.6,95,98,77.8,78.2,76.4,64.8,63.4,70.4,86.7,85.9,89.7,53.2,53.8,50.7,84.2,81.1,96.6,3.8,4.3,2,61.8,63.7,54.2,32,30.1,39.4,76.4,74.8,83.4,33.7,35.5,26
Madhya Pradesh,Rajgarh,92.4,91.6,97.8,96.7,96.6,97.8,84.5,83.7,89.7,81.4,80.4,88.6,87,86,94.1,75.9,74.5,84.9,88.1,87.2,94.5,2.7,2.8,1.8,55.9,56,55.5,25.5,25.2,27.6,85.2,83.7,95,12.4,12.2,13.6
Madhya Pradesh,Ratlam,96.5,95.2,98.5,97.7,97.3,98.4,86.2,82,92.5,86,82.9,90.9,93.1,91.8,95.1,82.2,78.7,87.6,93.3,92.1,95.2,2.1,2.7,1.1,68,66.7,69.9,36.3,36.7,35.6,86.9,89.7,82.5,22.6,22.8,22.3
Madhya Pradesh,Rewa,90.3,89.9,92.4,97.3,97,98.8,78.6,77.4,85.5,73.7,73,77.9,86.6,86,90.1,61.1,59.5,70.3,90.1,89.5,93.6,2,2.2,1.2,54.6,52.2,69.2,32.1,32.2,31.4,69.7,67.7,83.5,28.4,25.1,48.4
Madhya Pradesh,Sagar,82.5,79.1,91.7,93.5,92.7,95.5,72.4,70.1,78.6,73.2,68.5,86.2,77.1,74,85.7,55,49.8,69.3,77.4,72.3,91.4,5.2,5.5,4.5,45.5,45.8,44.8,18.5,19.5,15.5,54.2,46.8,75,27.5,30,24.2
Madhya Pradesh,Satna,87.6,85.3,94.2,95,94.2,97.3,71.1,67.6,81.2,66.1,62.8,75.4,82.8,80.7,88.6,54.7,50.1,67.5,82,80.2,87,3.4,3.7,2.5,39.5,42,32.7,25.8,25.8,25.9,61.2,57.6,72,33.3,31.8,36.1
Madhya Pradesh,Sehore,92.9,92.1,96.5,95.5,94.9,97.9,84.3,84.7,82.4,84.7,84.6,85.2,88,86.7,93.3,77.6,77.5,78.2,86.8,85.2,93.7,4.3,4.9,2.1,53.1,50.6,63.4,29.9,30.6,27.1,78.8,79.2,77.1,14.8,14.9,14.7
Madhya Pradesh,Seoni,92.8,92.5,96,96.9,96.7,100,74.9,73.2,95.2,75.9,74.3,94.4,91,90.7,93.5,65.1,63.5,83.9,82.6,81.7,93.5,2.6,2.8,0,68.9,67.6,83.9,30.6,30,37.1,77.9,77.6,81.8,31.1,31.2,29.5
Madhya Pradesh,Shahdol,81.9,80.6,86.4,91.9,91.7,92.5,63.7,65.4,58.4,58.9,61.1,51.9,83,83.2,82.2,48.3,50.9,39.7,75.9,74.4,80.8,8.1,8.3,7.5,51.5,51.6,50.9,26.4,25.8,28.5,64.9,62.1,73.9,30.1,28.2,35.4
Madhya Pradesh,Shajapur,97.2,97.3,96.9,97.8,98.2,96.5,84.3,82.4,89.4,82.7,80.7,88,91,91.3,90,77.4,75,84.1,93.3,93.7,92.4,1.9,1.5,3.1,71.5,69.8,75.9,20.7,19.3,24.6,89.6,87.8,94.2,20.9,22.1,18.1
Madhya Pradesh,Sheopur,89.3,88.5,95,93.6,92.7,99.3,76.8,75,88.5,73.9,71.9,87.1,75.2,73.1,88.9,64.9,62.5,80.6,79.8,77.8,92.5,4.7,5.3,0.4,40.2,35.8,69.2,13.9,14.4,10.8,67.5,64.9,83.7,30.4,30.2,31.2
Madhya Pradesh,Shivpuri,91,90.4,94.5,96.7,96.7,96.9,72.9,70.2,90.2,79.2,77.5,90.5,82.6,81.9,86.8,64.3,61.8,81,89,88.3,93.6,2.8,2.8,2.5,48.5,46.8,59.2,28.3,27.8,31.9,82.8,81.8,89.6,21.9,22.2,19.6
Madhya Pradesh,Sidhi,80,78.1,95.2,90.1,89,99.2,71.7,71,76.8,68.4,67.3,76.8,78.6,77.5,87.2,60.1,59.1,68,80.9,79.6,91.2,9.1,10.1,0.8,57.2,57,59.2,20.1,18.1,36.8,66.3,64.9,77.6,17.3,18,13.3
Madhya Pradesh,Tikamgarh,77.2,74.6,89.6,93.3,92.9,95.4,51.2,48.5,64.2,53.7,50.7,68.2,59,54.9,78.6,31.5,27.9,48.6,84.6,84.3,85.5,5.7,5.9,4.6,31.7,29.7,41.6,19.9,22.2,8.7,56.4,54,67.9,37.9,38.5,35.3
Madhya Pradesh,Ujjain,95.2,94.4,96.3,97.2,97.8,96.4,85.7,86,85.4,82.5,84.2,80.1,92.6,93.6,91.1,81.1,82.5,79.1,91,90.7,91.4,2.5,1.8,3.6,48.1,47.6,48.7,21.7,16.9,28.5,66.6,63.3,72.2,33,36,28.4
Madhya Pradesh,Umaria,79.1,76.6,94.5,87.3,86.3,93.8,61.9,62.4,58.6,47.6,47.3,49.3,79,77.3,89.3,40.8,41.1,39,82.3,81,90,10.9,11.7,6.2,50,48.7,57.9,46.8,47.1,45.5,68.9,67.4,78.6,25,24.5,27.7
Madhya Pradesh,Vidisha,94.6,93.9,96.7,96.3,95.9,97.3,64.9,63.4,69.2,68.4,69.1,66.7,87.6,86.1,91.6,48.9,48.7,49.3,89.2,86.9,95.3,3.2,3.4,2.5,71,74.9,60.4,39.8,41.5,35.1,75.4,70.1,90.2,39.8,40.1,39
Madhya Pradesh,West Nimar,95.2,94.6,98,98.6,98.5,99.2,78.8,78.2,82.2,83.2,82.4,87.7,86.7,86.7,86.9,68.1,67.2,72.8,89.5,89.3,90.1,0.8,0.8,0.7,59.9,59.2,63.7,35.6,34.7,40.5,82.4,80.8,91.9,22,22.6,19
Odisha,Anugul,95.89,96,95.38,98.53,98.53,98.54,92.87,93.01,92.21,88.7,88.28,90.75,89.83,90.23,87.83,80.85,80.57,82.24,88.51,88.55,88.32,0.92,0.91,0.97,67.68,67.49,68.61,15.51,16.19,12.17,88.42,88.61,87.45,22.54,23.12,19.44
Odisha,Balangir,97.14,97.44,93.49,98.89,98.8,100,88.99,88.57,94.08,87.38,88.14,78.11,91.7,91.56,93.49,79.46,79.86,74.56,88.4,88.13,91.72,0.83,0.9,0,80.17,79.75,85.21,28.84,29.27,23.67,90.42,89.97,95.83,17.04,17.13,16
Odisha,Baleshwar,98.28,98.23,98.69,98.42,98.34,99.13,94.86,94.72,96.07,91.61,92.09,87.34,92.75,92.62,93.89,85.43,85.61,83.84,91.86,91.63,93.89,0.3,0.24,0.87,83.96,83.68,86.46,21.72,22.1,18.34,91.13,90.69,95.03,23.28,24.08,16.1
Odisha,Bargarh,97.27,97.26,97.46,98.94,98.86,100,95.82,95.61,98.48,91.71,91.38,95.94,90.33,90.12,92.89,82.9,82.47,88.32,79.12,78.64,85.28,0.43,0.46,0,71.08,71.04,71.57,23.29,23.96,14.72,92.28,92,95.3,18.45,18.39,19.05
Odisha,Baudh,96.54,96.54,NA,98.07,98.06,NA,85.28,85.32,NA,64.3,64.24,NA,89.77,89.7,NA,54.33,54.29,NA,74.2,73.6,NA,1.47,1.46,NA,81.08,81.01,NA,28.94,29.22,NA,80.36,80.2,NA,22.57,23.11,NA
Odisha,Bhadrak,96.89,97,96.14,99.07,99.23,97.92,93.41,93.61,91.99,90.27,90.2,90.8,90.13,90.34,88.72,83.46,83.35,84.27,82.92,82.65,84.87,0.61,0.49,1.48,68.66,68.47,70.03,11.44,10.92,15.13,82.62,83.87,74.29,18.5,18.97,15.05
Odisha,Cuttack,97.91,98.23,96.9,98.57,98.7,98.14,69.2,71.3,62.6,85.37,88.47,75.62,89.19,90.15,86.16,60.04,63.82,48.14,87.45,87.53,87.19,0.9,0.8,1.24,67.01,69.26,59.92,20.26,20.86,18.39,89.87,90.07,89.24,22.67,23.07,21.33
Odisha,Debagarh,93.62,93.51,95.04,97.48,97.6,95.87,90.95,91.4,85.12,89.32,90.22,77.69,89.86,90.74,78.51,81.39,82.32,69.42,80.13,79.75,85.12,1.56,1.49,2.48,68.6,68.85,65.29,24.82,25.27,19.01,83.29,82.53,91.91,19.08,19.86,10.42
Odisha,Dhenkanal,97.61,97.97,93.08,98.78,98.73,99.37,90.67,90.38,94.34,83.62,83.11,89.94,88.17,88.12,88.68,74.54,73.86,83.02,88.88,88.84,89.31,0.69,0.7,0.63,69.67,70.31,61.64,21.05,21.02,21.38,88.45,88.35,89.66,14.15,14.14,14.29
Odisha,Gajapati,92.72,92.19,97.98,95.59,95.35,97.98,60.13,59.06,70.71,68.21,67.14,78.79,87.54,87.91,83.84,48.62,47.5,59.6,84.27,83.29,93.94,2.89,2.98,2.02,58.63,58.73,57.58,31.72,31.76,31.31,80.16,78.79,92.26,24.49,24.97,20.79
Odisha,Ganjam,97.19,97.1,97.74,97.72,97.43,99.44,64.5,64.22,66.1,69.79,69.75,70.06,85.6,84.68,90.96,43.06,42.41,46.89,82.03,80.32,92.09,1.17,1.37,0,58.78,58.49,60.45,21.11,19.03,33.33,89.64,88.82,94.82,26.02,26.46,23.31
Odisha,Jagatsinghapur,98.23,98.76,93.39,99.63,99.59,100,68.63,67.63,77.69,82.79,83.17,79.34,92.41,93.03,86.78,58.15,57,68.6,93.68,94.53,85.95,0.19,0.21,0,72.12,71.97,73.55,51.99,53.43,38.84,95.47,96.27,87.01,22.38,21.92,27.27
Odisha,Jajapur,96.06,96.06,NA,98.79,98.88,NA,94,94.02,NA,91,90.99,NA,89.93,89.94,NA,82.94,82.75,NA,86.18,86.1,NA,0.6,0.49,NA,67.84,67.77,NA,10.96,11.03,NA,89.29,89.24,NA,22.29,22.4,NA
Odisha,Jharsuguda,98.33,98.41,98.19,99.19,99.07,99.38,94.26,94.67,93.62,89.26,89.94,88.19,92.78,93.83,91.14,84.27,85.17,82.86,91.61,91.04,92.52,0.4,0.34,0.48,77.38,76.41,78.9,24.51,27.84,19.29,94.79,95.18,94.17,18.7,19.36,17.6
Odisha,Kalahandi,95.61,95.41,NA,97.49,97.35,NA,59.41,58.94,NA,71.93,70.97,NA,87.45,86.69,NA,42.11,41.05,NA,74.71,73.69,NA,1.07,1.17,NA,65.1,64.22,NA,22.82,22.97,NA,82.66,81.86,NA,18.85,18.78,NA
Odisha,Kandhamal,95.06,94.87,97.65,99.25,99.28,98.82,50.43,49.9,57.65,73.62,74.01,68.24,92.72,92.87,90.59,40.85,40.83,41.18,88.41,88.25,90.59,0.38,0.33,1.18,58.88,57.42,78.82,38.21,37.82,43.53,94,93.98,94.21,28.03,28.43,22.22
Odisha,Kendrapara,97.83,97.85,97.58,99.13,99.08,100,94.94,94.78,97.58,94.16,94,96.77,92.77,92.42,98.39,87.45,86.93,95.97,87.34,87.21,89.52,0.16,0.17,0,65.28,64.68,75,10.98,11.26,6.45,87.3,86.97,93.37,19.11,19.42,13.27
Odisha,Kendujhar,93.73,94.27,90.93,97.33,97.31,97.49,92.13,91.99,92.86,86.8,86.71,87.26,88.41,88.56,87.64,78.54,78.38,79.34,75.73,76.37,72.39,1.08,0.88,2.12,61.75,63.37,53.28,13.98,14.26,12.55,75.32,76.19,70.69,19.14,19.06,19.58
Odisha,Khordha,96.93,97.81,95.57,98.33,98.9,97.45,72.94,75.78,68.52,80.08,81.38,78.05,86.69,88.31,84.16,60.09,62.79,55.91,88.82,88.1,89.93,0.81,0.29,1.61,70.39,73.62,65.37,27.38,29.11,24.7,91.75,91.52,92.14,20.9,22.37,18.34
Odisha,Koraput,91.73,90.87,96.28,96.73,96.9,95.81,76.89,78.33,69.3,71.35,74.55,54.42,81.76,80.25,89.77,51.65,55.61,30.7,67.64,65.48,79.07,1.24,1.12,1.86,58.28,58.58,56.74,28.92,28.32,32.09,62.65,59.64,77.27,33,33.8,29.76
Odisha,Malkangiri,91.31,91.09,94.83,96.1,95.96,98.28,45.95,45.96,45.69,50.7,49.67,67.24,81.39,80.87,89.66,29.64,29.01,39.66,66.97,66.69,71.55,1.96,2.03,0.86,63.83,62.64,82.76,39.03,39.74,27.59,73.73,73.43,78.62,24.08,24.07,24.14
Odisha,Mayurbhanj,90.11,89.83,95.5,97.83,97.76,99.1,90.14,89.86,95.5,87.33,86.95,94.59,90.29,90.3,90.09,79.67,79.27,87.39,82.16,81.57,93.69,0.32,0.34,0,67.21,67.47,62.16,29.21,30.02,13.51,90.98,90.74,95.24,25.4,25.88,18.46
Odisha,Nabarangapur,79.5,79.07,NA,95.75,95.62,NA,77.27,76.86,NA,64.98,64.05,NA,86.57,86.26,NA,50.43,49.33,NA,71.54,70.8,NA,2.65,2.73,NA,43.33,42.9,NA,31.97,32.01,NA,67.71,66.71,NA,30.15,31.03,NA
Odisha,Nayagarh,98.3,98.3,NA,98.6,98.56,NA,71.34,71.13,NA,79.44,79.49,NA,90.21,90.61,NA,54.81,54.97,NA,84.85,84.55,NA,0.77,0.8,NA,77.33,77.43,NA,39.63,39.36,NA,87.44,87.24,NA,18.01,18.11,NA
Odisha,Nuapada,96.12,95.96,NA,97.37,97.34,NA,58.44,57.6,NA,64.03,63.66,NA,88.84,88.38,NA,46.06,45.19,NA,76.2,75.86,NA,1.46,1.52,NA,75.3,75.24,NA,53.26,53.55,NA,87.59,87.21,NA,19.42,19.5,NA
Odisha,Puri,98.92,99.09,98,99.03,98.93,99.6,60.49,61.25,56.4,81.52,82.79,74.8,90.39,90.39,90.4,46.79,48.89,35.6,90.89,91.59,87.2,0.46,0.54,0,81.75,81.93,80.8,26.76,26.53,28,93.96,94.29,91.87,21.53,21.15,24.26
Odisha,Rayagada,91.78,91.48,93.8,98.3,98.39,97.67,43.76,44.75,37.21,55.58,56.47,49.61,82.82,83.73,76.74,34.89,35.82,28.68,84.91,83.81,92.25,0.77,0.66,1.55,65.05,65.5,62.02,62.86,65.19,47.29,88.12,86.91,95.85,21.93,22.42,18.55
Odisha,Sambalpur,96.43,96.15,96.91,98.93,99.05,98.74,93.72,93.67,93.82,85.25,84.75,86.1,87.18,89.46,83.29,78.46,79.75,76.26,83.86,81.97,87.08,0.75,0.61,0.98,65.41,63.9,67.98,22.14,22.78,21.07,88.71,86.21,92.89,18.64,20.77,15.29
Odisha,Sonapur,98.67,98.65,99.01,98.55,98.46,100,79,79.41,72.28,84.89,85,83.17,90.45,91.07,80.2,69.66,70.1,62.38,82.97,83.26,78.22,0.51,0.54,0,76.45,76.94,68.32,31.66,31.35,36.63,91.42,90.99,98.04,18.43,18.68,14.85
Odisha,Sundargarh,94.64,93.73,96.89,98.36,98.12,98.96,89.7,87.07,96.2,91.11,89.33,95.51,92.63,91.95,94.3,82.95,80.1,89.98,86.56,84.2,92.4,0.87,0.94,0.69,71.35,73.59,65.8,38.61,41.86,30.57,87.33,85.62,91.57,19.94,20.41,18.81
Rajasthan,Ajmer,94.6,94.3,95,93.3,93.2,93.6,90.4,90.3,90.5,89.6,88.7,91.3,90.8,91,90.5,85.4,84.5,87.1,81.5,79.9,84.6,5.8,5.7,6,69.4,65.4,76.8,15.2,13.8,17.8,73.4,69.1,82,30.7,30.5,31.2
Rajasthan,Alwar,91.2,91.2,91.2,93.8,93.4,97.9,89.8,89,96.4,90.4,89.6,97.4,89.8,89.6,91.2,84.4,83.7,89.7,87.6,87.2,90.2,5.8,6.2,2.1,60,58.9,70.1,14.9,15.5,9.8,77.4,77,80.7,32.2,32.6,28.7
Rajasthan,Banswara,49.8,47.6,NA,91.3,90.9,NA,88.1,87.8,NA,88.1,88,NA,90.2,90,NA,84.8,84.6,NA,82.9,82.3,NA,4.6,4.8,NA,87.5,87.5,NA,4.9,4.7,NA,49,47.2,NA,40.4,40.9,NA
Rajasthan,Baran,76.5,74.7,88.1,97.2,96.6,99.6,87.4,86.7,92.1,85.2,84.3,90.3,85.2,85.1,85.6,79.3,79,81.3,93.3,92.7,96.8,1.6,1.7,0.4,75.3,75,76.6,8.4,7.8,12.9,67.3,65,81.5,50,53.3,33.5
Rajasthan,Barmer,50.9,49.2,73,76,74.9,89.5,66.4,66,70.5,64.9,64.5,70,67.1,66,81,62.1,61.7,68.5,49.3,47.5,73,18.2,19,7,59.2,59.5,55.5,4.2,4,7,28.9,26.5,64.4,44.3,45,39.8
Rajasthan,Bharatpur,92.1,92,92.6,94.1,94.3,93.2,89.1,89.3,88.4,89.8,90,89,90.1,90.5,88.4,84.8,85.1,83.5,82.6,81.7,86.8,5.1,4.9,5.8,55.2,52.9,65.5,12.7,12,15.5,69.6,67.3,81,25.7,25.7,25.6
Rajasthan,Bhilwara,75.9,72.3,92.1,91.8,90.2,99.3,70.9,67.8,85,75.9,74.2,83.6,83.1,81.9,88.6,68,65.2,80.7,81,79.2,89.3,5.6,6.7,0.7,68.8,68.1,72.1,12.6,11.8,16.4,54.7,50.5,75.3,42,45.9,30.8
Rajasthan,Bikaner,88.5,85.6,93.6,89,86.3,93.6,83.5,81.3,87.3,82.7,80.5,86.6,84.6,81.9,89.4,78.9,76.5,83,72.2,66,83,9.9,12.1,6,55.3,51.3,62.2,10.4,9.4,12,64.8,54.8,83.2,31.6,29.8,33.6
Rajasthan,Bundi,80.4,78.7,87.5,95.5,94.6,99,73.9,71.1,85.6,69.9,66.8,82.4,80.7,78.6,89.1,64,61.4,75.1,92.5,92.2,93.6,2.2,2.6,0.3,70,65.6,88.2,15.5,15.1,17.9,74,71,86.4,41.3,42.7,36.8
Rajasthan,Chittaurgarh,73.1,69.8,90.7,92.8,91.6,98.8,75.4,72.7,89.5,74.8,72.9,84.6,80.4,78.8,88.9,70.5,69,78.4,86.7,85.5,92.6,4.2,4.9,0.6,67.5,65.8,76.5,13.3,12.6,16.1,66.8,64.6,78,42.1,45.5,28.9
Rajasthan,Churu,87,85.9,90.7,91.9,91.5,92.9,87.1,86.5,89.1,85.8,84.6,89.6,88.9,88.7,89.6,81.5,80.6,84.2,79.9,78.2,85.2,7.2,7.5,6.6,66.3,67.7,61.7,12.2,15,3.3,69.3,68.3,72.1,25.5,24.2,29
Rajasthan,Dausa,90.4,90.3,91.9,96.1,96.1,96,86.8,86.7,87.9,86.9,86.7,88.9,89.2,89.4,86.9,83.1,82.9,84.8,86.3,85.9,90.9,3.5,3.4,4,56.3,54.3,79.8,16.3,15.7,23.2,74.9,74,84.4,39.8,39.8,39.1
Rajasthan,Dhaulpur,80.8,80,84.2,93.4,93.4,93.7,57.9,56.4,63.9,55.4,53.9,61.4,75.6,76.1,73.7,45.2,43.4,51.9,88,87.6,89.8,3,3.4,1.8,45,46.1,40.7,8.6,8.6,8.5,54.6,51.3,67.5,51.2,52.3,47.9
Rajasthan,Dungarpur,57,55.1,87.8,91.3,90.7,99.3,83.2,82.6,92.4,82.8,82.2,91.6,85.2,84.8,91.6,79.6,79,89.3,81.6,80.8,95.4,4.9,5.2,0,81.5,81.2,87,7.9,8,5.3,59.5,57.6,92,42,42.7,34.5
Rajasthan,Ganganagar,94.1,93.9,94.7,97.8,98.1,97.1,88.9,88.2,90.6,93.8,94.2,92.7,93.9,93.3,95.3,85.6,84.5,88.3,83.6,82.9,85.3,1.8,1.6,2.3,75.6,74.1,79.2,10.7,10.1,12,87,86.3,88.8,20,18.5,23.8
Rajasthan,Hanumangarh,95.7,96,95,97.5,97.6,97.1,96.1,96.8,93.5,94.8,95.1,93.5,94,93.9,94.2,92.1,92.4,90.6,84.5,83.9,86.3,2.5,2.3,2.9,85.3,85,86.3,12.5,12,14.4,74.9,76,71.4,22.8,23.3,21
Rajasthan,Jaipur,85.2,80.2,90,95.5,94.2,96.8,86.4,82.4,90.2,86.2,83.5,88.8,90.8,87.7,93.7,81.1,76.1,86,85.1,80.6,89.3,3.9,4.9,3,63.3,60.3,66.2,8.9,9.4,8.3,82.4,77.1,87.3,40.3,43.7,37.6
Rajasthan,Jaisalmer,84.9,83.5,93.5,88,86,99.3,81.7,80.9,86.2,83.5,81.9,92.8,78.4,76.9,87,73.9,72.7,80.4,61.7,58.5,80.4,9.3,10.8,0.7,42.3,37,73.9,24.4,22,38.4,38.7,31.9,81,38.8,40.7,34.2
Rajasthan,Jalor,48.3,48.1,50,79.2,78.9,86.4,73.4,72.9,80.4,72.3,71.7,81.8,70.2,69.3,84.5,65.7,65.3,71.6,61.4,60.8,70.3,8,8.1,5.4,69.8,68.9,83.1,10.6,11.1,3.4,47.1,45,75.8,35.9,36.2,34.1
Rajasthan,Jhalawar,76.8,74.6,91.3,94.9,94.4,98.2,77.1,75.8,85.8,77,76.1,83,77.2,76.2,84.4,66.4,66,69.3,86.1,84.8,95,3,3.4,0.5,56.3,55,64.7,7.4,7.4,6.4,60.2,57.4,77.6,48.7,52.8,27.9
Rajasthan,Jhunjhunun,85.2,87.6,76.4,95.9,97.7,89.6,90,92.2,82.1,87.5,90.6,76.1,86.6,88.3,80.4,79.5,82.7,67.7,88.9,90.8,82.1,3.6,1.9,9.5,66.2,67,63.1,5.2,5,6.1,88,88,88,23.7,23.1,25.9
Rajasthan,Jodhpur,84,78.5,94.3,82.9,77.5,92.9,78.8,73,89.9,77.9,72.3,88.5,79.5,74.5,88.9,73.8,68.2,84.1,71.6,63.6,86.8,16.1,21.6,5.7,55.3,45,74.7,8.1,6.6,10.8,62,50.9,84.5,25.4,26.5,24.2
Rajasthan,Karauli,81.6,80.6,86.9,93.8,92.9,98.1,71.1,68.6,84.4,44.7,42.1,58.1,77.7,76.5,84.4,39.8,37,54.4,88.8,87.5,95.6,2.4,2.8,0.6,45.2,45,46.3,7.3,7.5,5.6,50.7,49.3,57.6,54.7,55.9,48.8
Rajasthan,Kota,86.4,85.1,87.6,97.6,97.3,97.9,86.7,85.1,88.1,86.6,85,87.8,88.3,89.1,87.7,80.7,79.2,81.9,94.5,93.4,95.3,1.3,1.1,1.4,76.3,76.6,76.1,12.4,11.6,13,72.6,60.5,83.2,40.8,50,34.5
Rajasthan,Nagaur,84.7,84.7,84.7,94.1,94.9,90.5,89.3,89.4,88.9,88.5,88.6,87.8,91.4,92.1,88.4,84.1,84.1,84.1,80.7,80.3,82.5,5.4,4.6,9,83.1,81.7,89.4,23.1,24.9,14.8,74.9,73.6,81.3,21,21.1,20.6
Rajasthan,Pali,78,75.6,87.5,91.1,89.9,96.3,71.3,71.3,71.2,73.5,73.3,74.3,74.2,73.3,77.4,65.1,66.3,60.5,81.4,79.5,88.7,6.8,7.8,2.8,60.4,59,66.1,15.3,13.9,21,67.7,64.1,81.8,42.6,46.7,28.4
Rajasthan,Rajsamand,72.9,70.4,92.5,91.1,90.2,97.2,71.8,70.1,85,72.2,70.4,86.4,82.6,81.9,87.8,65,63.7,74.8,81.2,79.8,91.8,5.9,6.7,0,75.2,74.5,81,19,19.5,14.3,60.9,58,83.9,46.2,48.5,33.3
Rajasthan,Sawai Madhopur,75.5,75.3,76.3,91.8,91.3,93.4,60.6,60.2,62.1,56.4,54.7,63,72.7,72.8,72.5,49,47.7,54,86.6,86.9,85.3,3.1,3.2,2.8,51.1,49.8,55.9,7.5,6.4,11.4,62.8,59.3,75.7,47.4,51.4,35.1
Rajasthan,Sikar,95.4,95.6,95,94.9,95.6,92.9,90,91.5,85.3,89.9,90.6,87.4,92.6,93.1,91.2,85.5,86.8,81.1,85.5,86.2,83.2,4.8,4.1,7.1,67.2,66.7,68.9,6.3,5.9,7.6,81.7,78.8,90.6,24.1,24.3,23.4
Rajasthan,Sirohi,67,65.7,77.6,86.7,85.7,94.7,69,67.8,78.4,70.2,68.6,83.6,73.8,72.7,82.8,66,64.9,75.4,79.8,78.2,92.5,7,7.5,3,62.1,61.4,68.7,9.4,9.6,8.9,64.4,61.9,84.5,32.6,34,25.8
Rajasthan,Tonk,82.2,82.1,82.5,95.3,94.6,97.9,63.7,58.6,80.4,60.4,56.2,74.3,75.5,73.6,81.9,53.7,48.7,69.9,87.6,85.6,94,3,3.5,1.6,61.9,62.9,58.6,15.9,14.7,20,65.6,61.2,79.3,44.7,46.9,39.4
Rajasthan,Udaipur,63.8,59.5,82.9,90.2,88.4,98.5,87.3,85.9,93.2,85.1,83,94.4,85,82.4,96.4,81.9,79.8,91.2,76.2,72.4,93.2,4.9,5.9,0.4,84.6,83.2,90.4,17.7,17.4,18.7,58.2,52.1,86.8,46.6,48.2,42.3
Uttar Pradesh,Agra,56.67,51.37,61.98,90.73,89.87,91.6,53.53,51.43,55.65,52.16,50.74,53.58,64.51,62.72,66.3,44.28,42.7,45.87,76.22,74.99,77.46,3.76,3.99,3.54,38.42,35.57,41.28,10.32,9.91,10.74,41.51,35.03,48.5,29.29,28.25,30.08
Uttar Pradesh,Aligarh,54.82,51.95,62.58,92.99,92.43,94.5,64.2,61.36,71.88,63.72,61.25,70.4,67.55,65.64,72.73,53.63,51.19,60.25,70.68,68.28,77.17,1.55,1.73,1.06,41.8,38.64,50.32,10.29,10.66,9.3,34.71,31.34,43.44,37.39,34.52,42.19
Uttar Pradesh,Allahabad,63.67,63.38,65.46,77.08,77.3,75.77,62,61.39,65.74,60.93,60.47,63.79,61.61,60.89,66.02,54.88,54.29,58.5,74.49,74.79,72.7,10.63,10.23,13.09,41.53,40.9,45.4,21.46,20.82,25.35,31.57,28.32,51.88,23.47,23.65,22.86
Uttar Pradesh,Ambedkar Nagar,73.88,73.71,NA,82.32,82.2,NA,71.92,72,NA,69.94,70.03,NA,67.98,67.85,NA,63.67,63.48,NA,76.1,76.47,NA,11.86,12.2,NA,55.16,55.92,NA,26.93,26.92,NA,27.82,27.37,NA,20.44,19.29,NA
Uttar Pradesh,Auraiya,80.32,80.42,79.69,84.91,85.66,80.36,60.19,61.02,55.13,59.52,60.28,54.91,60.19,60.7,57.14,46.25,46.92,42.19,65.89,67.05,58.93,11.41,11,13.84,34.16,35.49,26.12,18.22,18.36,17.41,23.76,22.3,31.69,15.64,16.63,11.7
Uttar Pradesh,Azamgarh,74.22,74.17,74.83,84.07,84.07,84.01,68.66,68.44,71.43,67.19,67.15,67.69,62.56,62.56,62.59,56.68,56.53,58.5,70.27,69.8,76.19,8.34,8.35,8.16,39.39,39.75,35.03,26.62,26.74,25.17,33.88,32.25,54.6,11.89,12.29,9.09
Uttar Pradesh,Baghpat,83.3,84.73,78.22,95.4,96.15,92.74,82.13,83.28,78.04,81.99,83.47,76.77,83.01,84.36,78.22,75.02,76.36,70.24,77.06,77.44,75.68,2.58,2.13,4.17,58.08,59.11,54.45,16.88,17.04,16.33,49.02,48.95,49.28,31.59,32.65,27.73
Uttar Pradesh,Bahraich,52.23,50.64,84.62,83.25,83.08,86.71,36.91,36.23,50.7,43.59,42.45,66.78,47.08,46.18,65.38,27.47,26.86,39.86,68.27,67.88,76.22,8.19,8.42,3.5,21.52,21.02,31.82,12.01,12.2,8.04,16.48,16.15,24.7,19.54,20.71,1.69
Uttar Pradesh,Ballia,81.14,80.76,85.22,89.08,89.21,87.68,79.55,79.48,80.3,76.52,76.77,73.89,78.67,79.21,72.91,71.03,71.54,65.52,80.48,80.78,77.34,5.09,4.97,6.4,21.84,21.25,28.08,23.05,22.86,25.12,26.2,24.69,43.11,21.56,20.17,30.12
Uttar Pradesh,Balrampur,45.13,44.33,NA,62.39,61.95,NA,45.32,44.52,NA,44.07,43.29,NA,42.92,42.16,NA,36.4,35.5,NA,46.34,45.68,NA,27.46,27.91,NA,16.88,16.07,NA,25.54,25.67,NA,10.13,9.46,NA,13.01,14.39,NA
Uttar Pradesh,Banda,92.12,91.27,97.06,95.08,94.23,100,60.36,56.75,81.37,55.77,53.05,71.57,76.82,75.03,87.25,43.58,40.28,62.75,87.81,87.23,91.18,3.19,3.74,0,39.78,38.03,50,27.97,25.87,40.2,52.01,49.57,66.28,26.24,27.12,20.83
Uttar Pradesh,Barabanki,92.6,92.55,93.33,92.55,92.44,93.94,53.71,52.25,72.12,68.3,67.85,73.94,74.51,74.12,79.39,43.91,42.2,65.45,80.43,80.08,84.85,7.11,7.25,5.45,46.58,44.85,68.48,17.53,17.29,20.61,32.38,30.71,55.5,26.5,24.74,42.47
Uttar Pradesh,Bareilly,56.86,53.44,64.92,84.28,82.96,87.38,54.47,52.51,59.08,53.82,51.51,59.28,54.05,52.78,57.03,41.38,39.1,46.77,55.67,52.53,63.08,4.32,4.46,4,33.76,32.28,37.23,12.27,11.38,14.36,23.72,20.03,32.64,31.66,33.68,28.62
Uttar Pradesh,Basti,80.48,80.03,NA,86.34,85.99,NA,74.12,73.65,NA,73.28,72.81,NA,72.46,72.07,NA,66.23,65.71,NA,83.01,82.67,NA,6.6,6.82,NA,31.17,30.78,NA,23.81,24.18,NA,27.48,26.77,NA,11.92,10.76,NA
Uttar Pradesh,Bijnor,77.83,77.16,80.2,92.69,92.31,94.06,76.79,76.52,77.72,76.19,75.13,79.95,77.77,77.29,79.46,69.22,68.84,70.54,71.72,71.7,71.78,3.1,3.2,2.72,56.73,56.46,57.67,19.04,18.61,20.54,34.78,33.48,39.6,33.89,35.28,29.61
Uttar Pradesh,Budaun,53.3,52.74,56.06,83.46,83.08,85.35,47.23,46.87,48.99,45.71,45.97,44.44,47.01,47.12,46.46,30.65,30.67,30.56,60.97,60.79,61.87,5.19,5.68,2.78,27.56,27.77,26.52,7.31,7.87,4.55,15.59,15.2,17.5,37.73,37.84,37.29
Uttar Pradesh,Bulandshahar,65.37,65.1,65.96,91.36,92.54,88.86,64.97,64.5,65.96,64.92,64.15,66.57,70.91,71.05,70.63,52.35,52.11,52.86,66.64,65.24,69.58,2,1.8,2.41,34.73,33,38.4,12.4,11.86,13.55,33.2,28.69,43.02,32.41,35.12,28.52
Uttar Pradesh,Chandauli,81.24,81.5,78.4,84.1,84.43,80.4,71.41,71.68,68.4,70.31,70.59,67.2,65.62,65.95,62,60.2,60.36,58.4,81.58,81.79,79.2,9.39,9.12,12.4,53.07,52.84,55.6,24.7,24.69,24.8,33.13,32.16,44.03,23.26,23.28,23.14
Uttar Pradesh,Chitrakoot,92.39,92.14,96.41,92.36,91.96,98.8,66.63,65.93,77.84,61.69,61.01,72.46,62.34,61.59,74.25,48.05,47.15,62.28,77.01,76.85,79.64,5.43,5.73,0.6,46,45.59,52.69,12.99,13.2,9.58,50.25,49.62,59.46,15,15.46,8.79
Uttar Pradesh,Deoria,67.96,67.85,69.06,86.84,86.68,88.4,76.61,77.39,69.06,75.67,76.41,68.51,70.36,71.3,61.33,66.35,67.15,58.56,64.88,65.47,59.12,8.07,8.27,6.08,60.14,60.24,59.12,22.9,23.44,17.68,28.24,27.3,37.02,13.17,12.69,16.67
Uttar Pradesh,Etah,54.89,50.99,80.99,88.45,87.75,93.16,54.39,52.12,69.58,53.04,51.19,65.4,56.39,53.46,76.05,39.96,36.96,60.08,66.83,64.94,79.47,3.01,3.12,2.28,35.03,32.71,50.57,9.95,8.09,22.43,30.02,26.9,52.82,31.19,31.89,28.57
Uttar Pradesh,Etawah,92.09,91.33,95.72,91.28,90.93,93.02,72.74,69.85,86.71,69.16,66.74,80.86,75.72,72.69,90.32,57.98,54.6,74.32,78.57,78.15,80.63,7.28,8.13,3.15,43.04,42.85,43.92,13.98,14.08,13.51,40.92,37.67,55.27,18.09,17.62,20
Uttar Pradesh,Faizabad,79.51,79.78,76.92,86.67,86.6,87.36,74.14,73.68,78.57,71.96,71.33,78.02,70.97,70.57,74.73,66.32,65.67,72.53,79.99,79.8,81.87,6.66,6.9,4.4,55.16,54.72,59.34,25.03,24.77,27.47,31.52,29.95,46.91,13.83,13.48,15.85
Uttar Pradesh,Farrukhabad,75.97,76.96,72.56,83.56,81.82,89.53,58.2,55.51,67.51,57.54,53.71,70.76,59.14,55.66,71.12,44.13,40.81,55.6,75.87,73.58,83.75,13.18,13.97,10.47,45.49,43.39,52.71,19.33,20.54,15.16,22.3,18.51,37.71,35.18,36.88,31.58
Uttar Pradesh,Fatehpur,88.23,87.8,92.64,91.08,90.87,93.25,65.53,65.1,69.94,65.48,65.05,69.94,70.68,70.4,73.62,51.47,50.4,62.58,68.94,68.07,77.91,5.78,6.04,3.07,47.15,48.39,34.36,11.93,12.08,10.43,33.79,32.28,48.15,22.84,23.69,16.67
Uttar Pradesh,Firozabad,70.28,69.33,73.9,90.72,90.84,90.29,68.52,68.9,67.05,66.6,66.64,66.48,67.32,66.94,68.76,55.88,54.95,59.43,72.96,72.81,73.52,3.1,3.21,2.67,44.6,44.51,44.95,13.37,11.99,18.67,39.9,37.72,48.41,43.4,44.75,39.5
Uttar Pradesh,Gautam Buddha Nagar,74.88,74.67,75.42,93.52,93,94.88,69.55,68.67,71.86,69.08,68.14,71.52,73.81,73.7,74.08,60.41,58.92,64.29,68.25,66.75,72.19,1.56,1.65,1.33,39.85,39.73,40.16,16.63,17.88,13.35,47.52,45.27,53.35,33.84,32.51,36.75
Uttar Pradesh,Ghaziabad,73.89,71.26,75.76,92.69,93.06,92.42,69.74,65.1,73.05,69.12,64.38,72.51,72.52,71.58,73.19,59.14,54.78,62.26,69.52,68.33,70.37,1.84,2.25,1.55,50.14,49.01,50.95,15.6,13.24,17.29,49.19,41.53,54.9,30.18,35.17,27.4
Uttar Pradesh,Ghazipur,62.42,62.77,57.14,84.48,84.44,85.09,70.5,70.52,70.19,69.09,69.1,68.94,60.42,60.56,58.39,55.83,55.79,56.52,79.2,79.14,80.12,7.49,7.49,7.45,35.55,35.47,36.65,25.84,25.87,25.47,36.64,36.49,38.89,22.77,21.07,42.62
Uttar Pradesh,Gonda,73.86,72.89,92.9,84.3,83.8,94.08,57,55.4,88.17,55.27,53.71,85.8,59.99,58.79,83.43,48.59,46.93,81.07,73.8,73.25,84.62,9.87,10.13,4.73,27.99,25.61,74.56,14.44,14.27,17.75,21.51,19.85,59.5,15.68,12.69,45.33
Uttar Pradesh,Gorakhpur,71.2,70.67,72.89,86.48,87.61,82.88,73.19,73.8,71.22,72.21,73.15,69.2,72.02,72.64,70.04,65.56,65.95,64.33,73.69,73.07,75.62,6.98,6.75,7.73,25.67,27.05,21.28,27.96,26.69,31.99,31.8,28.3,43.12,16.83,14.71,21.36
Uttar Pradesh,Hamirpur,87.97,89.1,82.44,96.79,97.38,93.91,68.96,69.42,66.67,65.93,64.69,72.04,75.29,76.46,69.53,50.57,50.21,52.33,82.67,82.06,85.66,1.11,0.68,3.23,51.86,55.7,32.97,15.62,15.44,16.49,45.32,43.23,55.9,17.82,17.29,19.61
Uttar Pradesh,Hardoi,78.69,78.4,80.66,82.5,82.17,84.77,71.93,72.76,66.26,60.12,58.97,67.9,71.22,71.16,71.6,51.83,51.1,56.79,69.86,68.87,76.54,15.4,15.55,14.4,48.17,48.36,46.91,19.16,19.86,14.4,35.98,34.68,44.73,34.47,34.12,36.29
Uttar Pradesh,Hathras,76.58,75.81,79.6,93.19,93.99,90.05,67.3,68.98,60.7,67.08,67.95,63.68,69.38,70.76,63.93,55.7,57.59,48.26,68.8,68.33,70.65,2.47,1.9,4.73,47.84,50.13,38.81,19.81,19.59,20.65,29.36,27.93,35.29,35.92,35.86,36.13
Uttar Pradesh,Jalaun,87.34,90.02,78.9,89.94,92.91,80.58,73.8,78.04,60.43,70.16,72.78,61.87,66.62,69.8,56.59,54.28,56.97,45.8,78.34,82.43,65.47,8.58,5.83,17.27,40.71,41.37,38.61,23.99,24.75,21.58,34.98,33.13,41.37,12.62,12.23,13.69
Uttar Pradesh,Jaunpur,73.11,74.47,NA,82.56,84.23,NA,68.91,70.32,NA,67.75,69.44,NA,67.21,68.85,NA,60.06,61.3,NA,74.54,76.12,NA,8.62,7.34,NA,34.45,34.41,NA,27.89,28.14,NA,30.42,30.09,NA,12.59,12.42,NA
Uttar Pradesh,Jhansi,94.88,93.11,97.44,95.41,94.08,97.33,83.79,81.22,87.5,84.7,82.47,87.93,81.47,77.97,86.54,72.48,68.31,78.53,90.54,88.15,94.02,3.65,4.4,2.56,58.59,56.85,61.11,18.9,18.61,19.34,62.36,56.92,69.41,9.77,9.26,10.31
Uttar Pradesh,Jyotiba Phule Nagar,73.74,72.34,78.78,87.68,86.57,91.64,74.39,73.25,78.46,75.74,74.26,81.03,66.77,67.9,62.7,56.41,55.28,60.45,61.96,62.2,61.09,3.84,4.1,2.89,46.98,47.08,46.62,14.87,16.87,7.72,36.79,35.51,41.45,32.71,35.71,24.67
Uttar Pradesh,Kannauj,66.04,68.47,55.01,90.46,91.56,85.5,59.1,60.65,52.04,59.06,60.15,54.12,61.24,62.5,55.51,46.44,47.24,42.8,64.07,64.56,61.87,2.95,2.11,6.75,36.2,35.15,41.01,10.53,9.97,13.11,40.99,41.76,37.64,21.89,21.68,22.89
Uttar Pradesh,Kanpur Dehat,91.98,92.46,NA,92.64,93.5,NA,70.82,71.39,NA,72.43,73.16,NA,79.74,81.09,NA,61.93,62.44,NA,75.02,75.76,NA,6.73,5.96,NA,60.19,61.39,NA,16.35,16.5,NA,45.73,45.22,NA,16.48,17.05,NA
Uttar Pradesh,Kanpur Nagar,92.36,97.1,90.22,89.43,96.62,86.17,73.24,82.89,68.86,72.43,84.26,67.07,75.12,84.57,70.83,59.25,72.51,53.24,77.89,78.41,77.66,8.3,2.62,10.87,46.39,54.65,42.65,13.8,12.74,14.29,51.27,46.23,53.32,23.61,25.97,22.83
Uttar Pradesh,Kaushambi,68,69.05,51.83,73.86,74.69,60.98,55.52,56.75,36.59,53.33,54.53,34.76,55.08,56.09,39.63,46.9,47.88,31.71,72.39,73.36,57.32,21.09,20.13,35.98,41.37,42.16,29.27,25.47,25.1,31.1,24.57,24.42,26.67,20.16,20.17,20
Uttar Pradesh,Kheri,73.12,71.81,99,83.62,82.84,99,48.49,47.96,59,54.95,54.34,67,66,64.68,92,37.76,37.04,52,67.68,66.19,97,13.72,14.37,1,33.98,32.46,64,20.54,19.7,37,33.44,31.57,71.6,26.79,27.27,22.83
Uttar Pradesh,Kushinagar,54.56,54.33,NA,83.11,83.13,NA,70.73,70.7,NA,69.38,69.33,NA,64.56,64.5,NA,60.82,60.69,NA,70.4,70.32,NA,8.1,8.08,NA,27.29,27.29,NA,28.22,28.12,NA,17.35,17.24,NA,25.88,25.95,NA
Uttar Pradesh,Lalitpur,76.97,75.1,95.65,95.02,94.81,97.1,63.58,60.93,89.86,61.51,58.36,92.75,72.82,70.59,94.93,54.21,51.06,85.51,93.62,93.42,95.65,3.57,3.85,0.72,49.03,48.79,51.45,17.68,16.61,28.26,53.89,51.62,75.37,10.62,11.24,6.42
Uttar Pradesh,Lucknow,95.42,95.07,95.77,96.27,96.82,95.71,76.53,71.05,82.17,78.17,72.48,84.02,89.42,88.82,90.03,68.93,61.38,76.68,91.05,90.24,91.88,3.27,2.72,3.83,61.65,57.11,66.31,16.37,14.56,18.23,63.56,45.47,82.15,22.41,25.39,20.46
Uttar Pradesh,Maharajganj,57.42,56.38,NA,82.72,82.08,NA,68.33,67.66,NA,68.2,67.53,NA,64.14,63.39,NA,58.94,58.12,NA,69.18,68.29,NA,8.26,8.58,NA,32.82,32.82,NA,25.39,26.21,NA,22.13,20.92,NA,19.63,20.49,NA
Uttar Pradesh,Mahoba,92.05,92.99,89.7,97.18,97.45,96.51,81.69,81.8,81.4,78.94,79.75,76.91,77.23,80.68,68.6,67.38,68.35,64.95,88.61,89.83,85.55,1.49,0.95,2.82,42.47,46.31,32.89,11.12,10.64,12.29,54.17,54.63,53.16,14.94,14.75,15.41
Uttar Pradesh,Mainpuri,76.22,76,77.28,88.46,88.19,89.82,61.85,60.84,66.84,61.04,60.56,63.45,64.29,64.15,65.01,50.65,49.65,55.61,56.47,55.96,59.01,2.74,2.87,2.09,44.83,45.29,42.56,8.76,8.73,8.88,29.57,26.98,43.01,31.84,30.92,34.85
Uttar Pradesh,Mathura,62.82,58.18,72.37,88.49,86.73,92.11,56.26,53.71,61.51,55.04,52.7,59.87,61.74,58.49,68.42,45.46,42.94,50.66,70.28,64.95,81.25,2.58,2.63,2.47,38.61,35.39,45.23,13.8,12.19,17.11,43.31,36.41,57.92,31.12,31.08,31.17
Uttar Pradesh,Mau,78.66,79.34,76.12,83.66,84.86,79.22,67.88,68.54,65.44,66.14,66.79,63.69,62.59,63.34,59.81,53.8,53.65,54.37,70.67,71.66,66.99,8.44,8.78,7.18,32.89,32.6,33.98,29.37,29.33,29.51,34.09,34.31,33.28,23.07,24.5,17.16
Uttar Pradesh,Meerut,70.78,70.6,71.05,91.18,93.05,88.42,69.79,70.93,68.11,68.45,69.61,66.73,71.37,73.26,68.6,57.8,59.67,55.05,62.71,64.58,59.96,2.82,2.6,3.14,44.85,45.72,43.57,9.24,9.05,9.52,43.12,39.6,48.41,31.9,33.51,29.92
Uttar Pradesh,Mirzapur,73.58,73.35,75.59,79.96,80.19,77.95,55.78,55.95,54.33,53,52.94,53.54,56.45,56.24,58.27,43.74,43.61,44.88,67.91,67.66,70.08,10.82,11.15,7.87,42.47,42.83,39.37,28.08,27.07,37.01,32.66,29.91,56.55,16.28,16.6,14.86
Uttar Pradesh,Moradabad,77.41,73.71,86.76,92.3,91.59,94.09,62.8,61.05,67.22,66.76,65.21,70.69,71.47,70.77,73.26,52.36,50.39,57.33,64.53,62.24,70.31,3.89,4.01,3.6,46.99,46.51,48.2,23.1,21.41,27.38,36.43,32.3,46.67,29.36,31.38,25.94
Uttar Pradesh,Muzaffarnagar,66.46,64.27,72.71,90.35,89.88,91.71,64.43,61.35,73.23,63.54,60.45,72.37,70.67,70.44,71.33,53.47,51.81,58.2,63.22,61.11,69.26,3.13,3.38,2.42,42.88,41.14,47.84,13.58,13.67,13.3,42.62,42.23,43.82,32.24,31.81,33.65
Uttar Pradesh,Pilibhit,76.23,74.44,86.62,90.95,90.18,95.42,65.41,64.79,69.01,63.91,63.7,65.14,69.34,68.66,73.24,55.63,54.96,59.51,63.35,60.91,77.46,4.54,4.78,3.17,47.55,47.92,45.42,20.7,19.66,26.76,38.89,35.75,58.65,28.05,27.19,31.54
Uttar Pradesh,Pratapgarh,78.3,78.08,82.53,84.44,84.1,90.96,71.72,71.1,83.73,69.93,69.27,82.53,71.93,71.51,80.12,64.86,64.26,76.51,77.92,77.4,87.95,8.98,9.14,6.02,58.48,57.61,75.3,25.22,25.78,14.46,32.46,31.89,44.15,18.18,17.8,23.64
Uttar Pradesh,Rae Bareli,91.6,91.51,92.93,94.62,94.86,90.91,67.92,68.33,61.62,62.41,62.72,57.58,77.38,76.83,85.86,54.79,54.74,55.56,76.36,75.81,84.85,3.13,3.01,5.05,50.18,49.77,56.57,12.54,11.85,23.23,44.2,43.1,60.77,20.08,19.6,26.09
Uttar Pradesh,Rampur,67.3,65.25,75.35,91.71,91.78,91.43,72.39,71.95,74.13,72.73,72.51,73.6,74.33,73.9,76.05,61.46,61.13,62.76,58.67,58.47,59.44,3.46,3.32,4.02,50.71,50.36,52.1,13.59,13.93,12.24,22.7,19.87,32.96,31.54,36.62,20.96
Uttar Pradesh,Saharanpur,80.64,80.57,80.89,96.68,96.44,97.56,85.81,85.64,86.44,84.89,84.71,85.56,83.07,83.68,80.89,77.44,77.65,76.67,71.85,69.59,80,0.93,1.06,0.44,61.46,61,63.11,19.35,18.19,23.56,50.95,49.24,57.75,32.24,34.2,25.45
Uttar Pradesh,Sant Kabir Nagar,77.01,76.81,NA,83.23,83.18,NA,63.49,63.51,NA,63.48,63.59,NA,71.27,70.99,NA,58.52,58.53,NA,82.94,82.92,NA,4.18,4.25,NA,22.12,21.45,NA,16.31,16.16,NA,25.12,24.71,NA,13.01,12.88,NA
Uttar Pradesh,Sant Ravidas Nagar (Bhadohi),69.89,70.22,67.16,74.84,75.73,67.65,54.95,56.64,41.18,50.96,52.35,39.71,53.98,55.56,41.18,42.2,43.84,28.92,62.3,63.81,50,17.93,17.24,23.53,24.27,24.42,23.04,33.27,34.23,25.49,27.9,27.89,27.97,20.28,19.87,23.64
Uttar Pradesh,Shahjahanpur,69.99,68.06,82.71,85.89,84.88,92.52,50.82,48.79,64.25,49.86,47.96,62.38,55.39,53.8,65.89,40.87,38.56,56.07,51.56,49.74,63.55,4.27,4.59,2.1,37.45,35.66,49.3,11.52,11,14.95,31.17,28.48,48.58,28.06,29.18,23.7
Uttar Pradesh,Shrawasti,37.23,36.43,NA,51.35,50.82,NA,32.09,31.68,NA,30.82,30.39,NA,33.54,33.06,NA,24.9,24.37,NA,45.76,45.1,NA,30.67,31.06,NA,16.14,15.59,NA,20.44,20.5,NA,14.53,14.24,NA,15.88,15.36,NA
Uttar Pradesh,Siddharthnagar,63.12,62.8,NA,76.38,76.27,NA,62.28,61.95,NA,58.17,57.8,NA,57.95,57.56,NA,51.42,50.91,NA,70.66,70.53,NA,13.84,13.83,NA,30.68,30.17,NA,25.37,25.33,NA,11.95,11.54,NA,20.26,21.04,NA
Uttar Pradesh,Sitapur,58.91,59.89,49.79,78.47,78.94,74.07,56.14,56.86,49.38,49.15,47.8,61.73,54.01,53.67,57.2,35.43,34.38,45.27,68.95,69.19,66.67,18.27,18.07,20.16,35.05,34.7,38.27,20.41,20.17,22.63,21.37,21.4,21.03,25.86,26.42,17.24
Uttar Pradesh,Sonbhadra,52.47,52.11,56.76,60.93,60.75,63.06,39.9,38.95,51.35,39.2,38.04,53.15,37.39,36.39,49.55,32.41,31.44,44.14,48.78,48.5,52.25,27.24,27.19,27.93,23.41,22.13,38.74,27.44,27.03,32.43,17.67,15.04,48.99,16.66,16.13,18.6
Uttar Pradesh,Sultanpur,93.52,93.69,NA,93.58,93.85,NA,66.85,66.57,NA,61.48,60.66,NA,72.08,71.75,NA,47.22,46.03,NA,81.56,81.4,NA,5.58,5.3,NA,58.99,59.52,NA,34.72,33.69,NA,44.19,44.3,NA,15.87,15.64,NA
Uttar Pradesh,Unnao,88.7,89.43,84.89,90.95,91.18,89.73,75.99,75.68,77.64,74.42,74.21,75.53,73.75,74.62,69.18,63.07,62.95,63.75,80.67,79.97,84.29,8.75,8.51,9.97,46.43,45.72,50.15,13.31,13.43,12.69,38.18,37.87,39.92,25.52,24.63,30.53
Uttar Pradesh,Varanasi,84.05,86.69,79.79,86.2,88.73,82.13,73.16,75.87,68.81,73.56,75.93,69.74,70,72.77,65.54,65.22,67.72,61.21,80.76,81.44,79.67,7.14,6.71,7.83,52.73,55.3,48.6,24.98,24.9,25.12,50.92,51.5,50.11,22.06,22.49,21.43
Uttarakhand,Almora,94.9,94.75,97.71,97.13,97.05,98.86,93.7,93.55,96.57,93.72,93.75,93.14,93.91,93.75,97.14,87.28,87.13,90.29,64.25,63.08,87.43,1.42,1.43,1.14,53.36,53.2,56.57,19.3,18.6,33.14,43.25,41.42,77.86,26.19,26.85,19.35
Uttarakhand,Bageshwar,85.2,84.79,97.44,94.23,94.12,97.44,90.86,90.77,93.59,90.08,90.01,92.31,87.1,87.14,85.9,82.53,82.46,84.62,53.11,52.31,76.92,3.56,3.64,1.28,40.1,40.07,41.03,10.33,10.25,12.82,33.92,33.34,49.11,29.14,29.49,23.4
Uttarakhand,Chamoli,94.83,94.64,96.15,97.69,97.53,98.81,94.19,93.99,95.62,93.21,92.93,95.23,93.39,93.32,93.9,87.75,87.28,91.11,50.58,46.78,77.72,1.09,1.13,0.8,59.37,57.43,73.21,20.55,21.16,16.18,38.71,35.27,63.74,16.7,16.36,18.16
Uttarakhand,Champawat,94.22,94.51,92.41,97.4,98.21,92.41,93.74,95.07,85.52,93.06,94.29,85.52,90.85,92.05,83.45,87.67,88.69,81.38,69.56,68.87,73.79,1.83,1.23,5.52,42.49,43.11,38.62,12.52,11.31,20,53.68,52.8,59.14,28.38,26.65,37.21
Uttarakhand,Dehradun,93.86,92.18,95.48,97.4,96.81,97.97,91.52,89.41,93.54,90.25,88.12,92.29,91.02,88.71,93.25,86.93,83.83,89.91,92.02,90.05,93.92,2.08,2.3,1.87,69.42,69.62,69.23,15.52,14.18,16.8,59.6,51.78,66.81,22.62,22.48,22.72
Uttarakhand,Haridwar,73.82,68.69,85.44,83.16,80.04,90.25,67.98,62.88,79.53,68.14,63.06,79.67,68.42,63.52,79.53,60.84,54.9,74.31,77.17,73.17,86.26,14.08,16.47,8.65,54.49,51.14,62.09,19.55,19.44,19.78,35.43,25.22,59.38,31.94,38.22,26.05
Uttarakhand,Nainital,94.44,95.05,93.33,96.32,95.88,97.11,92.35,93.09,90.98,92.13,92.7,91.07,90.1,90.3,89.72,87.24,88.24,85.39,78.79,77.02,82.06,1.9,1.71,2.25,61.65,62.22,60.6,18.32,17.3,20.2,60.26,57.71,64.58,22,21.1,23.36
Uttarakhand,Pauri Garhwal,93.17,93.42,91.5,96.98,97.19,95.59,88.97,88.99,88.82,87.54,87.58,87.24,90.08,90,90.55,84.15,84.06,84.72,87.42,87.38,87.72,1.22,1.24,1.1,65,66.46,55.28,14.97,14.52,17.95,43.82,41.42,60.1,18.84,17.92,22.81
Uttarakhand,Pithoragarh,93.69,92.9,98.19,98,97.73,99.6,94.88,94.3,98.19,94.13,93.6,97.18,93.15,92.45,97.18,88.74,87.66,94.97,70.43,66.41,93.56,1.28,1.43,0.4,41.93,39.81,54.12,11.11,11.01,11.67,55.39,50.61,83.93,30.58,31.5,27.13
Uttarakhand,Rudraprayag,93.69,93.67,NA,97.21,97.2,NA,91.98,91.95,NA,91.75,91.74,NA,91.26,91.24,NA,85.7,85.68,NA,59.49,59.35,NA,1.67,1.68,NA,59.84,59.74,NA,18.15,18.11,NA,41.79,41.61,NA,17.72,17.69,NA
Uttarakhand,Tehri Garhwal,85.1,83.91,94.21,88.57,87.61,95.93,81.42,80.27,90.3,79.5,78.4,87.95,82.09,81.18,89.05,76,74.85,84.82,78.55,76.63,93.27,5.73,6.13,2.66,64.86,64.14,70.42,17.74,18.17,14.4,33.86,28.82,73.68,21.63,22.13,20.05
Uttarakhand,Udham Singh Nagar,93.13,92.93,93.61,96.52,96.46,96.65,90.46,90.24,90.99,89.99,90.47,88.89,88.71,89.53,86.79,83,83.35,82.18,76.35,74.89,79.77,2.79,2.6,3.25,51.79,55.15,43.92,14.87,13.83,17.3,53.97,50.55,62.56,22.91,23.35,21.99
Uttarakhand,Uttarkashi,86.13,85.08,95.16,91.61,91.13,95.7,79.64,79.52,80.65,79.25,79.02,81.18,83.81,83.17,89.25,74.73,74.22,79.03,87.27,86.48,94.09,6.97,7.35,3.76,67.42,67.07,70.43,20.96,21.02,20.43,37.56,34.7,63.33,24.13,22.69,31.09

