﻿State_Name,State_District_Name,VV_Children_Breastfed_Within_One_Hour_Of_Birth_Total,VV_Children_Breastfed_Within_One_Hour_Of_Birth_Rural,VV_Children_Breastfed_Within_One_Hour_Of_Birth_Urban,VV_Children_Aged_6_35_Months_Exclusively_Breastfed_For_At_Least_Six_Months_Total,VV_Children_Aged_6_35_Months_Exclusively_Breastfed_For_At_Least_Six_Months_Rural,VV_Children_Aged_6_35_Months_Exclusively_Breastfed_For_At_Least_Six_Months_Urban,VV_Children_Who_Received_Foods_Other_Than_Breast_Milk_During_First_6_Months_Water_Total,VV_Children_Who_Received_Foods_Other_Than_Breast_Milk_During_First_6_Months_Water_Rural,VV_Children_Who_Received_Foods_Other_Than_Breast_Milk_During_First_6_Months_Water_Urban,VV_Children_Who_Received_Foods_Other_Than_Breast_Milk_During_First_6_Months_Animal_Formula_Milk_Total,VV_Children_Who_Received_Foods_Other_Than_Breast_Milk_During_First_6_Months_Animal_Formula_Milk_Rural,VV_Children_Who_Received_Foods_Other_Than_Breast_Milk_During_First_6_Months_Animal_Formula_Milk_Urban,VV_Children_Who_Received_Foods_Other_Than_Breast_Milk_During_First_6_Months_Semi_Solid_Mashed_Food_Total,VV_Children_Who_Received_Foods_Other_Than_Breast_Milk_During_First_6_Months_Semi_Solid_Mashed_Food_Rural,VV_Children_Who_Received_Foods_Other_Than_Breast_Milk_During_First_6_Months_Semi_Solid_Mashed_Food_Urban,VV_Children_Who_Received_Foods_Other_Than_Breast_Milk_During_First_6_Months_Solid_Adult_Food_Total,VV_Children_Who_Received_Foods_Other_Than_Breast_Milk_During_First_6_Months_Solid_Adult_Food_Rural,VV_Children_Who_Received_Foods_Other_Than_Breast_Milk_During_First_6_Months_Solid_Adult_Food_Urban,VV_Children_Who_Received_Foods_Other_Than_Breast_Milk_During_First_6_Months_Vegetables_Fruits_Total,VV_Children_Who_Received_Foods_Other_Than_Breast_Milk_During_First_6_Months_Vegetables_Fruits_Rural,VV_Children_Who_Received_Foods_Other_Than_Breast_Milk_During_First_6_Months_Vegetables_Fruits_Urban,VV_Average_Month_By_Which_Children_Received_Foods_Other_Than_Breast_Milk_Water_Total,VV_Average_Month_By_Which_Children_Received_Foods_Other_Than_Breast_Milk_Water_Rural,VV_Average_Month_By_Which_Children_Received_Foods_Other_Than_Breast_Milk_Water_Urban,VV_Average_Month_By_Which_Children_Received_Foods_Other_Than_Breast_Milk_Animal_Formula_Milk_Total,VV_Average_Month_By_Which_Children_Received_Foods_Other_Than_Breast_Milk_Animal_Formula_Milk_Rural,VV_Average_Month_By_Which_Children_Received_Foods_Other_Than_Breast_Milk_Animal_Formula_Milk_Urban,VV_Average_Month_By_Which_Children_Received_Foods_Other_Than_Breast_Milk_Semi_Solid_Mashed_Food_Total,VV_Average_Month_By_Which_Children_Received_Foods_Other_Than_Breast_Milk_Semi_Solid_Mashed_Food_Rural,VV_Average_Month_By_Which_Children_Received_Foods_Other_Than_Breast_Milk_Semi_Solid_Mashed_Food_Urban,VV_Average_Month_By_Which_Children_Received_Foods_Other_Than_Breast_Milk_Solid_Adult_Food_Total,VV_Average_Month_By_Which_Children_Received_Foods_Other_Than_Breast_Milk_Solid_Adult_Food_Rural,VV_Average_Month_By_Which_Children_Received_Foods_Other_Than_Breast_Milk_Solid_Adult_Food_Urban,VV_Average_Month_By_Which_Children_Received_Foods_Other_Than_Breast_Milk_Vegetables_Fruits_Total,VV_Average_Month_By_Which_Children_Received_Foods_Other_Than_Breast_Milk_Vegetables_Fruits_Rural,VV_Average_Month_By_Which_Children_Received_Foods_Other_Than_Breast_Milk_Vegetables_Fruits_Urban
Assam,Barpeta,78.9,79,77.8,36.1,35.9,38.6,41.6,41.6,41.8,33.5,33.2,37.3,12.2,12.1,13.9,2.4,1.8,8.9,1.9,1.4,8.2,5.1,5.1,5,5.7,5.7,5.4,7,7.1,6.8,9.3,9.3,8.8,9.8,9.8,9.2
Assam,Bongaigaon,72.8,74.2,58.1,29.1,28.4,36.5,50.1,50.9,41.5,39.7,40.2,33.2,15.5,15.6,14.6,2.2,2.1,3.7,1.6,1.5,3,5.1,5,5.4,5.5,5.5,5.9,6.9,6.9,7,8.4,8.4,8.3,8.9,8.9,8.8
Assam,Cachar,63.3,63.8,60.3,32.3,31.8,35.1,58.8,60.2,51.2,62.1,63,57.3,20,20.3,18.4,2.2,1.9,3.4,1.8,1.7,2.1,4.1,4,4.3,4.2,4.2,4.3,6.9,6.8,7.1,8.8,8.7,9.2,9.6,9.6,10
Assam,Darrang,73.6,72.9,NA,31.5,31.5,NA,44.5,44.1,NA,33.7,33.3,NA,13.7,13.7,NA,1.6,1.7,NA,1.1,1.1,NA,5.3,5.3,NA,5.7,5.7,NA,6.9,6.9,NA,8.7,8.7,NA,9.1,9.1,NA
Assam,Dhemaji,82.9,83.1,80.4,43.1,43,44.2,26.3,25.8,31.5,16.6,16.3,19.6,5.1,5.2,4.6,1.7,1.7,2.8,1.5,1.4,2,5.9,5.9,5.7,6.4,6.4,6.2,7.5,7.5,7.2,8.5,8.6,8.3,9.1,9.1,8.9
Assam,Dhubri,65.5,65.6,63.9,23.8,23.3,28.9,54.8,55,52.3,41.8,42,40,14.1,14.3,12.9,4.1,4.5,0.6,3.2,3.5,0,4.9,4.9,5,5.6,5.6,5.6,7.2,7.2,7.4,8.8,8.7,9,9.5,9.5,9.5
Assam,Dibrugarh,81.4,83.7,72,74.9,75.4,72.9,11.5,10.6,15.1,23.7,24.4,21,4.7,4.7,4.4,1.3,1.5,0.5,1,1.1,0.6,6.5,6.5,6.3,6.4,6.4,6.5,8.1,8.1,8.1,9.6,9.6,9.7,9.5,9.4,9.7
Assam,Goalpara,79.8,80.2,74.9,39.2,39.2,38.5,37.1,37.5,32.5,25.3,25.4,23.7,8.2,8.2,8.8,1.9,2,0.4,1.2,1.3,0.4,5.6,5.6,5.6,6.1,6.1,6.1,7.3,7.3,7.3,8.5,8.5,8.6,9.2,9.2,9.2
Assam,Golaghat,79,79.9,71.6,55.3,54.1,65.7,27.9,28.9,19.3,31.4,32.1,25.7,10.1,10.4,7.3,1.8,1.9,1.5,1,1,0.6,5.9,5.9,6.2,6.3,6.3,6.7,7.6,7.6,7.9,9.1,9,9.4,9.4,9.3,9.8
Assam,Hailakandi,62.4,62.1,NA,18.5,19.6,NA,66.1,64.1,NA,63.2,63.1,NA,25.4,26.7,NA,5.7,5.8,NA,2.7,2.9,NA,4.1,4.2,NA,4.4,4.4,NA,6.7,6.7,NA,8.9,9,NA,9.9,10,NA
Assam,Jorhat,80,82,72.5,51.7,53.6,44.8,28.2,26.2,35.3,31.5,30.3,36.2,13,12.9,13.5,2.3,2.2,2.8,1.6,1.6,1.5,5.8,5.9,5.6,6,6,5.9,7.5,7.5,7.4,9.2,9.2,9.3,9.4,9.4,9.4
Assam,Kamrup,82.4,83.7,80.6,48.4,50.4,46,31.5,30.2,33.1,21,21.5,20.4,6.8,7.2,6.3,1.3,1.1,1.5,1.4,1.5,1.3,5.8,5.9,5.8,6.4,6.4,6.5,7.5,7.5,7.5,9,9.1,8.8,9.5,9.6,9.4
Assam,Karbi Anglong,74.3,73.9,75.9,45.1,45,45.2,30.5,29.8,33.4,40.8,42.9,32.3,7.8,8.7,4.4,1.8,1.7,2.1,1.3,1.2,1.7,5.7,5.7,5.8,6,6,6.2,7.8,7.8,7.8,9.5,9.6,9.1,9.7,9.7,9.4
Assam,Karimganj,64.5,64.6,NA,30.8,30.8,NA,62.5,63,NA,65.4,65.9,NA,21.4,21.6,NA,1.6,1.6,NA,1.8,1.7,NA,3.7,3.7,NA,4.1,4.1,NA,6.8,6.8,NA,8.6,8.6,NA,9.5,9.5,NA
Assam,Kokrajhar,84.5,85.2,NA,12.1,11.2,NA,56.3,56.8,NA,53.4,53.7,NA,32.5,32.7,NA,3.7,3.4,NA,0.8,0.6,NA,5,5,NA,5.1,5.1,NA,6.1,6.1,NA,8.7,8.7,NA,9.6,9.6,NA
Assam,Lakhimpur,82.2,82.5,NA,31.1,31,NA,29.2,27.3,NA,23.3,22.5,NA,3.6,3.4,NA,1.2,1,NA,1.3,1.1,NA,5.8,5.9,NA,6.2,6.3,NA,7.7,7.6,NA,8.8,8.8,NA,9.4,9.4,NA
Assam,Marigaon,78.9,78.8,81.2,32.6,32.5,34.5,45.9,46.2,38.1,35,35.2,31.4,14.9,15,12.1,2,2,0.9,1.2,1.2,0.4,5.2,5.2,5.4,5.6,5.6,5.8,7,7,7.1,8.9,8.9,9,9.5,9.5,9.5
Assam,Nagaon,70.6,70.6,71,54.2,54.4,53,25.9,24.9,32.7,31.6,31,35.9,13.4,13.7,11.3,1.7,1.7,1.8,1.1,1.1,1.6,5.9,5.9,5.7,6,6.1,5.8,7.7,7.7,7.5,9.4,9.5,9.3,9.7,9.7,9.7
Assam,Nalbari,74.7,74.8,NA,47.7,47.9,NA,28.8,28.7,NA,21.8,21.9,NA,8.5,8.6,NA,0.9,0.9,NA,0.5,0.5,NA,5.9,5.9,NA,6.3,6.3,NA,7.4,7.4,NA,9.2,9.2,NA,9.6,9.6,NA
Assam,North Cachar Hills,80.4,82.1,78.7,38.3,43.6,32.9,41.2,40.5,42,47.2,46.7,47.8,11,11.4,10.7,3.2,2.9,3.4,1.8,1.9,1.6,5.3,5.3,5.2,5.4,5.6,5.2,7.5,7.5,7.5,8.7,8.6,8.8,9.1,9.1,9.2
Assam,Sibsagar,83.1,84.5,63.2,44.7,43.4,62.9,27.2,27.9,17.1,31.7,32.7,17.8,8.1,7.9,10.5,1.5,1.3,4.6,0.7,0.7,1.3,5.9,5.9,6.3,6.1,6.1,6.8,7.5,7.5,7.7,8.9,8.9,9.2,9.1,9.1,9.3
Assam,Sonitpur,76.2,76.6,72.2,31.3,31.4,30.5,44,43.3,50.7,34.7,33.7,43.5,9.7,9.7,9.1,2,2,1.9,1.8,1.8,1.7,5.2,5.2,5.1,5.6,5.7,5.2,7.2,7.3,6.9,9,9,8.9,9.7,9.7,9.3
Assam,Tinsukia,80.1,81.7,70.8,43.6,43.4,44.4,28.6,28.5,29,26.6,26.6,27.1,11.9,11.9,11.9,2.5,2.6,1.9,1.6,1.7,1.1,5.8,5.8,5.7,6.2,6.2,6,7.5,7.5,7.6,8.9,8.9,9,9.1,9.1,9.3
Bihar,Araria,37.3,38.3,NA,11.6,12,NA,84.9,84.4,NA,59.9,60.8,NA,7,7,NA,1.4,1.4,NA,0.9,1,NA,3.5,3.5,NA,4.9,4.9,NA,7.5,7.5,NA,9.5,9.5,NA,11.1,11.1,NA
Bihar,Aurangabad,35.6,35.8,33.9,19.1,18.8,21.9,67.9,67.4,72.4,67.2,67.2,67.4,9,9.1,8.1,5.4,5.3,7.2,5.2,5,7.2,3.4,3.4,2.9,3.8,3.8,3.7,7,7,7.1,8.9,8.9,9,10,10,10
Bihar,Banka,44.2,43.9,NA,40.5,40.4,NA,43.6,43.3,NA,45.5,44.9,NA,4,3.8,NA,2.9,2.9,NA,2.5,2.5,NA,5.1,5.1,NA,5,5,NA,7.7,7.7,NA,9.4,9.4,NA,10.4,10.4,NA
Bihar,Begusarai,35.8,35.5,NA,33.4,33.4,NA,51.4,51.3,NA,60.4,61.1,NA,5.7,5.7,NA,3.9,4,NA,2.7,2.7,NA,4.7,4.6,NA,4.7,4.6,NA,7.9,7.9,NA,9.7,9.7,NA,10.9,10.9,NA
Bihar,Bhagalpur,41.7,41.5,42.9,40.3,40.8,37.4,41.8,42.4,37.4,51.2,51.8,47.6,4.7,4,8.8,3.9,4,3.7,2.7,2.8,2.4,5.1,5.1,5,4.8,4.7,4.9,7.8,7.8,7.5,9.4,9.5,9.2,10.4,10.4,10.2
Bihar,Bhojpur,32.7,32.3,35.7,21.7,21.6,22.5,67.2,67.1,68,70.5,71.1,65.9,11.3,11.2,12.5,7.6,7.6,7.9,6.7,6.9,5.2,3.6,3.7,3.4,3.9,3.9,3.9,6.9,7,6.8,8.9,8.9,8.5,9.7,9.7,9.6
Bihar,Buxar,35.7,35.7,35.6,31.1,31,31.9,59.7,59.7,59.3,70.7,72,54.1,8.1,8.3,5.2,4.7,4.7,4.6,4.3,4.4,3.6,3.4,3.4,3.4,4.2,4.2,4.5,7.4,7.4,7.6,9.2,9.1,9.3,9.8,9.8,10
Bihar,Darbhanga,33.5,33.2,38.6,16.6,17.5,4.8,79.6,78.6,92.8,68.2,67.3,80.7,14.8,15.3,7.8,1.5,1.5,1.2,0.3,0.3,0.6,3.8,3.8,3.6,4.8,4.8,4.5,6.9,6.9,6.7,8.9,8.9,9.7,10.6,10.6,11.6
Bihar,Gaya,33.4,35.6,24.4,18.6,19.6,14.3,71,70.6,72.7,74,73.6,75.9,7.4,7.4,7.4,3.8,4,2.8,3.6,3.7,3.4,3,3,2.8,3.3,3.4,3.1,7.1,7.1,6.9,9.3,9.4,9.2,10.5,10.6,10.2
Bihar,Gopalganj,37.5,37.5,36.6,41.3,40.5,51.7,55.8,56.4,46.3,54.9,55.9,40.7,5.4,5.2,7.9,1.1,1.1,0.9,0.6,0.6,0.5,4.8,4.8,5.4,5.5,5.4,6,8.1,8.1,8,9.9,9.9,9.9,11.4,11.5,11.3
Bihar,Jamui,36.6,36.2,NA,33.1,33.1,NA,45.8,44.8,NA,50.6,49.9,NA,6.3,6.4,NA,3.8,3.9,NA,2.8,2.9,NA,4.9,4.9,NA,4.7,4.7,NA,7.4,7.4,NA,9.1,9.1,NA,10,10,NA
Bihar,Jehanabad,45,45.6,39.3,21.2,20.6,27.9,64.6,64.8,62.7,72.9,72.9,73.1,7.9,7.8,8.1,5.1,4.9,6.5,4.6,4.2,7.8,3.8,3.8,3.6,3.7,3.8,3.7,7,7,7.1,9.4,9.4,9.3,10.4,10.4,10.4
Bihar,Kaimur (Bhabua),43.7,43.8,NA,30.5,30.1,NA,55.9,56.1,NA,64.3,64.6,NA,5.5,5.3,NA,4.1,3.9,NA,3.6,3.5,NA,4.4,4.4,NA,4.3,4.3,NA,7.5,7.5,NA,9.5,9.5,NA,10.2,10.2,NA
Bihar,Katihar,32.8,31.9,51,41.6,42.4,23.7,53.9,53,73.2,50.6,49.8,66.7,3.9,3.6,9.8,0.9,0.9,1.3,0.6,0.6,1.3,4.7,4.8,3.8,5.3,5.3,4.2,8.2,8.3,6.9,10.3,10.3,10,11.6,11.6,11.2
Bihar,Khagaria,57.8,57,72.8,42.2,41.9,47.2,51,51.7,39.3,42.6,43,36.8,8.6,8.9,3.3,1.8,1.8,0.4,0.8,0.8,0,4.7,4.7,4.9,5.4,5.5,5.2,7.8,7.8,7.9,9.7,9.6,10.1,11.1,11,11.7
Bihar,Kishanganj,26,24.8,39.3,52.2,54.8,25.2,46.1,44.3,65.4,43,42.7,46.3,3.6,3.2,8.4,0.7,0.7,0.9,0.4,0.4,0.5,4.6,4.6,3.9,5.6,5.6,4.7,7.8,7.9,7.4,9.7,9.7,9.6,11.2,11.2,11.4
Bihar,Lakhisarai,39.1,39.8,32.8,29.5,29.7,27.3,63.7,63.7,63.8,62.7,61.9,69.3,6.2,6.3,5.3,4.7,4.8,3.4,3.4,3.4,3.4,3.4,3.4,3.2,4.6,4.6,4.3,7.7,7.7,7.7,9.4,9.4,9.5,10.5,10.5,10.5
Bihar,Madhepura,32.7,32.6,NA,29.4,29.3,NA,64.4,64.5,NA,54.4,54.3,NA,3.6,3.7,NA,0.8,0.9,NA,0.6,0.6,NA,4.5,4.5,NA,5.3,5.3,NA,7.9,7.9,NA,9.8,9.8,NA,11.3,11.3,NA
Bihar,Madhubani,34,33.5,NA,27.6,27.7,NA,70.4,70.3,NA,54.2,53.8,NA,12.7,12.9,NA,3,3,NA,1.1,1.1,NA,3.8,3.8,NA,5.2,5.3,NA,7.2,7.2,NA,9.1,9.1,NA,10.6,10.5,NA
Bihar,Munger,45.4,44.8,47.3,37.4,39.3,31.4,48.7,49.1,47.6,52.2,50.4,57.5,5.5,5.1,6.7,3.9,3.6,5.1,2.8,2.4,4.3,4.7,4.8,4.5,4.7,4.8,4.4,7.7,7.7,7.5,9.5,9.4,9.5,10.5,10.5,10.5
Bihar,Muzaffarpur,41.6,41.2,49,12.6,12.8,8,82.5,82.3,86.2,48.4,47.9,57.2,6.1,6.1,5.5,1,1,0,0.6,0.7,0,4,4,3.5,5.5,5.6,5.1,8,8,7.6,9.9,9.9,9.7,11.8,11.8,11.7
Bihar,Nalanda,40.6,40.5,40.8,21.5,21.1,23.6,67.3,67.1,68.4,65.3,64.9,67.8,6,6.3,4.6,3.6,3.8,2.7,3.2,3.2,3,3.7,3.7,3.6,4.1,4.1,3.9,7.2,7.2,7.2,9.2,9.2,9.3,10.2,10.2,10.1
Bihar,Nawada,33.2,33.3,32.1,19.3,19.6,15.8,67.5,67.3,69.6,71,71,71.7,9,9,9.8,5.1,5,6,5,4.8,6.5,3.4,3.5,3.1,3.6,3.6,3.4,7.1,7.1,6.7,9.2,9.2,9.2,10.2,10.2,9.5
Bihar,Pashchim Champaran,21.7,22.1,15.8,42.9,42.7,46.6,57.3,57.5,53.3,61.1,61,62.5,14.5,14.7,10.8,7.6,8,1.7,5.3,5.6,0,3.9,3.8,4.3,4.5,4.5,4.8,7.3,7.3,7.7,9.4,9.4,10.5,11.1,11.1,12.1
Bihar,Patna,38,37.3,39.2,26.8,27.8,25.1,55.6,54.8,56.9,60.1,61.6,57.7,8.5,7.6,10.1,5.5,5.5,5.5,5.2,5.5,4.7,4.1,4.2,4,4.3,4.3,4.4,7.2,7.3,7.1,9.1,9.1,9.1,10,10,9.9
Bihar,Purba Champaran,15.8,15.5,NA,47.1,48.2,NA,52,51.2,NA,45.6,45.1,NA,6.9,7,NA,2.6,2.6,NA,2,1.8,NA,4.2,4.2,NA,5.4,5.4,NA,8,8,NA,10,10,NA,11.6,11.6,NA
Bihar,Purnia,57.5,56.7,NA,24.3,24.5,NA,72.2,72.2,NA,69.8,70.2,NA,4.1,2.9,NA,1.3,1,NA,0.8,0.6,NA,4.5,4.5,NA,4.9,4.9,NA,7.8,7.9,NA,10,10.1,NA,11.3,11.4,NA
Bihar,Rohtas,36.4,37,30.9,26.3,26.4,25.1,57.3,57.5,55.5,67.1,67.1,67.2,7.9,8.1,6.3,6,6.1,4.7,4.7,4.7,4.7,4.2,4.2,4,4.1,4.1,3.9,7.2,7.2,7,9.1,9,9.2,10,10,10.3
Bihar,Saharsa,33.7,33.3,37.1,15.6,15.7,14.6,78.9,78.6,81.9,67.5,67.5,67.9,7,6.9,8,2.1,2.3,0,0.9,0.9,0.3,4,4,4,4.7,4.7,4.6,7.5,7.4,7.7,9.7,9.6,10.2,10.9,10.9,11.1
Bihar,Samastipur,41.9,41.4,NA,31.8,32.4,NA,62.1,61.7,NA,58,57.3,NA,3.6,3.5,NA,1.4,1.5,NA,1.1,1.1,NA,4.8,4.8,NA,5.4,5.4,NA,8,8,NA,10,10,NA,11.5,11.5,NA
Bihar,Saran,34.4,33.8,40.3,27.9,27.8,29.1,66.3,66,69.4,70.1,69.8,72.6,8.5,8.6,7.3,2.7,2.9,1,1.4,1.5,0.7,4.2,4.3,3.5,4.6,4.7,3.9,7.5,7.5,7.7,9.6,9.6,9.9,11.4,11.4,12
Bihar,Sheikhpura,37.2,37.7,32.8,26.6,26.3,29.4,61,62,52.7,72,71.3,78.9,5.8,6,3.9,3,3.1,2.3,2.7,2.7,2.7,3.8,3.8,3.8,3.7,3.8,3.6,7.2,7.1,7.4,9.3,9.2,9.8,10.5,10.4,10.7
Bihar,Sheohar,35,31.6,NA,23.2,23,NA,70.4,71.7,NA,70,70.4,NA,6.6,6.6,NA,1.6,1.6,NA,0.6,0.6,NA,4.3,4.3,NA,5,5,NA,7.6,7.6,NA,9.8,9.7,NA,11.4,11.4,NA
Bihar,Sitamarhi,33.9,34.4,NA,37.5,37.6,NA,54.1,54.1,NA,47.9,48,NA,6,5.6,NA,1.2,1.1,NA,0.7,0.7,NA,4.8,4.8,NA,5.6,5.6,NA,8,8,NA,9.9,10,NA,11.5,11.5,NA
Bihar,Siwan,48,48.1,47.4,56.8,58,46.6,38.1,36.9,48.1,37.8,36,52,3.8,4,2.4,1.2,1.3,0.6,1,1.1,0.6,5.1,5.2,4.7,5.8,5.8,5.4,8.1,8.1,8.2,10,10,10.2,11.7,11.7,11.8
Bihar,Supaul,35.9,35.5,NA,12.1,11.8,NA,83.3,84.1,NA,79.3,80.3,NA,8.2,8.3,NA,1.5,1.4,NA,1,0.9,NA,3.9,3.9,NA,4.4,4.3,NA,7.1,7,NA,9.2,9.2,NA,10.6,10.6,NA
Bihar,Vaishali,54.9,54.7,59.6,58.8,58.7,59,34.3,34.3,32.4,42.4,42.6,39,3.5,3.5,2.9,2.2,2.3,0.7,2,2.1,0.7,5.1,5.1,5.5,5.1,5.1,5.2,7.9,7.8,8.3,10,10,10.1,11.9,11.9,11.8
Chhattisgarh,Bastar,92.46,92.68,89.33,73.17,73.66,66.33,19.02,18.41,27.67,21.69,21.15,29.33,3.94,4.1,1.67,3.04,3.16,1.33,3.02,3.12,1.67,5.96,5.96,5.94,6.04,6.05,5.82,7.59,7.58,7.72,9.01,8.99,9.21,10.28,10.24,10.88
Chhattisgarh,Bilaspur,53.52,52.09,57.81,41.96,40.68,45.87,52.74,54.8,46.6,47.57,45.96,52.38,3.63,3.46,4.16,1.96,1.88,2.21,1.81,1.84,1.7,5.32,5.3,5.39,5.49,5.56,5.28,7.66,7.72,7.5,8.98,9.02,8.86,10.77,10.87,10.47
Chhattisgarh,Dantewada,83.61,83.88,81.26,70.64,68.39,90.32,26.58,28.79,7.3,33.38,34.33,25.05,4.29,4.38,3.55,2.68,2.67,2.76,2.41,2.41,2.37,5.6,5.53,6.4,5.7,5.69,5.72,7.37,7.35,7.56,8.77,8.71,9.24,10.36,10.26,11.2
Chhattisgarh,Dhamtari,80.31,80.41,79.48,52.62,53.47,45.71,28.34,27.94,31.67,45.5,44.94,50.2,6.47,6.53,5.98,4.1,4.27,2.59,4.17,3.91,6.37,5.81,5.83,5.66,5.26,5.27,5.25,7.32,7.31,7.35,8.74,8.75,8.71,11.2,11.24,10.94
Chhattisgarh,Durg,83.52,86.69,77.01,47.04,50.13,40.76,51.85,49.06,57.58,51.99,49.75,56.58,9.42,8.06,12.22,7.01,5.79,9.49,7.19,5.58,10.49,5.21,5.24,5.15,5.19,5.23,5.12,7.27,7.29,7.23,8.52,8.54,8.49,10.63,10.63,10.64
Chhattisgarh,Janjgir-Champa,48.1,46.93,60.51,53.06,55.31,29.07,43.23,41.52,61.46,38.74,36.84,58.92,6.22,4.66,22.93,3.98,2.53,19.43,3.84,2.29,20.38,5.39,5.42,4.99,5.56,5.61,5,7.57,7.61,7.2,8.75,8.78,8.43,10.61,10.67,9.88
Chhattisgarh,Jashpur,50.3,50.26,NA,49.8,49.7,NA,47.86,48,NA,39.69,39.5,NA,8.91,9.11,NA,4.51,4.63,NA,5.43,5.58,NA,5.32,5.31,NA,5.52,5.52,NA,7.12,7.12,NA,8.31,8.32,NA,9.92,9.91,NA
Chhattisgarh,Kanker,81.83,82.49,NA,71.11,72.67,NA,16.86,16.75,NA,30.97,29.82,NA,4.27,4.38,NA,3.17,3.27,NA,2.8,2.88,NA,6.24,6.24,NA,5.87,5.89,NA,7.66,7.64,NA,9.06,9.04,NA,11.44,11.39,NA
Chhattisgarh,Kawardha,74.47,74.45,NA,30.58,31.06,NA,68.97,68.89,NA,58.05,59.31,NA,9.9,10.86,NA,5.36,5.78,NA,4.69,5.17,NA,4.6,4.55,NA,5.09,5.05,NA,7.29,7.19,NA,8.85,8.78,NA,11.33,11.25,NA
Chhattisgarh,Korba,54.17,47.32,67.11,43,40.64,47.44,55.67,57.73,51.78,47.65,48.9,45.28,12.42,13.14,11.05,10.65,11.91,8.26,7.95,8,7.85,5.16,5.11,5.25,5.32,5.33,5.31,7.17,7.14,7.24,8.42,8.33,8.61,10.54,10.36,10.88
Chhattisgarh,Koriya,57.5,55.85,64.13,34.84,34.49,36.24,62.17,61.81,63.59,46.16,46.15,46.2,13.4,15.18,6.25,5.54,6.04,3.53,6.89,6.44,8.7,4.89,4.81,5.17,5.38,5.38,5.38,6.96,6.83,7.48,8.29,8.05,9.28,10.02,9.68,11.38
Chhattisgarh,Mahasamund,68.66,68.28,72.43,54.03,55.12,43.62,24.27,24.27,24.28,47.22,46.25,56.79,7.49,6.54,16.87,5.38,4.63,12.76,5.01,4.43,10.7,6.07,6.09,5.8,5.4,5.43,5.14,7.3,7.32,7.18,8.7,8.72,8.54,11.07,11.04,11.29
Chhattisgarh,Raigarh,47.28,45.13,62.25,46.86,47.63,41.51,50.67,49.75,57.09,43.68,42.99,48.43,10.3,10.14,11.42,7.88,7.53,10.31,9.24,9.27,9.02,5.18,5.19,5.11,5.43,5.44,5.34,7.26,7.27,7.2,8.39,8.41,8.24,10.23,10.21,10.34
Chhattisgarh,Raipur,69.28,68.36,72.19,52.36,56.08,40.87,44.83,41.12,56.56,48.92,46.05,58.03,7.01,6.24,9.44,5.33,4.17,9.02,5.21,4.13,8.6,5.3,5.37,5.12,5.15,5.26,4.8,7.43,7.46,7.33,8.69,8.7,8.66,11.47,11.39,11.73
Chhattisgarh,Rajnandgaon,64.87,65.31,61.87,44.26,46.17,31.57,52.69,51.03,64.03,55.57,53.55,69.3,10.41,10.17,11.99,6.73,6.67,7.19,6.93,6.89,7.19,5.13,5.14,5.07,5.13,5.18,4.75,7.24,7.24,7.26,8.74,8.74,8.72,11.15,11.19,10.93
Chhattisgarh,Surguja,51.13,50.39,64.36,48.24,48.16,49.75,48.66,48.97,43.07,39.37,39.72,33.17,8.64,8.74,6.93,6.88,6.99,4.95,6.87,7.09,2.97,5.24,5.23,5.26,5.55,5.55,5.64,7.38,7.38,7.48,8.6,8.59,8.74,10.67,10.67,10.65
Jharkhand,Bokaro,46.3,52.2,39,66,68.7,62.7,36.6,33.3,40.6,45.8,41.1,51.4,14.2,14,14.4,2.2,1.8,2.6,1.4,1.4,1.4,5.9,6.1,5.6,5,5,4.9,7.8,7.9,7.8,9,9.1,9,9.7,9.8,9.6
Jharkhand,Chatra,34.6,35.1,30,29.2,29.6,24.9,36.4,35.8,41.1,53.6,52.2,66,6.4,5.9,10.3,3.4,2.7,9.5,2.5,2.1,6.3,5.1,5.2,4.2,4.4,4.5,3.8,7.5,7.6,6.9,9.2,9.3,9,10.5,10.5,10.5
Jharkhand,Deoghar,35.6,34.3,45.2,45.8,47,36.8,41.1,39.3,55.2,58.8,58.9,58,7.7,7.5,9.3,4.6,4.8,2.8,2.8,2.9,1.8,4.8,4.9,4.3,4.1,4.1,4.2,7.1,7.1,7.1,8.5,8.5,8.8,9.5,9.5,9.6
Jharkhand,Dhanbad,33.4,31.5,35.1,44.4,45.6,43.2,59.9,58.3,61.4,53.6,52.1,55,19.7,19.7,19.6,5.6,6,5.2,4.3,4.5,4,4.7,4.8,4.5,5.1,5,5.1,7.7,7.7,7.8,9.8,9.8,9.9,10.4,10.3,10.4
Jharkhand,Dumka,41.6,41.1,49.7,54.2,54.6,48.1,47.1,47,49.2,51.6,51.8,48.2,22.8,23.1,16.2,5.5,5.5,5.1,4.6,4.6,4.6,5.3,5.3,5.6,4.9,4.9,5.3,7.8,7.8,7.9,9.9,10,9.2,10.4,10.4,9.8
Jharkhand,Garhwa,35.9,36.6,NA,33.8,34.2,NA,46.1,45.9,NA,46.8,47.4,NA,7.5,7.6,NA,4.7,4.7,NA,4.3,4.3,NA,4.9,4.9,NA,4.3,4.2,NA,7.1,7.1,NA,8.5,8.6,NA,9.5,9.5,NA
Jharkhand,Giridih,36.3,35.5,53.7,39.5,39.1,48.7,41.3,41.6,36.3,45.2,45.5,38.8,3.9,3.8,6,2,2,2,2.1,2.2,2,5.1,5.1,5.1,4.7,4.7,5,7.6,7.6,7.5,9.3,9.3,8.8,10.1,10.1,9.8
Jharkhand,Godda,45.7,45.7,NA,49.3,49.5,NA,39.8,39.5,NA,45.8,45.8,NA,4.1,4.2,NA,6.5,6.6,NA,2.2,2.2,NA,5.1,5.2,NA,4.7,4.7,NA,7.4,7.4,NA,8.7,8.6,NA,9.7,9.7,NA
Jharkhand,Gumla,44.9,45,42.3,48.9,48.6,54.4,45.5,45.4,46.3,51.5,51.8,46.3,10.4,10.3,12.7,1.8,1.8,2,1.2,1.2,1.3,6.2,6.2,5.9,4.5,4.4,4.8,7.8,7.8,7.9,9.4,9.4,9.3,10.2,10.2,9.9
Jharkhand,Hazaribagh,45.7,45,49,41.8,42.3,39.5,41.4,42,38.7,52,53.1,46.5,7.4,7.1,8.6,3.4,3.2,4.5,3,2.8,3.8,4.8,4.8,4.8,4.6,4.5,4.9,7.2,7.3,7.1,8.8,8.8,8.5,9.5,9.6,9.2
Jharkhand,Kodarma,41.2,41.7,38.2,40,41.3,33.1,49.6,48.6,54.8,50.7,50,54.3,6.3,6.4,5.5,2.4,2.5,1.9,2,2,1.9,4.9,5,4.5,4.5,4.6,4.4,7.5,7.6,7.2,9.2,9.2,8.8,9.8,9.8,9.5
Jharkhand,Lohardaga,53.7,54.7,45.1,77.5,78.4,69.9,22.1,21.2,30.2,17.3,16.2,27.3,8.7,7.6,18.1,1.6,1.4,4,1.2,1.2,1.2,6.6,6.7,6.2,6.8,6.8,6.8,8.4,8.5,7.9,9.3,9.3,9.2,9.8,9.8,9.8
Jharkhand,Pakaur,36.2,36.1,NA,31.1,31.1,NA,51.4,51.3,NA,55.3,55.6,NA,8.2,8.3,NA,5,4.9,NA,3.8,3.8,NA,4.5,4.5,NA,4.2,4.2,NA,7.2,7.2,NA,8.5,8.5,NA,9.1,9.1,NA
Jharkhand,Palamu,40,39.3,52.5,34,33.8,38,50.7,50.8,48.7,67,67.8,53.8,8.4,8.3,10.1,5.1,5.1,5.9,3.7,3.7,4.2,4.5,4.5,4.2,3.7,3.7,4.3,7.1,7.2,7,8.8,8.8,8.3,9.6,9.6,9.2
Jharkhand,Pashchimi Singhbhum,47.3,45.7,58,78.5,82.1,53.4,22.3,18.2,49,20.5,16.3,47.7,10,8.1,21.9,1.7,1.7,1.8,3,2.6,5.7,6.7,6.8,5.8,7.1,7.3,5.6,8.3,8.4,7.9,9.2,9.2,9.3,9.5,9.5,9.6
Jharkhand,Purbi Singhbhum,53.3,57.6,49.2,56.4,54,58.8,44.1,45.7,42.7,36.5,37.5,35.5,11.8,11.4,12.1,1.3,1.3,1.4,1.2,1,1.5,5.9,6,5.8,5.9,5.7,6.1,8.3,8.3,8.3,10,10,10,10.4,10.6,10.3
Jharkhand,Ranchi,55.3,57.1,51.7,55.4,60.4,45.7,45.3,40.5,54.9,31.8,27.8,39.9,18.1,16.1,22.2,4,3.6,5,2.4,2,3.2,5.8,6,5.4,6.1,6.2,5.8,7.7,7.8,7.6,9,9.1,8.9,9.5,9.6,9.4
Jharkhand,Sahibganj,38.2,37.9,41.2,34.3,35,26.9,36.4,37.8,21.5,51,51.2,48.9,6.6,6.9,4.1,7.3,7.4,5.7,4.1,4.3,2,5,4.9,5.4,4.3,4.2,4.5,7.2,7.2,7.4,8.6,8.5,8.8,9.6,9.6,9.9
Madhya Pradesh,Balaghat,74.2,74.3,73.3,56.8,57.5,52.5,25.8,24.7,32.4,39.2,38.8,41.6,17.6,16.5,24.4,14.5,14.3,15.9,13.7,13.3,15.6,6.6,6.5,7.4,6.3,6.2,7.3,7.9,7.9,8.2,9,9,9.3,12.1,12.2,12
Madhya Pradesh,Barwani,54.5,53.9,56.8,38.7,38.3,40.2,61.9,61.7,62.6,57,56.2,60.3,7.7,8.1,6.1,5.3,5.4,4.8,5.9,6,5.7,3.5,3.5,3.5,4.1,4.1,3.8,7.9,7.9,7.9,10.2,10.2,10.2,10.8,10.8,10.9
Madhya Pradesh,Betul,74.5,74.6,74.1,63.9,65.5,55.7,24.1,22.4,33.6,31.7,31.1,35.1,15.4,14.6,19.5,13.9,13.4,17,13.4,12.8,16.6,5.8,5.8,5.6,5.8,5.8,5.7,7.4,7.4,7.4,8.6,8.5,8.7,11.6,11.7,11.2
Madhya Pradesh,Bhind,67.9,70.9,61.9,30,29.4,31.2,63.8,64.2,63,52.3,51.9,53.2,11.6,11.5,11.7,7.6,7.7,7.5,6.5,6.4,6.5,3.7,3.7,3.7,4.8,4.8,4.8,7.7,7.7,7.7,9.7,9.6,9.8,10.2,10.1,10.3
Madhya Pradesh,Bhopal,80.6,83.4,79.9,46.9,37.3,49.1,47.6,57.2,45.3,48.3,54.8,46.7,9.4,9.9,9.2,6.6,6.3,6.7,6.8,5.5,7.1,4.4,4.2,4.5,4.6,4.7,4.6,7.3,7.5,7.3,9.6,9.7,9.5,8.7,9,8.6
Madhya Pradesh,Chhatarpur,51.9,51.2,54.8,25,23.9,29,62.7,62.6,63.1,61.2,62.6,55.5,7.3,7,8.3,2.9,3.1,2,2.5,2.9,1,4.2,4.1,4.3,5,5.1,4.8,7.5,7.6,7.2,9.6,9.7,9.4,12.3,12.2,12.4
Madhya Pradesh,Chhindwara,77.9,77,80.6,41.3,41.1,41.7,44.6,44.7,44.5,43.7,38.3,59.9,10.7,10.4,11.5,8.7,8.2,10.3,7.5,7.5,7.5,5.2,5.2,4.9,5.5,5.5,5.2,7.5,7.5,7.4,9.1,9.2,8.8,12.3,12.3,12.4
Madhya Pradesh,Damoh,55.9,55.2,58.8,47.4,50.3,35,32,29.2,44,43.2,39.7,57.8,21,21.5,19,17.8,17.7,18.1,15.9,15.5,17.7,5.2,5.3,4.6,5.3,5.4,4.7,6.8,6.9,6.4,8.2,8.3,7.9,10.5,10.5,10.4
Madhya Pradesh,Datia,82.1,82.8,80.2,36.4,37.8,32.6,54.5,55.2,52.5,45.8,48.4,38.7,6.2,6,6.9,3.3,3.7,2.3,2.8,3.1,1.8,4.3,4.3,4.2,5.2,5.1,5.6,8,8.1,7.8,9.7,9.7,9.6,10.3,10.3,10.3
Madhya Pradesh,Dewas,56.6,53.5,63.6,27.7,27.5,28.1,68.4,68.7,67.8,56.6,57.7,54,5.8,4.3,9.1,4.5,2.8,8.4,4,2.4,7.5,3.4,3.4,3.4,4.4,4.3,4.4,8,8,7.9,10,10.2,9.7,10.1,10.2,10
Madhya Pradesh,Dhar,52.6,48.6,68,37.5,38.4,34.2,60,59.6,61.4,64.1,63.5,66.5,8.7,8.1,11.4,3.8,2,10.7,4.9,3.4,10.5,3.8,3.8,3.6,3.8,3.9,3.5,7.6,7.6,7.8,9.8,9.9,9.3,8.9,9.1,8
Madhya Pradesh,Dindori,59.5,59.2,NA,60.5,60,NA,18.7,19.2,NA,44.8,45,NA,12.8,13.1,NA,11.6,11.7,NA,11.4,11.5,NA,6.2,6.2,NA,5.4,5.4,NA,7.4,7.4,NA,8.4,8.4,NA,11.2,11.2,NA
Madhya Pradesh,East Nimar,69.4,70.6,65.2,42.6,42.4,43,53.8,53.3,55.4,46.7,47,45.9,8.9,8.7,9.6,6.2,6.1,6.8,5.7,5.6,5.9,3.9,3.9,3.9,4.6,4.6,4.7,8.3,8.3,8,10,10.1,9.7,10.3,10.4,9.9
Madhya Pradesh,Guna,84.1,83.4,86.6,22.9,22.7,23.7,70.8,70.3,72.7,77.7,78.3,75.4,13.4,13.6,12.6,9.1,9.1,8.9,9.8,10,9.1,2.9,2.9,3,3,2.9,3.1,7.1,7.1,7.2,9,9,9,9.1,9.2,8.9
Madhya Pradesh,Gwalior,65.2,74.6,60.3,45.9,45.7,46.1,49.2,48,49.8,56.1,59.3,54.5,5.4,5.6,5.2,3.2,3.6,3,3.4,4.1,3.1,4,3.9,4,4.1,3.9,4.3,7,7,7,9.5,9.2,9.6,8.5,8.4,8.5
Madhya Pradesh,Harda,78.1,79.4,72.2,47.3,48.6,41.4,42.8,43.5,39.4,42.4,41.4,47,19.1,16.8,29.3,14.2,12,24.2,12.8,11.2,19.7,5.3,5.3,5.3,5.5,5.4,5.6,7.1,7.2,7,8.3,8.3,8.2,10.7,10.8,10.4
Madhya Pradesh,Hoshangabad,79.7,80,78.9,30.7,30.7,30.9,50,51.5,46.7,59.4,61.4,54.7,28.1,23.2,39.2,21.2,15.8,33.5,19.4,13.9,32,4.4,4.4,4.6,5.1,5.1,5.2,7.2,7.3,7,8.4,8.6,8,10.9,11.2,10.1
Madhya Pradesh,Indore,75.7,80.1,74.1,50.6,43,53.4,47,55.1,44.1,32,35.3,30.8,5.9,5.3,6.1,4.7,5.3,4.5,3.8,3.7,3.8,4.3,3.9,4.5,5.3,5,5.4,7.9,8.1,7.8,10,9.8,10.1,9.9,10,9.8
Madhya Pradesh,Jabalpur,62.6,68.1,58.4,34.4,31,37,45.1,49.7,41.5,56.7,58.3,55.4,11.8,12.8,11,13.4,15.5,11.7,13.1,15.6,11.1,5,5.1,5,5,4.9,5,7.3,7.3,7.3,8.7,8.8,8.6,11.7,11.7,11.7
Madhya Pradesh,Jhabua,61.8,61.6,64.7,50.9,50.2,57.1,46.7,47.4,38.8,49.5,50.4,40.9,17.9,18.1,15.5,2.9,2.8,3.9,2.1,2,3.4,4.4,4.3,4.9,4.4,4.3,5,7.2,7.2,7,10.1,10.1,10.2,10.2,10.3,9.5
Madhya Pradesh,Katni,75.6,77.1,70.8,63.7,70.2,42.8,26.4,22.4,39.4,37,31.7,54.4,14.8,12.3,23,11.6,10.3,15.8,11.4,10.2,15.4,5.6,5.7,5.2,5.1,5.2,4.8,7.4,7.5,6.8,9.1,9.4,8.4,11.3,11.7,10.1
Madhya Pradesh,Mandla,60.5,59.3,72.4,52.9,51.9,62.8,27.2,27.8,21.4,48.2,49.4,35.7,9.1,8,20.2,6.8,6,15.8,6.2,5.3,15.5,6,6,6.3,5.3,5.3,5.7,7.5,7.5,7.6,8.8,8.9,8.4,11.9,12,10.7
Madhya Pradesh,Mandsaur,52.7,50.8,58.7,44.3,44.6,43.4,54.2,54.2,54.1,43,41.2,48.9,5.3,5.6,4.6,2.6,2.9,1.7,2.6,2.9,1.9,4.1,4,4.2,4.9,5.1,4.5,7.9,8,7.5,9.9,10,9.6,9.5,9.5,9.5
Madhya Pradesh,Morena,69.7,70.9,66.6,41,41.1,40.6,52.9,53.4,51.4,43.7,41.6,49.3,7.8,8.4,6.2,3.8,3.9,3.6,3.1,3.2,2.8,4.1,4.1,4,5.1,5.3,4.7,7.6,7.7,7.3,9.8,9.9,9.6,9.1,9.3,8.7
Madhya Pradesh,Narsimhapur,70.6,69.4,77.2,40.2,39.4,44.8,43.8,44.8,37.5,50.8,51.2,48.7,33.3,34,29.5,33.1,33.8,28.8,31.9,32.7,26.6,4.9,4.8,5.1,5.1,5.1,5.3,6.4,6.3,6.8,7.1,7,7.9,9.2,9.1,9.9
Madhya Pradesh,Neemuch,46.9,51,39.9,40,43.1,34.8,58,55,63.3,45.3,42.8,49.8,3,3.2,2.6,1.2,1.5,0.7,1.2,1.2,1.2,4.1,4.2,4,5.2,5.3,5.1,7.9,8,7.7,10.3,10.2,10.5,9.2,9.3,9
Madhya Pradesh,Panna,56.3,55.8,59.8,41.5,42.5,34.6,40.3,39.3,47.5,47.7,46.3,57,13.4,13,16,13.1,13.5,10.2,13,13.2,11.9,4,4.1,3,4.9,4.9,4.9,7.2,7.2,7.3,8.7,8.7,8.7,11,11,10.9
Madhya Pradesh,Raisen,75.1,74.1,79.2,44.2,44.3,44.1,40.6,40.5,40.9,47.9,47.5,49.7,19,20.2,14,17,18.5,10.4,17,18.4,11,5,5.1,5,5.3,5.3,5.2,7.2,7,7.9,8.5,8.2,9.6,10.4,10,11.9
Madhya Pradesh,Rajgarh,67.1,65.2,79.6,29.3,28.8,32.7,67.4,68,63.4,56.8,56.5,58.7,6.6,6.4,7.5,2.4,2.3,3.1,3,2.5,5.9,3.9,3.9,4,4.7,4.7,4.6,7.9,7.9,8.2,9.7,9.7,10.1,10,9.9,10.4
Madhya Pradesh,Ratlam,53,57.6,45.8,40.3,35.3,48.2,59.3,64.9,50.4,53.4,59.1,44.4,3.8,4.9,2,1.9,2.4,1.2,2,2.4,1.5,3.5,3.2,4.1,4.2,4,4.7,7.7,7.7,7.8,10.2,9.9,10.5,10.2,10.2,10.2
Madhya Pradesh,Rewa,61.8,62.3,58.7,34.6,35.3,29.6,48.4,48.5,48,51,49.3,62.2,9.3,6.1,30.3,8.8,6.2,26.4,5.7,2.6,26.8,4.7,4.7,4.8,5,5.1,4.6,7.2,7.3,6.8,8.9,9,8.2,12.4,12.4,12.5
Madhya Pradesh,Sagar,46.1,45.3,48.5,44.9,42.3,51.9,35.2,34.7,36.4,46.4,51.6,31.9,9.6,9.8,9.1,7.1,7.6,5.6,7.4,8,5.8,5.3,5.3,5.1,5.1,4.9,5.7,7.5,7.5,7.3,9.4,9.4,9.4,11.7,11.8,11.4
Madhya Pradesh,Satna,64.2,62.6,69.2,59.9,65.9,41.9,33.9,31.7,40.7,39.7,33.8,57.7,18.9,18.8,19.2,14.8,15.8,11.6,15.2,16.5,11.2,4.9,5.2,3.8,5.1,5.4,3.9,7.2,7.3,6.9,8.7,8.7,8.5,11,10.8,11.5
Madhya Pradesh,Sehore,57.3,61.1,42.3,34.1,34.7,31.9,62,61.2,64.7,65.2,65.1,65.7,6.2,6.5,5.2,6,5.9,6.2,5.2,5.2,5.2,3.3,3.4,3.1,3.6,3.7,3.3,7.7,7.7,7.4,9.6,9.6,9.8,9.8,9.7,9.8
Madhya Pradesh,Seoni,56.1,57.1,44.9,53.3,54.4,41.2,26.1,24.8,41.2,49.6,49,55.6,14.1,13.9,17.1,10.4,10.4,9.6,9,9.1,8,6.6,6.7,5.8,6.2,6.3,5.6,8.1,8.1,7.7,9.5,9.6,9.2,12.4,12.4,12.6
Madhya Pradesh,Shahdol,66.5,67.4,63.4,39.8,41.1,35.4,42.6,39.8,51.7,49.8,48,55.9,29.7,27.5,37.2,22.8,19.6,33.3,22,19.6,29.7,5.5,5.6,5.2,5.8,5.9,5.3,7,7.1,6.7,8,8.1,7.9,10.5,10.4,10.6
Madhya Pradesh,Shajapur,58.7,60.9,52.5,35.9,36.2,35,62.9,62.7,63.6,56.9,57,56.5,2.8,2.6,3.4,0.5,0.6,0.4,0.5,0.5,0.5,3.9,3.9,3.9,4.4,4.4,4.3,8.1,8.1,8,10.3,10.3,10.1,10.5,10.5,10.6
Madhya Pradesh,Sheopur,69,68.4,72.9,33.4,32.2,40.3,63.9,65.1,56.6,59.5,60.8,51.7,6.1,6.1,6.3,2.9,2.9,2.9,3.4,3.2,4.4,3.4,3.3,3.8,3.9,3.9,4.2,7.4,7.5,7.3,9.6,9.7,9.1,8.7,8.8,8.2
Madhya Pradesh,Shivpuri,80.2,79.9,81.8,32.8,30.5,47.6,61.1,62.9,49.4,50.8,52,42.5,10.1,10.9,4.6,8,8.7,3.2,7.9,8.8,2.1,4,3.9,4.4,4.8,4.8,4.7,7.3,7.2,7.8,9,8.9,9.6,8.6,8.5,9.2
Madhya Pradesh,Sidhi,79,80.5,66.8,38.5,39.4,31.1,51.8,50.2,65.3,59,56.6,79.1,23.7,22.2,36.2,20.1,19.1,28.6,20,19.1,27,4.5,4.6,4.4,4.8,4.8,4.2,6.7,6.8,6.5,7.8,7.9,7.5,10.2,10.2,10.1
Madhya Pradesh,Tikamgarh,55.9,54.2,63.4,25.5,28,14.7,52,45,82.2,51.9,50.9,56.4,15.6,8.7,45.3,10.6,7,26.1,13.7,7.1,41.5,3.6,3.6,3.8,4.8,4.8,4.4,7.1,7.4,6,9.3,9.5,8.2,11.6,12.1,9.5
Madhya Pradesh,Ujjain,66.3,59.5,78.3,37.1,36.8,37.6,62.2,62.6,61.6,55.6,56.9,53.4,4.2,3.9,4.7,1.3,1.3,1.2,1.3,1.4,1.1,3.8,3.7,3.9,4.4,4.3,4.7,7.9,7.9,7.8,10.1,10.1,10,10.4,10.4,10.4
Madhya Pradesh,Umaria,82.7,82.9,81.5,52.4,54.9,35.9,26.5,25.1,35.5,32.9,29.7,53.6,4.3,3.6,8.7,1,0.5,3.9,0.7,0.2,3.5,5.8,5.9,5,5.5,5.5,4.9,7.5,7.5,7.6,9.3,9.3,9.1,12.3,12.4,11.9
Madhya Pradesh,Vidisha,76.5,76.8,75.9,40.2,42.4,34.3,49.7,49.1,51.5,48,43.5,60.4,23.1,23.1,23.4,19.9,20.4,18.5,20.2,20.7,18.9,4.5,4.6,4.2,5.2,5.3,4.9,7.1,7.2,7,8.4,8.4,8.4,10.9,11,10.9
Madhya Pradesh,West Nimar,82.4,82.1,84.2,45.9,45.1,50.9,48.5,49.7,41.7,48.1,48.8,44.2,7.5,6.6,12.7,3.8,3.2,7.6,3,2.7,4.5,4.3,4.3,4.4,4.5,4.5,4.5,7.4,7.5,6.7,9.5,9.6,9,9,9.2,7.6
Odisha,Anugul,75.13,75.33,74.14,15.88,15.84,16.11,83.4,83.16,84.6,77.75,77.64,78.33,9.98,10.81,5.7,5.29,5.87,2.28,4.44,4.78,2.66,2.55,2.58,2.37,2.92,2.93,2.87,7.19,7.15,7.42,10.28,10.36,9.89,9.52,9.53,9.46
Odisha,Balangir,69.72,69.78,68.98,23.31,23.85,16.67,72.57,71.99,79.63,73.97,74.08,72.69,8.38,7.54,18.52,3.83,3.8,4.17,2.26,2.06,4.63,2.88,2.92,2.48,2.78,2.75,3.08,7.01,7.06,6.39,9.46,9.51,8.97,8.48,8.52,8
Odisha,Baleshwar,84.09,83.69,87.75,27.88,28.12,25.84,69.28,69.14,70.53,55.25,54.69,60.26,11.39,11.59,9.6,2.07,2.04,2.32,1.45,1.35,2.32,3.72,3.73,3.62,4.12,4.14,3.92,7.13,7.17,6.82,9.6,9.59,9.68,8.8,8.82,8.61
Odisha,Bargarh,71.6,71.71,70.47,24.61,24.07,30.81,74.08,74.66,67.79,71.01,72.02,60.07,22.67,22.96,19.46,6.38,6.44,5.7,5.54,5.5,6.04,2.57,2.57,2.49,2.75,2.7,3.27,6.47,6.46,6.53,8.38,8.39,8.23,7.86,7.84,8.04
Odisha,Baudh,83.92,83.72,NA,44.45,44.23,NA,52.22,52.46,NA,49.77,50.53,NA,22.29,22.81,NA,8.23,8.48,NA,10.92,11.34,NA,4.08,4.03,NA,3.62,3.57,NA,6.48,6.46,NA,7.85,7.81,NA,7.68,7.63,NA
Odisha,Bhadrak,80.01,80.02,79.96,21.45,21.3,22.46,75.9,75.75,76.92,63.39,63.69,61.34,19.41,19.65,17.81,4.6,4.5,5.26,4.3,4.48,3.04,3.42,3.42,3.46,3.79,3.8,3.73,6.73,6.7,6.88,9.7,9.71,9.65,8.99,9.04,8.71
Odisha,Cuttack,82.01,83.67,76.6,39.23,38.25,42.35,52.08,53.23,48.36,47.37,47.11,48.21,9.71,9.39,10.76,3.59,3.54,3.74,4.04,3.79,4.84,4.03,4.03,4,4.77,4.8,4.69,7.47,7.57,7.15,9.48,9.42,9.66,8.99,9.15,8.47
Odisha,Debagarh,65.77,65.71,66.47,22.2,22.64,16.91,77.82,77.39,82.66,72.28,72.44,70.52,20.02,19.95,20.81,3.53,3.54,3.47,2.22,2.22,2.31,3,3.03,2.67,2.94,2.93,3.06,6.51,6.53,6.34,8.77,8.81,8.33,8.67,8.74,7.84
Odisha,Dhenkanal,73.82,74.5,65.52,18.91,19.35,13.79,81.12,80.95,83.25,77.85,77.77,78.82,48.99,49.45,43.35,6.49,6.73,3.45,5.18,5.28,3.94,2.68,2.69,2.63,3.21,3.22,3.09,5.58,5.57,5.63,10.09,10.06,10.42,9.71,9.67,10.12
Odisha,Gajapati,73.66,74.59,65.49,31.74,33.09,19.51,58.3,57.49,65.49,56.46,56.96,52.11,9.32,9.18,10.56,1.98,2.05,1.41,2.62,2.59,2.82,3.93,3.99,3.51,3.93,3.88,4.3,7.47,7.53,7.02,10.28,10.26,10.48,11.04,11.06,10.85
Odisha,Ganjam,71.34,70.28,77.82,23.84,24.41,20.21,70.97,70.39,74.48,65.88,67.15,58.16,19.17,18.53,23.01,5.42,5.55,4.6,4.74,4.83,4.18,2.88,2.88,2.86,3.73,3.64,4.26,6.87,6.88,6.86,9.14,9.14,9.09,9.47,9.41,9.8
Odisha,Jagatsinghapur,85.35,85.14,87.59,29.26,29.03,31.75,59.66,60.26,53.28,51.83,53,39.42,9.9,10.22,6.57,6.24,6.28,5.84,5.19,4.99,7.3,3.74,3.72,3.91,4.53,4.48,5.09,6.97,6.93,7.43,8.29,8.17,9.41,8.26,8.2,8.85
Odisha,Jajapur,76.15,76.05,NA,22.38,22.71,NA,76.21,75.95,NA,63.34,63.08,NA,19.61,19.82,NA,4.55,4.58,NA,3.88,3.84,NA,3.04,3.06,NA,3.66,3.67,NA,6.69,6.69,NA,10.5,10.49,NA,9.72,9.7,NA
Odisha,Jharsuguda,79.07,80.15,77.38,25.6,26.7,23.81,69.57,68.13,71.83,71.34,72.29,69.85,20.7,20.94,20.33,3.99,4.33,3.46,3.24,3.41,2.97,3.33,3.45,3.14,3.02,2.9,3.21,6.42,6.41,6.44,8.45,8.4,8.53,8.46,8.33,8.67
Odisha,Kalahandi,86.46,86.53,NA,40.72,41.82,NA,41.61,41.59,NA,51.58,51.71,NA,4.8,4.64,NA,1.46,1.61,NA,1.07,1.19,NA,4.75,4.77,NA,3.59,3.59,NA,7.34,7.33,NA,8.73,8.61,NA,8.45,8.42,NA
Odisha,Kandhamal,88.44,89.79,70.8,70.9,72.62,47,27.03,25.3,49.56,35.48,35.29,38.05,2.78,2.65,4.42,1.34,1.38,0.88,1.24,1.27,0.88,3.83,3.85,3.7,4.92,4.95,4.57,7.79,7.81,7.48,8.62,8.63,8.47,8.83,8.85,8.65
Odisha,Kendrapara,83.12,83.19,81.93,17.27,17.65,10.69,81.41,81.09,87.35,65.1,65.2,63.25,17.69,17.74,16.87,8.18,8.23,7.23,4.88,4.89,4.82,2.82,2.83,2.66,3.62,3.61,3.92,6.76,6.74,7.13,10.64,10.66,10.38,9.51,9.49,9.92
Odisha,Kendujhar,74.31,74.21,74.82,33.82,33.08,37.81,61.19,61.34,60.38,65.03,65.41,63.03,15.08,15,15.46,2.92,2.86,3.24,2.12,1.99,2.8,4.18,4.22,4,3.39,3.37,3.46,6.68,6.69,6.62,8.93,8.93,8.95,8.65,8.67,8.55
Odisha,Khordha,81.37,83.58,77.65,35,31.05,41.68,54.91,57.7,50.23,50.99,54.04,45.9,6.46,6.96,5.64,3.09,3.41,2.56,3.2,3.46,2.77,4.03,3.78,4.46,4.53,4.37,4.81,7.81,7.86,7.73,9.67,9.76,9.54,9.09,9.04,9.16
Odisha,Koraput,75.61,75.41,76.63,38.79,40.02,32.62,53.73,53.28,56.01,60.24,62.55,48.45,11.18,10.2,16.15,5.11,4.63,7.56,5.67,5.37,7.22,4.05,4.09,3.83,3.38,3.23,4.13,7.22,7.21,7.25,8.54,8.52,8.69,8.3,8.28,8.38
Odisha,Malkangiri,67.93,67.94,67.76,15.95,15.88,17.21,75.25,75.6,69.74,49.76,49.19,58.55,21.44,21.76,16.45,9.15,9.15,9.21,7.49,7.47,7.89,2.51,2.54,1.99,3.93,3.95,3.49,7.03,7.06,6.57,8.84,8.86,8.47,9.62,9.66,9.03
Odisha,Mayurbhanj,86.44,86.81,79.76,43.78,43.96,40.49,53.37,53.16,57.14,63.18,63.52,57.14,8.1,8.06,8.93,1.36,1.41,0.6,1.03,1.05,0.6,4.59,4.61,4.25,3.42,3.39,3.96,7.06,7.06,7.11,9.05,9.01,9.84,8.98,8.98,9.07
Odisha,Nabarangapur,79.81,80.16,NA,38.16,38.58,NA,50.99,50.71,NA,64.19,64.7,NA,10.22,10.29,NA,1.61,1.53,NA,2.07,2,NA,4.38,4.39,NA,2.58,2.55,NA,7.43,7.42,NA,9.35,9.33,NA,9.36,9.36,NA
Odisha,Nayagarh,79.44,79.61,NA,34.41,34.13,NA,57.52,57.55,NA,53.38,53.47,NA,7.42,7.47,NA,3.23,3.21,NA,2.8,2.82,NA,3.76,3.76,NA,4.46,4.45,NA,7.86,7.86,NA,9.97,9.98,NA,9.8,9.8,NA
Odisha,Nuapada,89.49,89.66,NA,50.53,50.93,NA,48.52,48.49,NA,33.5,33.46,NA,7.72,7.83,NA,1.07,1.12,NA,1.16,1.2,NA,3.99,3.98,NA,4.69,4.69,NA,7.44,7.44,NA,9.26,9.26,NA,9.66,9.66,NA
Odisha,Puri,85.36,85.71,83.22,37.21,35.06,50,53.77,55.67,42.11,47.01,48.02,40.79,7.34,7.03,9.21,2.63,1.98,6.58,3.23,2.96,4.93,4.33,4.29,4.63,4.93,4.89,5.22,7.67,7.61,8.03,10.09,10.11,9.95,8.89,8.75,9.71
Odisha,Rayagada,74.3,74.93,70.35,37.11,37.16,36.81,50.25,51.03,45.35,59.5,61.65,45.93,5.16,5.52,2.91,2.93,3.31,0.58,2.37,2.65,0.58,5,5.01,4.93,3.57,3.4,4.63,8.06,8.02,8.31,10.12,10.06,10.54,10.74,10.71,10.91
Odisha,Sambalpur,76.83,80.46,70.76,27.99,29.21,25.84,66.53,64.63,69.72,64.76,65.98,62.73,16.29,16.84,15.37,2.94,3.25,2.41,2.71,2.83,2.52,3.62,3.79,3.33,3.2,3.12,3.34,6.61,6.53,6.75,8.92,8.99,8.81,8.64,8.72,8.5
Odisha,Sonapur,92.08,91.71,97.37,27.55,27.57,27.2,62.15,62.36,59.21,69.06,68.82,72.37,16.61,17.47,4.61,7.08,7.54,0.66,7.25,7.63,1.97,3.47,3.46,3.67,2.84,2.83,3.06,6.79,6.75,7.29,7.71,7.67,8.21,7.75,7.7,8.36
Odisha,Sundargarh,76.51,77.84,73.21,30.98,30.78,31.47,58.34,58.02,59.12,57.11,59.59,50.94,15.45,16.1,13.84,3.34,3.83,2.14,3.01,3.25,2.39,4.15,4.18,4.07,3.95,3.77,4.39,6.64,6.62,6.71,8.14,8.07,8.3,8.26,8.24,8.29
Rajasthan,Ajmer,54.3,54.3,54.3,29.2,26.9,33.6,86.2,85.8,87,85.4,84.1,87.9,4.5,4.2,4.9,2.1,2.4,1.6,2.3,2.3,2.4,4.6,4.6,4.7,4.4,4.5,4.2,8.1,8.3,7.9,10.7,10.8,10.7,10.1,10.4,9.6
Rajasthan,Alwar,58,59.6,43.2,22.1,21.6,26.4,83.8,84.8,75,75.9,76.6,69.7,7.6,7.7,6.1,6.2,6,7.2,6.2,6.2,6.4,4.1,4.1,4.7,4.3,4.3,4.5,7.8,7.8,8.3,9.9,9.8,10.4,9.4,9.4,9.7
Rajasthan,Banswara,35.2,34.9,NA,36.4,35.9,NA,62.2,62.7,NA,54.9,55.5,NA,13.9,14,NA,5.6,5.4,NA,7.1,6.9,NA,4.3,4.3,NA,5.5,5.5,NA,8.3,8.3,NA,10,10.1,NA,9.9,9.9,NA
Rajasthan,Baran,53.4,53.4,53.4,41.8,39.8,53.7,53.8,55.7,41.9,38.2,39.2,32,10.2,11.3,3.1,7.2,7,8.7,3.8,3.7,4.7,5.5,5.4,6.2,6.2,6.2,6.2,8.9,8.8,9.3,10,10,10.1,10.6,10.5,11
Rajasthan,Barmer,62.1,61.7,67.8,30.4,30.4,30.7,70.3,71,61,48.8,48.7,49.6,8.5,8.4,8.9,5.4,4.9,11.4,4.7,4.1,14.4,4.9,4.9,5.1,6.4,6.4,6,8.9,8.9,8.7,10.6,10.6,10,10.9,10.9,10.2
Rajasthan,Bharatpur,49.6,50.6,45.1,8.6,8.3,10.2,92.6,92.7,92.1,79.3,78.7,82.3,9.2,8.2,13.3,3.6,3.1,6.2,3.8,3.1,7.4,3.5,3.5,3.2,4.5,4.6,4.2,7.7,7.8,7.1,10.4,10.5,9.8,9.7,9.9,8.9
Rajasthan,Bhilwara,48.3,47.4,52.9,43.3,43.5,42.2,53.9,54.3,52,45.9,46.9,40.8,9.6,9.3,11.2,5.7,5.2,8.1,5.6,4.8,9.4,5.1,5.1,5.2,6.1,6.1,6.1,8.7,8.7,8.7,9.8,9.7,10.2,9.9,9.8,10.2
Rajasthan,Bikaner,46.3,43.3,52.1,22.8,19.5,28.8,80.7,83.2,75.8,83.7,82.9,85.3,5.4,4.4,7.4,3.9,3.1,5.5,3.7,3,5,4.5,4.4,4.8,4,4.1,3.8,8.1,8.3,7.8,11,11,10.8,9.7,9.9,9.2
Rajasthan,Bundi,55.5,55.7,54.6,44.3,46.1,37.2,54,52.5,60,48.9,49.5,46.6,14.1,13.1,17.9,8.6,8.4,9.6,10.7,10.4,12,5.4,5.4,5.4,6,6,5.9,8.3,8.4,8.1,9.4,9.4,9.4,9.8,9.8,9.7
Rajasthan,Chittaurgarh,56.3,56.5,55.1,41.5,39.9,49.6,56.1,57.2,50.6,52.1,53.7,44.1,12.8,14.1,6.5,10.3,10.9,7.8,8.8,9.1,7.3,4.8,4.7,5.1,5.8,5.8,6.2,8.5,8.4,8.7,9.9,9.8,10.2,10.2,10.1,10.7
Rajasthan,Churu,68.8,68.2,70.5,28.1,28.7,26.5,78.4,78.4,78.4,82.3,78.7,92.4,5.3,5.6,4.5,2.4,2.7,1.5,2.6,3.1,1.1,4.8,4.8,5.1,4.5,4.8,3.7,8.5,8.6,8.2,11.1,11.1,10.9,10.5,10.5,10.5
Rajasthan,Dausa,68.4,68.4,68.8,13.1,12.9,15.4,89.5,89.6,87.9,91.2,91.2,91.5,4.8,4.3,9.9,2.8,2.5,6.4,2.6,2.5,4.3,4.1,4.2,3.9,3.9,4,3.6,8.2,8.2,7.6,10.6,10.6,10.1,10.6,10.7,10.3
Rajasthan,Dhaulpur,51.1,51.9,47.7,44,42.5,50.1,55.7,58,46.5,46.7,48.3,40.5,23.7,24.3,21.1,12.1,12.1,12.1,17.7,18,16.6,4.8,4.7,5.1,5.9,5.9,6,8,8,8.1,9.3,9.2,9.5,9.1,9,9.5
Rajasthan,Dungarpur,43.8,43.4,50.6,36.5,37,26.6,57.4,56.8,66.7,43.3,43.2,44.3,8.1,8.1,8.6,3.3,3.1,7.5,4.1,3.9,8,4.9,4.9,4.7,6.1,6.1,5.7,8.8,8.8,8.7,10.3,10.3,10,10.7,10.7,10.4
Rajasthan,Ganganagar,63.4,66.1,56.6,14.5,15.5,12.1,90,89.2,92,89,89.9,86.6,6.1,5.3,8.2,3.3,2.8,4.5,3.6,2.9,5.6,4.1,4.3,3.6,4.1,4.2,4,7.5,7.5,7.3,10,10,10,9,9,8.9
Rajasthan,Hanumangarh,68.7,71.3,60.3,14.5,15.1,12.6,85.1,84.7,86.6,86.6,86.6,86.6,4.8,4.6,5.3,1.9,2.1,1.4,1.5,1.7,1,4.6,4.6,4.6,4.6,4.7,4.1,8,8,7.9,10.8,10.8,11,9.8,9.8,9.9
Rajasthan,Jaipur,57,60.4,53.8,21.4,16.5,26,84.9,88.6,81.4,77.5,78.5,76.5,7.1,4.9,9.1,3.1,1.8,4.3,3.3,1.8,4.7,4.4,4.3,4.5,4.4,4.4,4.3,7.7,8,7.5,10.4,10.8,10.1,9.8,10.2,9.5
Rajasthan,Jaisalmer,38.8,36.6,51.6,28.8,26.8,41.4,74.1,74.2,73.7,81.7,81.2,84.7,7.8,7.9,6.8,4,4.4,1.6,4.1,4.4,2.1,4.7,4.7,5.2,4.9,4.9,4.7,8.3,8.3,8,10.5,10.6,10.5,10.5,10.6,10
Rajasthan,Jalor,45.8,46.1,41.6,33.7,33.7,33.7,60.9,60.6,64.7,52,51.9,52.6,12,12.3,8.9,3.2,3,5.3,4.4,4.3,5.8,5,5,4.7,6.1,6.1,6,8.7,8.6,8.9,10.1,10.1,10.7,10.2,10.2,11.1
Rajasthan,Jhalawar,66.6,66.6,66.2,46.9,45,59.3,50.8,53.2,35.8,45.1,46.5,36.1,13.9,15.2,5.4,11.7,12.4,7.7,8.5,8.5,8.7,5.4,5.3,6.1,5.9,5.9,6.1,8.7,8.6,9.3,9.7,9.6,10.5,10.3,10.2,11.1
Rajasthan,Jhunjhunun,68.6,67.6,72.2,10.8,10,13.7,87.8,88.5,85.1,84.2,85.9,78,5.3,6.1,2.4,3.2,3.8,1.1,3.2,3.7,1.3,4.2,4.1,4.5,4.6,4.5,5,8.1,8,8.3,10.5,10.4,10.8,9.9,9.8,10.3
Rajasthan,Jodhpur,48.6,46.9,51.9,28.1,26.1,31.9,81,83.1,76.8,70.8,72.4,67.6,5.8,5.5,6.5,3.1,2.3,4.6,2.8,1.9,4.6,4.6,4.6,4.8,5.5,5.6,5.4,8.5,8.5,8.4,10.8,10.9,10.7,10.5,10.6,10.5
Rajasthan,Karauli,53.1,50.9,64.4,45.5,45.6,45.5,44.4,43.5,49.1,36.5,34.8,44.7,8.7,8.7,8.8,7.7,7.5,8.8,8.9,8.8,9.3,5.1,5.1,5,6.3,6.4,6,8.6,8.7,8.3,9.8,9.8,9.8,9.8,9.9,9.5
Rajasthan,Kota,52.1,50.5,53.4,49.1,51,47.6,47.7,48.5,47,47.9,44.1,51.2,10.6,12.2,9.1,7.2,6.9,7.5,6.8,4.4,9,5.7,5.7,5.8,5.9,6.2,5.6,8.6,8.4,8.7,9.4,9.4,9.4,9.8,9.8,9.8
Rajasthan,Nagaur,76.6,76.8,75.8,27.1,29.5,15.5,81.9,81.1,85.9,70.4,70.1,72.2,4,4,4,2,2.3,0.4,2.2,2.5,0.9,5,5,4.9,5.6,5.6,5.6,8.7,8.7,8.7,11.1,11,11.3,10.4,10.4,10.3
Rajasthan,Pali,55.6,55.5,56,50.1,49.1,53.9,44.7,44.8,44.4,42.2,42.9,39.2,9.4,9,11.2,5.5,4.2,10.5,5.5,4.6,9.2,5.7,5.7,5.6,6.2,6.1,6.2,8.7,8.7,8.6,9.7,9.7,9.6,10.1,10.1,9.9
Rajasthan,Rajsamand,46.6,47.1,42.7,36.9,38.5,24.2,58.6,57.7,65.3,49.9,48.5,61.3,12.9,12.6,15.6,6.2,5.5,11.6,4.5,3.6,11.1,5.1,5.2,4.6,5.9,6,5.2,8.6,8.7,8.1,10.1,10.2,9.2,10.7,10.8,9.9
Rajasthan,Sawai Madhopur,52.7,53.6,49.3,63.7,64.3,61.4,34.3,33.2,38.4,30.9,30.2,33.5,13.3,13.8,11.3,11.1,11.1,10.9,11.1,11.4,9.9,5.9,6,5.6,6.8,6.9,6.7,8.4,8.4,8.3,9.3,9.3,9.4,9.3,9.3,9.6
Rajasthan,Sikar,45.6,46.3,43.5,20.3,19.9,21.8,86.7,86.5,87.3,79.7,79.2,81.4,9.1,9.4,8.2,6,6.5,4.2,6.1,6.4,5.2,4.3,4.3,4.4,4.8,4.8,4.6,7.9,8,7.8,10.1,10,10.4,9.7,9.6,10
Rajasthan,Sirohi,39.9,39.5,43.7,42.6,40.8,56.6,50.2,52.1,35,46.1,47.3,36.4,12,11.9,12.6,5.7,5.7,6.3,5.7,5.5,7.3,5.2,5.1,5.5,6,6,6.4,8.6,8.6,8.3,9.8,9.9,9.6,10.2,10.2,10
Rajasthan,Tonk,55.4,55.4,55.6,39.2,40.7,34.9,57.2,56.9,58.2,55.6,56.6,52.4,18.3,17.7,20.3,15.2,13.5,20.7,19.6,16.1,30.5,4.9,4.8,5.5,5.5,5.4,5.8,8.4,8.3,8.6,9.2,9.2,9.4,9.1,9.1,9.1
Rajasthan,Udaipur,44.3,41.6,56.9,37.9,36.7,43.3,60.2,61.7,53,44.6,45,43.1,10.5,9,17.1,6.9,6.4,9.3,9.6,9.3,11,5.3,5.3,5.6,6.2,6.2,6.2,8.6,8.6,8.2,9.8,9.8,9.4,10,10,9.7
Uttar Pradesh,Agra,35.82,32.36,39.55,9.04,5.62,12.56,69.9,73.36,66.18,77.67,77.55,77.81,8.48,8.42,8.55,4.85,4.65,5.06,4.11,4.27,3.93,1.52,1.28,1.78,2.54,2.56,2.52,7.64,7.67,7.61,10.32,10.37,10.27,10.31,10.41,10.19
Uttar Pradesh,Aligarh,29.53,25.85,39.07,10.3,7.98,15.77,79.1,81.53,72.81,70.93,73.68,63.8,8.19,8.19,8.2,7.24,7.72,6.01,6.27,6.79,4.92,2.06,1.85,2.59,2.96,2.74,3.52,7.71,7.73,7.65,10.4,10.51,10.13,10.55,10.62,10.35
Uttar Pradesh,Allahabad,34.75,35.42,30.52,14.15,14.8,9.85,63.36,62.79,66.9,58.21,58.69,55.16,14.75,13.5,22.54,6.63,5.74,12.21,11.39,10.4,17.61,2.27,2.35,1.78,2.79,2.79,2.82,6.02,6.13,5.33,9.85,10,8.92,6.37,6.48,5.72
Uttar Pradesh,Ambedkar Nagar,36.83,37.37,NA,15.46,14.95,NA,59.47,60.62,NA,53.9,53.96,NA,15.02,15.38,NA,7.6,7.97,NA,12.91,13.28,NA,2.66,2.65,NA,3.23,3.25,NA,6.48,6.47,NA,10.38,10.26,NA,6.71,6.7,NA
Uttar Pradesh,Auraiya,51.7,50.08,60.53,21.73,22.59,17.22,78.1,77.68,80.43,68.12,68.54,65.79,17.48,17.25,18.76,12.96,12.23,16.93,11.59,10.93,15.22,2.13,2.17,1.91,3.29,3.27,3.36,7.5,7.56,7.16,9.41,9.55,8.67,9.94,10.09,9.16
Uttar Pradesh,Azamgarh,27.93,28.54,20.18,19.85,20.07,16.81,64.25,63.68,71.51,56.14,55.73,61.42,15.08,14.5,22.55,7.82,7.27,14.84,14.06,13.7,18.69,2.86,2.9,2.31,3.54,3.58,3.02,6.29,6.34,5.57,9.58,9.68,8.44,6.5,6.55,5.97
Uttar Pradesh,Baghpat,40.2,40.19,40.23,22.37,22.38,22.35,69.25,69.02,70.11,55.14,54.04,59.2,9.06,8.36,11.64,7.47,7.24,8.33,6.86,6.89,6.75,2.85,2.88,2.73,4.16,4.2,3.99,7.83,7.88,7.63,9.72,9.76,9.58,10.49,10.55,10.26
Uttar Pradesh,Bahraich,43.53,42.96,57.44,24.03,23.76,30.16,81.59,81.75,77.68,77.03,77.31,70.24,13.71,13.79,11.9,10.25,10.37,7.14,6.6,6.59,6.85,1.71,1.69,2.06,2.4,2.39,2.81,7.28,7.28,7.12,9.51,9.51,9.56,9.75,9.75,9.9
Uttar Pradesh,Ballia,29.46,28.68,38.16,19.75,19.26,25,60.56,60.96,56.18,52.12,52.07,52.65,15.14,15.71,8.83,8.14,8.3,6.36,13.14,13.68,7.07,2.61,2.58,2.91,3.39,3.38,3.51,6.05,6.02,6.44,9.82,9.79,10.08,6.32,6.28,6.79
Uttar Pradesh,Balrampur,20.09,20.27,NA,10.77,10.89,NA,68.52,68,NA,59.06,58.33,NA,23.24,22.46,NA,5.88,5.92,NA,21.11,20.26,NA,2.51,2.52,NA,3.45,3.49,NA,5.95,5.97,NA,9.61,9.61,NA,6.16,6.19,NA
Uttar Pradesh,Banda,76.04,75.39,79.84,22.66,22.29,24.88,70.5,70.29,71.71,56.62,58.34,46.51,19.18,20.66,10.47,10.09,10.95,5.04,9.16,9.6,6.59,2.68,2.76,2.22,4.1,4.03,4.51,6.9,6.85,7.17,8.43,8.42,8.49,9.09,9.05,9.29
Uttar Pradesh,Barabanki,68.83,67.58,86,40.69,39.47,58.23,59.78,60.56,49,60.02,60.71,50.5,8.44,8.87,2.5,3.04,3.15,1.5,2.55,2.69,0.5,3.33,3.34,3.24,4.18,4.21,3.76,7.97,7.96,8.06,10.46,10.51,9.77,11.24,11.3,10.53
Uttar Pradesh,Bareilly,31.25,30.77,32.4,15.07,15.87,13.01,78.12,77.06,80.69,70.73,69.39,73.98,6.4,6.15,7.02,6.68,5.91,8.54,6.63,5.91,8.38,2.61,2.7,2.4,3.23,3.36,2.93,7.8,7.83,7.75,10.38,10.47,10.16,10.85,10.92,10.68
Uttar Pradesh,Basti,27.34,27.76,NA,18.47,18.25,NA,64.49,64.46,NA,59.07,59.12,NA,16.7,16.83,NA,8.91,9.14,NA,15.51,15.67,NA,2.66,2.64,NA,3.01,2.98,NA,6.25,6.24,NA,9.85,9.82,NA,6.42,6.42,NA
Uttar Pradesh,Bijnor,26.02,26.5,24.23,15.85,15.25,18,76.75,77.36,74.5,61.77,62.24,60.04,5.51,4.94,7.59,5.91,5.25,8.32,4.56,4.52,4.7,2.75,2.79,2.57,3.63,3.6,3.72,8.32,8.35,8.21,10.34,10.35,10.3,10.89,10.94,10.73
Uttar Pradesh,Budaun,22.38,22.93,19.68,9.14,9.88,5.44,84.04,83.42,87.08,78.02,77.12,82.5,7.18,7.71,4.57,7.38,7.07,8.95,6.71,6.42,8.15,2.27,2.33,1.97,2.73,2.79,2.44,7.9,7.89,7.91,10.13,10.13,10.1,10.83,10.84,10.77
Uttar Pradesh,Bulandshahar,29.59,30.93,26.66,13.49,13.09,14.42,73.19,70.76,78.49,72.46,70.42,76.89,11.45,11.08,12.24,5.06,4.44,6.41,4.78,4.13,6.18,2.63,2.72,2.44,3.48,3.6,3.21,7.46,7.49,7.4,9.46,9.49,9.39,9.92,10.01,9.72
Uttar Pradesh,Chandauli,27.39,27.11,30.5,27.36,27.2,29.26,61.68,61.81,60.21,63.66,63.45,66.05,18.01,17.46,24.14,4.83,4.85,4.51,16.04,15.55,21.49,2.78,2.76,2.91,3.26,3.24,3.43,6.12,6.14,5.93,8.95,8.98,8.62,6.32,6.35,6.04
Uttar Pradesh,Chitrakoot,65.51,64.71,77.22,19.75,20.02,15.87,77.54,77.38,79.92,63.51,63.6,62.16,12.63,12.91,8.49,7.8,7.89,6.56,7.3,7.38,6.18,2.58,2.6,2.24,3.64,3.65,3.41,7.16,7.14,7.47,8.98,8.98,9,9.4,9.38,9.69
Uttar Pradesh,Deoria,39.28,39.44,37.87,20.91,20.64,23.16,60.49,59.96,65.53,51.04,50.54,55.74,12.81,12.68,14.04,8.17,8.45,5.53,12,12.05,11.49,2.75,2.76,2.7,3.41,3.42,3.31,6.24,6.24,6.26,10.16,10.13,10.47,6.57,6.54,6.92
Uttar Pradesh,Etah,32.44,29.88,51.16,13.76,11.93,24.58,79.67,81.89,63.46,76.38,78.66,59.8,6.59,6.4,7.97,4.55,4.76,2.99,4.46,4.67,2.99,2.24,2.11,3.24,2.73,2.59,3.8,7.73,7.73,7.69,9.81,9.86,9.43,10.21,10.22,10.14
Uttar Pradesh,Etawah,59.31,57.87,65.68,24.77,24.19,27.29,69.94,70.53,67.31,65.68,67.22,58.84,17.51,18.58,12.78,9.35,9.75,7.58,8.18,8.66,6.09,2.66,2.7,2.49,4.1,4.1,4.1,7.15,7.06,7.57,9.08,9.05,9.2,9.83,9.79,9.99
Uttar Pradesh,Faizabad,46.53,45.94,52.26,16.44,16.93,11.89,64.74,64.54,66.67,53.95,53.37,59.67,13.21,12.29,22.22,7.71,7.16,13.17,11.7,10.59,22.63,2.7,2.75,2.18,3.45,3.5,2.94,6.31,6.38,5.64,9.89,10.03,8.45,6.47,6.58,5.43
Uttar Pradesh,Farrukhabad,43.56,40.6,55.59,20.16,17.23,31.33,74.79,78.01,61.73,68.07,70.46,58.38,19.04,19.26,18.16,12.61,13.31,9.78,11.11,11.85,8.1,2.33,2.17,3.03,3.11,3,3.58,7.36,7.41,7.14,9.52,9.58,9.27,9.79,9.83,9.64
Uttar Pradesh,Fatehpur,51.44,50.14,63.7,21.59,19.76,37.81,76.77,77.92,65.93,69.33,70.98,53.7,15.93,16.95,6.3,12.11,12.76,5.93,12.19,12.97,4.81,2.1,2.06,2.61,3.15,3.05,4.09,7.3,7.25,7.75,9.4,9.37,9.71,9.83,9.79,10.15
Uttar Pradesh,Firozabad,31.74,30.16,37.94,9.4,9.17,10.17,78.77,80.1,73.6,71.13,71.94,67.98,12.07,11.55,14.11,3.18,3.22,3.03,3.14,3.33,2.43,2.02,1.93,2.38,2.89,2.81,3.21,7.01,7.01,6.98,9.55,9.53,9.64,9.92,9.85,10.19
Uttar Pradesh,Gautam Buddha Nagar,34.1,31.97,39.6,19.24,18.35,21.49,68.49,70.74,62.66,53.42,55.34,48.46,11.34,12.54,8.23,9.18,10.25,6.42,8.08,8.87,6.06,3.16,3.04,3.45,4.4,4.3,4.68,7.37,7.28,7.6,9.33,9.28,9.45,9.51,9.43,9.73
Uttar Pradesh,Ghaziabad,33.46,31,35.29,16.4,17.75,15.36,74.88,73.72,75.74,70.55,68.03,72.43,8.96,7.83,9.8,6.63,5,7.84,5.88,4.49,6.92,2.72,2.82,2.65,3.39,3.59,3.24,7.69,7.86,7.56,10.47,10.45,10.48,10.66,10.81,10.55
Uttar Pradesh,Ghazipur,29.26,29.43,26.77,22.4,22.48,21.28,60.86,60.81,61.62,57.7,57.77,56.57,17.33,16.94,23.23,6.69,6.6,8.08,15.99,15.85,18.18,2.8,2.81,2.57,3.25,3.27,2.98,6.23,6.25,5.87,9.13,9.15,8.89,6.71,6.71,6.79
Uttar Pradesh,Gonda,45.03,43.25,85.5,56.26,56.41,53.59,60.86,61.21,53,80.08,80.65,67,9.46,9.56,7,4.62,4.7,3,4.08,4.13,3,1.76,1.72,2.68,2.32,2.28,3.23,7.9,7.9,7.85,9.93,9.95,9.37,9.94,9.97,9.21
Uttar Pradesh,Gorakhpur,31.55,31.07,33.13,22.94,21.54,27.14,56.7,57.57,53.9,48.69,49.08,47.41,14.43,14.22,15.07,7.05,7.17,6.66,13.16,13.13,13.23,2.78,2.65,3.2,3.48,3.34,3.92,6.12,6.14,6.08,9.75,9.67,10,6.23,6.24,6.22
Uttar Pradesh,Hamirpur,65,65.8,60.96,15.78,15.22,18.65,82.52,83.16,79.28,62.99,62.05,67.71,14.06,13.93,14.7,9.96,9.93,10.12,9.65,9.46,10.6,1.99,1.99,2.01,3.73,3.82,3.26,7.55,7.66,7.01,9.6,9.71,9.07,10.06,10.19,9.42
Uttar Pradesh,Hardoi,59.4,57.91,69.52,46.68,49.2,29.77,52.94,50.99,66.1,58.6,58.46,59.54,11.67,11.42,13.39,6.33,6.34,6.27,6.91,6.76,7.98,3.28,3.29,3.2,3.76,3.74,3.87,7.67,7.67,7.68,9.5,9.48,9.7,9.72,9.71,9.8
Uttar Pradesh,Hathras,29.64,30.71,25.15,11.06,11.38,9.67,85.68,85.31,87.22,84.11,82.82,89.45,6.44,6.72,5.27,3.83,3.58,4.87,3.72,3.4,5.07,1.53,1.62,1.12,2.14,2.29,1.5,8.16,8.22,7.9,10.49,10.53,10.35,10.79,10.77,10.87
Uttar Pradesh,Jalaun,63.87,65.13,59.53,28.71,28.12,30.88,70.2,70.11,70.5,62.99,61.81,67.09,24.79,24.16,26.98,19.08,18.78,20.14,18.11,18.09,18.17,2.54,2.62,2.22,3.52,3.56,3.39,6.73,6.87,6.26,8.82,8.88,8.64,10.28,10.25,10.38
Uttar Pradesh,Jaunpur,35.55,35.46,NA,23.8,24.37,NA,42.96,41.52,NA,46.5,46.35,NA,14.8,14.38,NA,6.45,5.68,NA,13.83,13.38,NA,2.63,2.74,NA,3.52,3.57,NA,6.18,6.26,NA,9.47,9.63,NA,6.32,6.4,NA
Uttar Pradesh,Jhansi,75.31,72.15,79.4,34.62,34.22,35.11,60.89,62.36,58.98,62.25,63.08,61.18,14.59,14.12,15.19,10.15,9.72,10.72,8.04,8.32,7.67,2.92,2.77,3.13,3.87,3.78,3.99,7.04,7.04,7.04,8.55,8.55,8.55,9.53,9.49,9.59
Uttar Pradesh,Jyotiba Phule Nagar,33.24,34.12,30.04,10.37,10.24,10.84,83.05,83.63,80.92,71.26,71.86,69.08,6.81,7.29,5.04,5.72,5.96,4.82,2.79,3.02,1.97,2.18,2.13,2.36,3.1,3.06,3.26,7.93,7.98,7.75,9.7,9.71,9.67,10.25,10.19,10.43
Uttar Pradesh,Kannauj,33.59,33.98,31.89,11.02,10.5,13.53,79.57,80.05,77.48,78.62,79.23,75.98,13.72,13.76,13.54,6.26,6.45,5.43,6.25,6.27,6.14,2.26,2.24,2.35,2.55,2.51,2.71,7.25,7.24,7.3,9.59,9.56,9.71,10.24,10.25,10.2
Uttar Pradesh,Kanpur Dehat,60.1,60.79,NA,26.54,25.78,NA,67.43,68.1,NA,64.1,64.41,NA,10.29,10.75,NA,6.83,6.88,NA,5.11,5.34,NA,2.92,2.9,NA,3.57,3.58,NA,7.48,7.41,NA,9.5,9.42,NA,9.92,9.84,NA
Uttar Pradesh,Kanpur Nagar,54.71,63.06,51.31,26.87,23.47,28.4,72.33,73.27,71.95,63.58,61.74,64.32,12.52,12.36,12.59,8.27,7.24,8.69,7.14,6.36,7.46,2.68,2.8,2.63,3.67,3.84,3.61,7.52,7.54,7.51,9.84,10.08,9.73,10.14,10.3,10.08
Uttar Pradesh,Kaushambi,27.61,27.14,34.22,16.87,16.97,15.04,64.13,65.52,44.89,58.38,59.29,45.78,19.67,20.06,14.22,7.52,7.55,7.11,17.37,17.72,12.44,2.64,2.64,2.7,3.3,3.32,2.9,6.28,6.28,6.38,8.96,8.98,8.77,6.44,6.44,6.38
Uttar Pradesh,Kheri,57.64,56.65,77.78,23.38,22.84,33.83,75.96,76.35,67.9,69.89,70.35,60.49,13.81,13.95,11.11,6.84,6.72,9.26,5.63,5.55,7.41,2.74,2.72,3.17,3.25,3.23,3.78,7.36,7.38,7.07,11.87,12.05,8.26,11.41,11.54,8.79
Uttar Pradesh,Kushinagar,25.02,25.05,NA,14.57,14.43,NA,61.5,61.71,NA,65.05,64.9,NA,24.28,24.23,NA,14.31,14.02,NA,23.8,23.71,NA,2.5,2.5,NA,2.76,2.77,NA,5.64,5.65,NA,8.89,8.93,NA,5.71,5.73,NA
Uttar Pradesh,Lalitpur,70.46,69.21,82.27,38.76,36.5,58.82,61.61,63.85,40.39,57.31,58.47,46.31,15.04,15.54,10.34,10.58,10.97,6.9,10.29,10.7,6.4,3.49,3.47,3.73,4.46,4.47,4.34,7.06,7.09,6.79,9.17,9.22,8.67,9.8,9.85,9.28
Uttar Pradesh,Lucknow,52.35,53.33,51.35,27.46,27.94,26.97,69.42,70.71,68.1,66.41,67.35,65.45,14.44,13.79,15.11,11.28,11.89,10.65,10.33,10.75,9.89,2.83,2.8,2.85,3.5,3.49,3.51,7.35,7.35,7.35,9.16,9.22,9.09,9.69,9.73,9.65
Uttar Pradesh,Maharajganj,32.72,31.95,NA,17.27,17.46,NA,61.15,61.1,NA,56.94,56.88,NA,19.06,18.97,NA,7.53,7.3,NA,17.13,16.93,NA,2.4,2.39,NA,2.92,2.88,NA,5.97,6,NA,9.36,9.42,NA,6.07,6.1,NA
Uttar Pradesh,Mahoba,70.36,72.57,65.52,27.76,28.28,26.45,75.71,74.33,78.74,59.85,56.59,66.95,13.32,13.02,13.98,10.15,9.36,11.88,10.76,9.85,12.74,2.05,2.24,1.64,3.79,4.07,3.19,7.41,7.5,7.21,9.24,9.37,8.92,9.96,10.07,9.72
Uttar Pradesh,Mainpuri,33.81,33.04,37.77,14.33,12.58,22.47,77.04,78.05,71.83,73.47,74.54,67.9,7.76,7.57,8.73,4.12,4.16,3.93,3.76,3.73,3.93,2.43,2.33,2.93,3.13,3.06,3.47,7.74,7.78,7.5,10.29,10.41,9.7,10.6,10.73,9.95
Uttar Pradesh,Mathura,32.09,31.38,33.59,9.23,11.86,3.37,87.17,88.16,85.07,73.37,71.61,77.09,6.98,5.16,10.81,1.44,1.21,1.93,1.46,1.3,1.8,1.32,1.25,1.48,2.69,2.83,2.37,7.73,7.85,7.46,10.65,10.79,10.34,10.74,10.95,10.31
Uttar Pradesh,Mau,30.41,32.24,23.79,28.26,28.53,27.08,50.88,51.7,47.9,49.37,50.94,43.7,15.04,14.77,16.02,6.25,6.64,4.82,12.97,12.72,13.84,2.53,2.58,2.33,3.16,3.19,3.04,6.2,6.24,6.07,9.67,9.6,9.94,6.52,6.57,6.35
Uttar Pradesh,Meerut,25.14,23.27,28.05,12.79,11.42,14.96,80.69,81.72,79.09,63.77,64.03,63.38,9.97,10.01,9.92,8.21,9.31,6.5,7.51,8.89,5.35,2.53,2.46,2.65,3.79,3.81,3.76,7.53,7.6,7.43,9.5,9.58,9.38,10.04,10.16,9.87
Uttar Pradesh,Mirzapur,31.05,30.51,35.71,11.29,11.34,10.85,67.52,67.21,70.24,61.84,61.56,64.29,15.6,15.2,19.05,4.23,4.1,5.36,13.01,12.73,15.48,2.57,2.61,2.19,3.19,3.24,2.79,6.32,6.37,5.92,9.45,9.47,9.29,6.62,6.67,6.23
Uttar Pradesh,Moradabad,32.51,30.21,38.23,11.79,12.06,11.14,82.19,81.95,82.79,67.8,66.56,70.86,9.31,8.55,11.19,2.65,2.61,2.75,3.11,3.22,2.85,2.48,2.58,2.22,3.43,3.54,3.15,7.32,7.38,7.18,9.69,9.7,9.65,10.53,10.59,10.38
Uttar Pradesh,Muzaffarnagar,37.27,38.91,32.16,24.95,22.93,31.12,60.75,60.86,60.39,51.52,50.84,53.65,6.91,7.55,4.92,5.37,5.75,4.21,5.12,5.87,2.81,3.19,3.16,3.29,4.21,4.22,4.17,8.18,8.17,8.23,9.86,9.82,9.96,10.26,10.18,10.49
Uttar Pradesh,Pilibhit,40.06,39.09,46.15,31.94,30.33,42.79,57.01,56.74,58.65,55.68,55.87,54.49,8.61,8.71,8.01,4.85,4.15,9.29,4.76,4.39,7.05,3.76,3.79,3.56,4.15,4.16,4.1,7.73,7.75,7.58,9.77,9.77,9.72,10.26,10.21,10.58
Uttar Pradesh,Pratapgarh,39.39,39.39,39.36,18.97,19.01,18.31,60.4,59.98,69.15,59.3,58.65,72.87,15.28,14.79,25.53,6.12,6.06,7.45,12.88,12.38,23.4,2.34,2.32,2.58,2.82,2.82,2.85,6.32,6.33,6.27,10.2,10.2,10.2,6.63,6.64,6.41
Uttar Pradesh,Rae Bareli,62.76,63.28,54.88,50.84,49.55,69.72,51.82,52.83,36.59,68.44,68.57,66.46,7.58,7.91,2.44,2.04,2.06,1.83,1.43,1.53,0,2.65,2.61,3.33,3.78,3.8,3.49,7.78,7.75,8.32,11.16,11.23,10.16,11.44,11.56,9.75
Uttar Pradesh,Rampur,24.33,24.92,22.21,14.83,15.32,12.88,77.61,75.86,83.94,67.75,65.94,74.3,9.3,8.06,13.83,3.33,3.44,2.93,4.2,4.09,4.61,2.75,2.88,2.28,3.23,3.32,2.91,7.66,7.7,7.51,9.64,9.7,9.43,10.59,10.58,10.61
Uttar Pradesh,Saharanpur,40.69,38.77,48.31,27.26,28.12,23.95,68.33,68.2,68.81,55.13,54.96,55.79,7.19,6.89,8.38,2.06,2.05,2.14,2.08,2.07,2.14,3.02,3.02,3.01,4.04,4.06,3.96,7.96,7.95,7.96,10,10.04,9.82,10.35,10.39,10.2
Uttar Pradesh,Sant Kabir Nagar,27.93,27.47,NA,12.33,11.84,NA,65.61,65.9,NA,59.28,59.94,NA,19.99,20.27,NA,12.62,12.89,NA,19.76,20.06,NA,2.28,2.25,NA,2.76,2.7,NA,5.61,5.56,NA,9.2,9.17,NA,5.7,5.65,NA
Uttar Pradesh,Sant Ravidas Nagar (Bhadohi),43.04,43.7,37.16,24.65,23.8,32.9,59.18,59.8,53.64,59.89,60.37,55.56,19.04,19.37,16.09,11.76,12.09,8.81,16.18,16.58,12.64,1.86,1.84,2.07,2.66,2.64,2.83,5.66,5.66,5.64,8.3,8.27,8.6,6.29,6.24,6.76
Uttar Pradesh,Shahjahanpur,41.23,39.97,49.39,9.13,8.52,12.83,78.27,79.53,70.04,72,73.83,60.12,6.88,7.22,4.66,5.57,6.02,2.63,4.31,4.5,3.04,2.54,2.49,2.91,2.9,2.79,3.58,7.65,7.61,7.91,10.03,10.01,10.16,10.13,10.15,10
Uttar Pradesh,Shrawasti,14.85,14.73,NA,13.76,13.95,NA,68.68,68.46,NA,59.76,59.63,NA,21.58,21.42,NA,7.28,7.24,NA,20.14,19.97,NA,2.43,2.44,NA,2.71,2.71,NA,5.85,5.86,NA,9.4,9.4,NA,5.95,5.97,NA
Uttar Pradesh,Siddharthnagar,21.6,21.42,NA,10.11,9.99,NA,68.11,68.15,NA,58.89,58.92,NA,19.43,19.58,NA,6,6.08,NA,17.08,17.18,NA,2.2,2.18,NA,2.91,2.89,NA,6.03,6.02,NA,9.32,9.31,NA,6.18,6.17,NA
Uttar Pradesh,Sitapur,54.94,56.03,43.91,23.77,24.15,19.7,70.25,69.86,74.17,69.29,69.24,69.74,17.53,17.48,18.08,12.39,12.51,11.07,12.83,12.78,13.28,2.94,2.99,2.46,4.53,4.61,3.79,7.22,7.21,7.28,10,10.04,9.63,10.4,10.5,9.5
Uttar Pradesh,Sonbhadra,22.25,22.37,20.81,17.92,17.41,25,56.85,57.45,49.66,54.53,54.77,51.68,16.96,17.6,9.4,6,6.23,3.36,13.32,13.71,8.72,3.72,3.77,2.97,3.65,3.69,3.13,6.11,6.08,6.42,9.08,9.05,9.47,6.78,6.73,7.39
Uttar Pradesh,Sultanpur,64.05,65.04,NA,25.35,24.57,NA,74.79,75.39,NA,69.09,68.84,NA,12.81,12.9,NA,7.33,7.48,NA,6.71,6.79,NA,2.63,2.65,NA,3.25,3.27,NA,8.03,7.99,NA,10.07,10.04,NA,10.32,10.29,NA
Uttar Pradesh,Unnao,51.72,50.58,58.17,23.95,22.96,29.86,70.66,70.92,69.21,63.02,64.07,57.11,15.7,14.09,24.84,12.2,11.95,13.59,10.87,10.58,12.53,3.24,3.3,2.89,3.72,3.7,3.8,7.55,7.67,6.86,9.49,9.49,9.44,9.99,10,9.93
Uttar Pradesh,Varanasi,26.43,27.34,25.17,15.5,14.63,16.75,66.88,67.37,66.2,62.65,62.28,63.17,15.78,14.92,16.97,4.09,2.84,5.83,13.93,13.29,14.83,2.6,2.65,2.53,3.16,3.23,3.06,6.3,6.35,6.23,9.56,9.64,9.45,6.53,6.66,6.37
Uttarakhand,Almora,81.67,82.5,66.05,37.42,37.08,44.44,61.94,62.13,58.3,58.05,58.23,54.61,10.16,10.25,8.49,2.21,2.21,2.21,4.5,4.49,4.8,4.15,4.17,3.9,4.27,4.28,4,6.3,6.31,6.2,8.15,8.17,7.91,7.05,7.05,7
Uttarakhand,Bageshwar,70.95,71.63,52.68,21.92,21.94,21.3,77.72,77.95,71.43,75.04,75.07,74.11,11.08,11.03,12.5,1.1,1.11,0.89,5.81,5.79,6.25,3.27,3.27,3.2,3.4,3.41,3.21,6.19,6.19,6.24,8.48,8.48,8.52,6.86,6.87,6.63
Uttarakhand,Chamoli,90.02,90.92,83.47,53.29,53.27,53.5,47.57,47.38,48.97,47.6,47.45,48.76,13.72,14.42,8.68,5.05,5.22,3.82,6.75,7.09,4.24,4.73,4.78,4.37,4.78,4.84,4.39,6.07,6.07,6.11,7.76,7.75,7.82,6.83,6.83,6.81
Uttarakhand,Champawat,66.99,65.57,75.81,53.49,52.31,61.08,47.88,49.01,40.86,48.62,49.53,43.01,8.1,8.89,3.23,0.82,0.69,1.61,3.49,4.06,0,4.49,4.49,4.46,4.51,4.53,4.4,6.31,6.3,6.37,8.75,8.75,8.76,6.98,6.91,7.47
Uttarakhand,Dehradun,52.91,55.51,50.52,50.48,51.1,49.89,38.89,37.98,39.73,49.94,46.78,52.86,11.79,10.25,13.2,7.23,6.28,8.1,8.14,6.71,9.46,3.8,3.94,3.67,3.82,4.11,3.55,5.98,6.12,5.86,8.07,8.12,8.03,7.63,7.76,7.5
Uttarakhand,Haridwar,41.61,40.12,45.1,29.99,29.36,31.34,42.52,37.42,54.48,49.15,44.98,58.96,8.99,7.32,12.9,4.35,4.03,5.12,4.87,4.63,5.44,3,3.19,2.62,3.37,3.44,3.22,6.52,6.67,6.22,8.21,8.2,8.24,8.1,8.14,8.02
Uttarakhand,Nainital,67.96,71.33,62.26,33.62,35.28,30.74,64.32,63.35,65.96,60.52,58.45,64.01,9.07,10.4,6.83,3.01,3.42,2.32,7.37,8.84,4.89,3.8,3.96,3.54,4.05,4.18,3.82,6.27,6.21,6.36,8.08,8.08,8.08,6.87,6.85,6.89
Uttarakhand,Pauri Garhwal,76.36,77.98,65.37,30.44,31.15,25.55,52.17,51.25,58.34,57.42,57.1,59.6,16.45,16.29,17.57,11.03,11.19,9.91,12.43,12.26,13.55,2.95,3.04,2.38,3.71,3.76,3.42,5.79,5.81,5.68,7.66,7.58,8.17,6.78,6.78,6.77
Uttarakhand,Pithoragarh,79.83,81.71,68.64,43.57,43.29,45.28,56.22,56.41,55.07,54.43,54.74,52.57,5.28,5.3,5.15,0.51,0.5,0.62,2.57,2.38,3.74,4.5,4.48,4.65,4.58,4.55,4.75,6.37,6.34,6.54,8.62,8.6,8.73,6.89,6.89,6.85
Uttarakhand,Rudraprayag,90.81,90.88,NA,43.21,43.2,NA,57.64,57.63,NA,56.98,56.98,NA,7.96,7.92,NA,2.31,2.3,NA,4.6,4.61,NA,4.04,4.04,NA,4.2,4.2,NA,6.22,6.22,NA,8.01,8.01,NA,6.88,6.88,NA
Uttarakhand,Tehri Garhwal,74.09,76.31,56.55,33.79,33.66,34.78,46.3,45.83,49.94,49.58,48.95,54.54,12.42,12.03,15.45,6.81,6.84,6.61,7.52,7.32,9.07,3.7,3.72,3.56,3.94,3.95,3.87,6.21,6.22,6.11,8.1,8.1,8.05,7.72,7.71,7.83
Uttarakhand,Udham Singh Nagar,63.59,63.42,64.01,32.86,35.39,26.37,69.79,67.5,75.52,67.86,65.67,73.35,10.51,9.92,12,3.51,3.11,4.51,5.19,4.5,6.92,2.83,3.03,2.35,3.17,3.36,2.7,6.39,6.43,6.28,8.12,8.22,7.87,7.29,7.31,7.24
Uttarakhand,Uttarkashi,78.6,79.48,70.74,41.26,38.87,61.8,40.91,42.13,30,47.39,47.68,44.81,7.94,8.32,4.44,4.59,4.9,1.85,4.32,4.59,1.85,4.25,4.23,4.45,4.14,4.16,3.93,6.4,6.39,6.4,7.74,7.69,8.22,7.67,7.64,7.93

