﻿State_Name,State_District_Name,YY_Crude_Death_Rate_Cdr_Total_Person,YY_Crude_Death_Rate_Cdr_Total_Male,YY_Crude_Death_Rate_Cdr_Total_Female,YY_Crude_Death_Rate_Cdr_Rural_Person,YY_Crude_Death_Rate_Cdr_Rural_Male,YY_Crude_Death_Rate_Cdr_Rural_Female,YY_Crude_Death_Rate_Cdr_Urban_Person,YY_Crude_Death_Rate_Cdr_Urban_Male,YY_Crude_Death_Rate_Cdr_Urban_Female,YY_Infant_Mortality_Rate_Imr_Total_Person,YY_Infant_Mortality_Rate_Imr_Total_Male,YY_Infant_Mortality_Rate_Imr_Total_Female,YY_Infant_Mortality_Rate_Imr_Rural_Person,YY_Infant_Mortality_Rate_Imr_Rural_Male,YY_Infant_Mortality_Rate_Imr_Rural_Female,YY_Infant_Mortality_Rate_Imr_Urban_Person,YY_Infant_Mortality_Rate_Imr_Urban_Male,YY_Infant_Mortality_Rate_Imr_Urban_Female,YY_Neo_Natal_Mortality_Rate_Total,YY_Neo_Natal_Mortality_Rate_Rural,YY_Neo_Natal_Mortality_Rate_Urban,YY_Post_Neo_Natal_Mortality_Rate_Total,YY_Post_Neo_Natal_Mortality_Rate_Rural,YY_Post_Neo_Natal_Mortality_Rate_Urban,YY_Under_Five_Mortality_Rate_U5MR_Total_Person,YY_Under_Five_Mortality_Rate_U5MR_Total_Male,YY_Under_Five_Mortality_Rate_U5MR_Total_Female,YY_Under_Five_Mortality_Rate_U5MR_Rural_Person,YY_Under_Five_Mortality_Rate_U5MR_Rural_Male,YY_Under_Five_Mortality_Rate_U5MR_Rural_Female,YY_Under_Five_Mortality_Rate_U5MR_Urban_Person,YY_Under_Five_Mortality_Rate_U5MR_Urban_Male,YY_Under_Five_Mortality_Rate_U5MR_Urban_Female
Assam,Barpeta,6.6,8.1,5.1,6.7,8.1,5.3,6.1,8.7,3.4,43,51,34,44,51,38,NA,NA,NA,31,32,NA,11,12,NA,58,68,48,62,70,53,NA,NA,NA
Assam,Bongaigaon,6.1,7.8,4.4,6.3,8,4.5,5,6.3,3.7,48,47,48,50,50,51,NA,NA,NA,27,28,NA,21,22,NA,61,60,62,65,65,66,NA,NA,NA
Assam,Cachar,7.3,8.2,6.3,7.4,8.3,6.5,6.5,7.7,5.4,53,52,54,56,54,58,37,39,35,35,38,21,17,18,16,69,68,70,74,73,75,44,44,43
Assam,Darrang,8.1,8.4,7.7,8.1,8.5,7.8,6.9,6.8,7.1,70,69,71,71,70,72,NA,NA,NA,40,41,NA,30,30,NA,91,92,91,93,93,93,NA,NA,NA
Assam,Dhemaji,4.5,5.3,3.7,4.5,5.3,3.7,4.2,5.2,3.2,37,37,37,38,38,38,21,30,12,25,27,10,11,11,12,45,44,46,47,44,49,25,36,12
Assam,Dhubri,7,8.4,5.5,7.3,8.8,5.6,5.4,6.1,4.7,69,67,70,70,71,70,NA,NA,NA,50,51,NA,18,19,NA,87,86,89,90,92,87,NA,NA,NA
Assam,Dibrugarh,7.4,8.5,6.3,7.9,9,6.9,5.8,7.1,4.5,51,51,51,52,54,51,44,38,52,34,37,22,17,15,23,65,64,66,70,71,68,51,39,62
Assam,Goalpara,6.7,7.9,5.3,6.7,7.9,5.5,5.9,7.8,3.9,53,53,53,55,54,56,NA,NA,NA,38,40,NA,15,16,NA,70,72,69,74,74,73,NA,NA,NA
Assam,Golaghat,8,8.8,7.2,8.3,9.2,7.3,6,5.9,6.1,56,55,57,59,58,60,NA,NA,NA,43,45,NA,13,14,NA,71,69,73,75,74,77,NA,NA,NA
Assam,Hailakandi,6.8,7.6,6,6.9,7.6,6.1,NA,NA,NA,52,56,48,54,56,52,NA,NA,NA,36,38,NA,16,16,NA,87,91,82,92,96,88,NA,NA,NA
Assam,Jorhat,7.9,8.8,7.1,8.2,9.1,7.3,7.1,7.9,6.4,50,48,52,52,51,53,45,39,50,39,41,33,11,11,12,62,62,62,66,68,65,48,42,55
Assam,Kamrup,5.6,6.4,4.7,7.4,8.1,6.5,3.9,4.7,3,39,41,38,57,60,55,16,16,16,25,36,12,14,22,5,49,50,48,74,75,74,19,20,18
Assam,Karbi Anglong,7.1,8.1,6.1,7.3,8.2,6.4,6.4,7.6,5.1,60,51,70,64,53,75,45,41,49,38,39,34,22,25,11,78,66,90,84,71,98,52,46,58
Assam,Karimganj,7,7.4,6.5,7.1,7.6,6.6,NA,NA,NA,65,61,69,66,62,71,NA,NA,NA,44,45,NA,21,21,NA,77,71,83,79,73,85,NA,NA,NA
Assam,Kokrajhar,7.6,8.1,7,7.8,8.4,7.2,5.4,5.2,5.6,74,78,71,78,82,73,NA,NA,NA,43,46,NA,31,32,NA,101,102,100,107,108,105,NA,NA,NA
Assam,Lakhimpur,6.7,7.9,5.5,7,8.1,5.9,4.3,5.8,2.7,48,43,53,50,46,54,NA,NA,NA,33,35,NA,15,15,NA,58,56,60,61,60,62,NA,NA,NA
Assam,Marigaon,8,8.6,7.4,8.1,8.7,7.6,6,7.2,4.7,63,65,60,64,66,62,20,31,9,41,42,16,22,22,4,78,81,76,80,83,78,23,31,15
Assam,Nagaon,8,9.2,6.7,8.3,9.4,7.1,6.8,8.5,5.1,62,60,63,65,63,66,45,42,49,40,41,33,22,24,12,79,76,82,85,82,87,48,44,51
Assam,Nalbari,7.3,8.3,6.3,7.4,8.4,6.4,3.9,5.5,2.3,58,58,58,59,59,59,NA,NA,NA,46,46,NA,12,12,NA,81,81,82,83,83,83,NA,NA,NA
Assam,North Cachar Hills,5.6,6.2,5,7.1,7.8,6.2,4.4,4.7,4,54,50,58,62,56,68,46,44,48,33,36,30,21,25,16,65,60,70,81,71,93,50,50,50
Assam,Sibsagar,8.1,9.4,6.7,8.2,9.5,6.8,6.6,8.2,4.8,56,54,59,59,57,61,NA,NA,NA,38,40,NA,19,19,NA,72,72,73,74,73,75,NA,NA,NA
Assam,Sonitpur,6.4,6.9,5.9,6.5,7,6.1,5.5,6.6,4.4,61,60,63,64,62,66,35,35,35,43,45,21,18,19,14,73,70,75,77,74,79,39,37,40
Assam,Tinsukia,7.5,8.3,6.7,7.7,8.4,7,6.6,7.6,5.6,50,50,50,52,53,51,42,37,47,35,35,35,15,17,6,66,65,66,69,69,69,50,46,55
Bihar,Araria,7.5,7.3,7.6,7.5,7.3,7.7,6.5,6.5,6.5,52,50,54,53,51,55,NA,NA,NA,41,41,NA,12,12,NA,76,72,80,78,74,82,NA,NA,NA
Bihar,Aurangabad,5.6,5.8,5.5,5.7,5.9,5.4,5.5,4.8,6.1,40,42,39,40,42,38,NA,NA,NA,25,25,NA,15,15,NA,51,50,52,51,50,51,NA,NA,NA
Bihar,Banka,5.6,5.8,5.3,5.6,5.8,5.4,5.5,5.8,5.2,44,46,41,43,46,41,NA,NA,NA,28,28,NA,16,15,NA,57,59,56,57,59,56,NA,NA,NA
Bihar,Begusarai,5.9,6.2,5.7,6,6.3,5.8,4.9,5.4,4.4,40,39,41,40,40,40,NA,NA,NA,23,23,NA,17,17,NA,61,58,64,62,60,65,NA,NA,NA
Bihar,Bhagalpur,4.7,4.9,4.6,4.7,4.8,4.6,4.8,5.1,4.5,49,53,46,51,54,47,44,49,37,28,28,27,21,22,16,64,67,60,67,70,63,50,56,45
Bihar,Bhojpur,5.4,5.7,5.1,5.5,5.8,5.3,5.1,5.7,4.4,41,41,42,41,41,42,43,43,42,25,25,24,16,16,18,55,52,57,56,54,59,46,43,49
Bihar,Buxar,6.2,6.5,6,6.3,6.5,6,5.8,5.8,5.8,48,51,45,48,52,45,44,39,49,29,29,19,19,19,25,70,72,68,72,76,69,50,39,61
Bihar,Darbhanga,8.5,8.3,8.6,8.5,8.3,8.6,8.7,9.1,8.3,44,43,46,43,42,44,63,45,81,28,28,29,16,15,34,77,70,85,77,70,85,76,61,90
Bihar,Gaya,6.8,7.4,6.2,7,7.6,6.3,6.2,6.6,5.8,49,51,48,50,51,50,44,47,41,28,29,23,21,21,21,62,63,62,65,65,65,54,56,51
Bihar,Gopalganj,6.2,6.4,5.9,6.2,6.6,5.9,5.1,4,6.2,46,44,48,46,46,47,36,18,58,36,37,30,9,10,7,59,54,64,60,57,64,40,25,58
Bihar,Jamui,6,6.5,5.5,6,6.6,5.5,5.7,6,5.4,51,50,52,51,50,52,NA,NA,NA,29,29,NA,21,22,NA,69,71,66,70,73,67,NA,NA,NA
Bihar,Jehanabad,5.3,5.4,5.2,5.3,5.5,5.1,5.4,4.8,5.9,47,46,48,48,47,50,36,35,36,26,27,22,21,22,13,61,58,64,62,59,66,44,43,44
Bihar,Kaimur (Bhabua),5.3,5.3,5.4,5.3,5.3,5.4,5,5.6,4.5,48,51,44,48,51,44,NA,NA,NA,25,25,NA,23,23,NA,64,68,61,65,68,62,NA,NA,NA
Bihar,Katihar,6.3,6.8,5.9,6.3,6.7,5.9,6.7,7,6.4,52,54,50,52,54,50,46,46,45,38,38,41,14,14,5,79,81,77,80,83,78,58,52,64
Bihar,Khagaria,9.1,8.8,9.5,9.3,8.9,9.6,6.6,6.3,6.9,59,59,59,60,60,60,NA,NA,NA,44,45,NA,14,15,NA,95,90,100,97,93,102,NA,NA,NA
Bihar,Kishanganj,6.3,6.7,5.9,6.5,6.9,6.1,4.9,5.2,4.6,56,57,56,58,57,59,NA,NA,NA,44,46,NA,12,12,NA,84,87,81,88,91,86,NA,NA,NA
Bihar,Lakhisarai,5.9,6,5.8,5.9,6,5.8,6.1,6.5,5.8,45,44,46,46,45,47,NA,NA,NA,25,25,NA,20,21,NA,62,60,65,64,63,65,NA,NA,NA
Bihar,Madhepura,7,6.8,7.3,7,6.8,7.2,8.2,6.7,10,64,63,65,65,64,66,NA,NA,NA,45,46,NA,19,19,NA,92,86,99,93,87,100,NA,NA,NA
Bihar,Madhubani,7.1,7,7.2,7,6.9,7.2,8.4,9.3,7.3,48,42,55,48,42,55,NA,NA,NA,30,30,NA,19,18,NA,66,59,74,66,58,74,NA,NA,NA
Bihar,Munger,6.2,6.7,5.8,6.3,6.7,5.8,6.2,6.6,5.7,43,42,44,44,43,45,40,40,41,26,27,23,17,17,17,57,57,58,62,62,61,47,44,49
Bihar,Muzaffarpur,8.5,8,8.9,8.8,8.2,9.3,5,5.7,4.3,55,52,60,58,53,62,NA,NA,NA,36,38,NA,19,20,NA,84,74,95,89,77,100,NA,NA,NA
Bihar,Nalanda,7.5,8.2,6.8,7.6,8.2,7,6.9,7.9,5.9,47,49,44,47,49,45,44,46,42,23,23,29,23,24,15,73,75,71,75,77,72,63,64,61
Bihar,Nawada,5.7,6.1,5.3,5.8,6.2,5.4,4.8,5,4.5,46,47,46,46,46,47,NA,NA,NA,28,28,NA,18,18,NA,53,53,53,53,53,54,NA,NA,NA
Bihar,Pashchim Champaran,8.6,8.3,8.9,8.4,8.1,8.7,10.9,10.6,11.3,48,42,53,46,40,52,NA,NA,NA,32,31,NA,16,15,NA,72,64,80,71,63,79,NA,NA,NA
Bihar,Patna,4.7,4.5,4.9,4.9,4.8,5,4.6,4.3,4.9,31,30,33,35,34,37,25,23,27,18,20,14,14,16,11,46,44,48,58,57,60,29,27,32
Bihar,Purba Champaran,7.6,7.4,7.8,7.6,7.6,7.6,7.5,6.2,9.1,48,48,48,46,47,45,NA,NA,NA,32,30,NA,16,16,NA,65,61,69,62,60,64,NA,NA,NA
Bihar,Purnia,7,7.1,6.8,7.2,7.1,7.2,6,7.2,4.7,53,52,54,52,50,55,NA,NA,NA,40,41,NA,13,11,NA,91,90,92,94,90,98,NA,NA,NA
Bihar,Rohtas,6.4,6.9,6,6.5,6.9,6,6.1,6.2,6,44,43,46,44,43,45,47,40,55,25,25,30,19,19,17,59,58,60,60,60,60,49,44,55
Bihar,Saharsa,7.4,7,7.9,7.9,7.4,8.4,4.7,4.8,4.6,55,55,55,55,56,54,NA,NA,NA,37,38,NA,18,17,NA,82,75,88,83,78,88,NA,NA,NA
Bihar,Samastipur,6.6,6.6,6.6,6.7,6.7,6.8,4.2,4.1,4.3,49,44,55,50,45,56,NA,NA,NA,34,35,NA,15,15,NA,71,65,78,73,66,81,NA,NA,NA
Bihar,Saran,7.3,7.6,7,7.4,7.8,7.1,6.5,6.7,6.3,49,45,53,48,43,53,54,54,54,36,35,42,13,13,12,63,58,69,63,57,70,66,68,64
Bihar,Sheikhpura,7.6,8,7.3,7.7,8,7.4,7.3,7.8,6.6,51,47,55,51,47,55,52,49,56,23,22,29,28,29,23,72,68,77,74,70,78,62,57,68
Bihar,Sheohar,7.4,7,7.9,7.5,7,8,6.5,5.7,7.3,43,36,51,44,36,52,NA,NA,NA,28,28,NA,16,16,NA,79,67,92,80,68,94,NA,NA,NA
Bihar,Sitamarhi,9.2,9.3,9.1,9.5,9.5,9.4,6.2,6.9,5.5,60,61,60,63,63,62,NA,NA,NA,39,42,NA,21,21,NA,97,92,103,102,97,107,NA,NA,NA
Bihar,Siwan,7.3,7.8,6.8,7.4,7.9,7,6.3,6.7,5.9,43,44,42,45,45,44,NA,NA,NA,32,33,NA,11,11,NA,66,67,65,70,70,69,NA,NA,NA
Bihar,Supaul,6.3,6.6,5.9,6.4,6.6,6.1,4.6,5.8,3.1,58,58,59,60,60,60,NA,NA,NA,42,44,NA,17,16,NA,82,82,82,84,84,84,NA,NA,NA
Bihar,Vaishali,7.4,7.6,7.3,7.5,7.6,7.4,6.3,7.5,5,40,40,41,39,39,39,75,48,105,29,28,38,12,11,38,60,54,67,59,53,65,96,64,130
Chhattisgarh,Bastar,7.38,8.86,5.88,7.37,8.86,5.86,7.46,8.78,6.08,39.56,37.09,42.22,40.86,38.92,42.92,NA,NA,NA,25.53,26.89,NA,14.03,13.97,NA,52,51,52,54,54,53,NA,NA,NA
Chhattisgarh,Bilaspur,6.96,7.49,6.4,7.29,7.51,7.06,6.29,7.44,5.07,38.39,37.34,39.53,36.97,35.68,38.35,41.84,41.3,42.44,26.73,25.5,29.71,11.66,11.47,12.13,50,48,52,52,49,55,47,47,46
Chhattisgarh,Dantewada,8.51,10.08,6.95,8.42,9.81,7.05,9.19,12.06,6.25,43.99,40.09,48.23,47,42.92,51.36,20.97,20.17,21.98,29.1,30.58,17.74,14.89,16.41,3.23,61,55,67,65,59,72,26,27,25
Chhattisgarh,Dhamtari,7.47,8.05,6.89,7.45,7.98,6.92,7.62,8.56,6.7,47.2,45.99,48.42,48.95,48.31,49.59,31.11,24.1,37.9,35.62,36.76,25.19,11.58,12.19,5.93,56,56,56,58,59,58,35,27,44
Chhattisgarh,Durg,6.17,6.56,5.78,6.82,6.93,6.72,4.99,5.9,4.05,34.93,29.24,40.64,42.82,35.33,50.29,18.41,16.64,20.21,24.34,29.47,13.61,10.58,13.35,4.8,43,34,51,52,42,63,23,19,26
Chhattisgarh,Janjgir-Champa,7.31,7.63,6.98,7.51,7.82,7.2,5.58,6.03,5.12,46.14,41.34,51.5,47.95,42.8,53.78,NA,NA,NA,32.02,33.92,NA,14.12,14.02,NA,58,56,61,60,59,62,NA,NA,NA
Chhattisgarh,Jashpur,9.1,9.26,8.94,9.28,9.44,9.11,4.57,4.77,4.34,56.17,50.97,61.47,57.35,52.09,62.7,NA,NA,NA,35.6,36.41,NA,20.57,20.94,NA,84,76,93,87,78,96,NA,NA,NA
Chhattisgarh,Kanker,5.68,6.04,5.31,5.74,6.1,5.39,4.09,4.72,3.43,45.72,38.37,53.87,46.1,38.21,54.8,NA,NA,NA,26.96,27.08,NA,18.76,19.02,NA,62,61,64,63,61,65,NA,NA,NA
Chhattisgarh,Kawardha,8.48,9.05,7.9,8.73,9.33,8.13,6.88,7.31,6.44,57.25,59.01,55.48,58.02,60.66,55.36,NA,NA,NA,42.4,41.9,NA,14.85,16.12,NA,73,73,72,74,76,72,NA,NA,NA
Chhattisgarh,Korba,6.31,6.86,5.74,7.47,8.14,6.79,4.56,4.96,4.13,48.14,47.99,48.29,55.82,56.01,55.62,32.42,31.65,33.18,38.19,44.32,25.63,9.95,11.5,6.78,57,57,57,66,66,67,38,38,38
Chhattisgarh,Koriya,6.42,6.73,6.08,6.63,6.74,6.52,5.89,6.72,4.97,51.82,48.63,55.43,57.12,52.13,62.76,32.31,35.81,28.3,36.19,40.43,20.56,15.64,16.69,11.75,67,65,70,75,73,78,41,42,40
Chhattisgarh,Mahasamund,8.45,8.97,7.93,8.54,8.94,8.15,7.65,9.24,6.05,57.25,50.93,63.96,58.63,51.33,66.47,43.59,46.88,40.4,38.31,39.07,30.77,18.94,19.56,12.82,68,65,72,70,67,74,49,47,51
Chhattisgarh,Raigarh,7.75,8.22,7.27,8.05,8.49,7.6,5.9,6.56,5.24,55,50.99,59.04,54.45,50.6,58.27,58.67,53.44,64.43,39.38,38.29,46.67,15.62,16.17,12,67,64,71,68,65,72,60,56,64
Chhattisgarh,Raipur,6.81,7.22,6.39,7.14,7.35,6.92,6.03,6.9,5.11,44.98,42.97,47.04,46.23,44.59,47.9,41.37,38.3,44.52,36.03,37.53,31.66,8.95,8.69,9.71,55,53,58,58,55,61,48,47,49
Chhattisgarh,Rajnandgaon,7.57,8.14,6.98,7.75,8.29,7.2,6.67,7.41,5.92,48.78,46.85,50.67,50.83,49.37,52.24,34.13,29.7,38.87,38.05,39.31,29.01,10.73,11.52,5.12,57,54,60,60,57,62,39,36,42
Chhattisgarh,Surguja,8.61,8.95,8.25,8.94,9.31,8.55,4.64,4.73,4.54,50.46,48.57,52.55,51.78,50.24,53.48,NA,NA,NA,28.69,29.15,NA,21.77,22.63,NA,90,89,91,93,92,95,NA,NA,NA
Jharkhand,Bokaro,5.4,5.7,5.1,6.4,6.6,6.1,4.6,5,4.2,28,27,29,35,36,35,19,16,22,20,27,12,8,8,7,38,37,38,50,52,48,24,22,28
Jharkhand,Chatra,4.5,4.6,4.4,4.5,4.6,4.5,4,4.5,3.4,42,40,45,43,41,45,NA,NA,NA,25,25,NA,18,18,NA,53,49,57,54,50,58,NA,NA,NA
Jharkhand,Deoghar,4.3,4.8,3.8,4.5,5.1,3.8,3.8,3.5,4,31,27,34,31,27,35,31,30,32,16,16,12,15,14,19,40,37,43,41,38,45,35,33,37
Jharkhand,Dhanbad,5.2,5.5,4.9,6.3,6.5,6.2,4.4,4.8,4,26,25,27,35,36,33,19,16,21,20,27,14,6,7,5,37,35,39,52,53,51,25,21,30
Jharkhand,Dumka,6.7,7,6.3,6.7,7.1,6.4,6,6.3,5.6,45,44,46,45,45,46,NA,NA,NA,33,33,NA,12,13,NA,55,50,60,55,50,61,NA,NA,NA
Jharkhand,Garhwa,4.6,4.7,4.4,4.6,4.7,4.5,4.2,4.8,3.6,33,35,31,33,35,32,NA,NA,NA,19,20,NA,13,13,NA,47,49,44,47,49,44,NA,NA,NA
Jharkhand,Giridih,4.1,4.6,3.6,4.1,4.6,3.6,4.3,4.6,3.9,28,28,28,29,29,29,NA,NA,NA,18,18,NA,10,11,NA,37,37,37,38,38,38,NA,NA,NA
Jharkhand,Godda,6.7,6.8,6.6,6.8,6.9,6.7,4.7,4.7,4.7,54,55,53,55,56,54,NA,NA,NA,29,29,NA,25,26,NA,76,74,79,78,76,80,NA,NA,NA
Jharkhand,Gumla,8.9,10,7.8,9.1,10.2,8,6.6,8.2,5,45,48,42,46,50,42,24,22,26,34,34,24,11,12,NA,70,73,66,72,76,67,35,28,43
Jharkhand,Hazaribagh,4.4,4.7,4.1,4.5,4.8,4.2,4.2,4.6,3.8,29,27,33,30,28,32,26,20,33,14,15,12,15,15,14,35,32,38,37,34,39,30,26,35
Jharkhand,Kodarma,4.5,4.7,4.2,4.5,4.8,4.1,4.5,4.4,4.6,27,27,27,27,27,27,NA,NA,NA,18,18,NA,9,9,NA,33,33,33,33,33,33,NA,NA,NA
Jharkhand,Lohardaga,8.1,8.6,7.7,8.3,8.8,7.8,6.8,7,6.7,53,53,53,55,56,54,30,24,36,39,41,20,14,15,10,70,69,70,74,74,74,33,28,39
Jharkhand,Pakaur,6.6,6.9,6.4,6.8,7.1,6.4,4.8,4.4,5.2,52,44,60,52,45,59,NA,NA,NA,30,30,NA,21,22,NA,78,71,86,80,73,87,NA,NA,NA
Jharkhand,Palamu,5.1,5,5.1,5,5,5.1,5.2,5.6,4.9,40,39,40,40,40,41,26,23,29,23,23,13,17,17,13,52,50,54,54,52,55,30,23,37
Jharkhand,Pashchimi Singhbhum,8.1,8.7,7.5,8.7,9.3,8.1,4.9,5.6,4.2,53,53,53,57,56,57,28,31,25,35,37,21,18,20,8,87,85,89,96,93,98,38,40,37
Jharkhand,Purbi Singhbhum,5.5,6,4.8,6.4,7.1,5.6,4.8,5.3,4.3,25,25,25,31,31,30,19,19,20,17,21,12,8,10,7,34,34,34,45,47,43,24,22,27
Jharkhand,Ranchi,6.2,6.9,5.5,6.4,6.9,5.9,5.9,6.8,4.9,30,30,30,35,34,36,21,23,18,21,26,13,9,9,8,44,44,44,50,48,52,32,36,28
Jharkhand,Sahibganj,6.5,6.7,6.2,6.6,6.9,6.3,5,5.2,4.8,52,51,53,53,52,54,33,32,34,30,30,23,22,23,10,76,73,79,80,77,83,40,36,43
Madhya Pradesh,Balaghat,8.6,9.5,7.8,8.7,9.6,7.9,8.1,9,7.1,58.78,56.9,60.73,59.77,56.13,63.48,52.63,61.49,42.86,45.86,46.67,40.75,12.92,13.09,11.88,69,67,72,72,69,75,57,61,52
Madhya Pradesh,Barwani,11.2,12.1,10.3,10.7,11.4,10,13.4,15.3,11.4,65.66,65.4,65.93,64.53,63.5,65.62,70.46,73.98,67.15,40.82,42.29,34.61,24.84,22.24,35.85,89,89,89,85,85,85,105,105,105
Madhya Pradesh,Betul,8.5,8.8,8.2,8.9,9.1,8.7,6.7,7.4,5.9,60.8,60.97,60.6,63.22,63.71,62.65,46.51,44.33,48.91,44.32,44.82,41.34,16.48,18.4,5.17,70,72,68,75,77,72,47,44,49
Madhya Pradesh,Bhind,6.6,7.1,5.9,7.3,7.9,6.5,5.4,5.8,4.9,54.14,55.1,53.04,61.88,63.86,59.58,39.07,37.51,40.76,31.18,36.92,20.01,22.96,24.96,19.06,67,66,67,77,77,76,47,45,50
Madhya Pradesh,Bhopal,5.6,6.6,4.5,7.4,8.6,6,5.3,6.2,4.3,47.57,50.21,44.68,60.67,52,71.15,44.25,49.73,38.41,29.07,43.84,25.33,18.5,16.82,18.92,60,64,57,87,78,98,54,61,47
Madhya Pradesh,Chhatarpur,7.6,8.1,7.1,8.1,8.5,7.7,6,6.7,5.1,63.16,60.89,65.68,67.16,62.96,71.77,43.25,50.96,34.09,46.08,51.52,19.03,17.08,15.64,24.22,79,75,84,86,79,93,51,58,42
Madhya Pradesh,Chhindwara,8.2,9.3,7,8.7,10.1,7.3,6.7,7.4,6.1,69.02,67.76,70.4,74.96,76.2,73.64,51.88,44.92,60.34,44.92,49.7,31.13,24.1,25.25,20.75,77,76,78,83,84,83,58,55,63
Madhya Pradesh,Damoh,10.5,11,9.9,11.3,11.8,10.6,7.9,8.4,7.5,70.58,59.08,82.85,77.58,67.16,88.6,41.27,26.11,58.14,53.27,59.76,26.13,17.31,17.83,15.13,106,91,121,116,101,133,62,55,72
Madhya Pradesh,Datia,6.6,6.6,6.6,6.6,6.5,6.6,6.8,6.8,6.8,73.26,65.51,82.47,76.3,64.6,90.45,65.1,68.03,61.78,43.25,45.89,36.17,30.01,30.41,28.93,94,85,104,98,87,110,84,81,88
Madhya Pradesh,Dewas,5.5,5.9,5,5.8,6.4,5.2,5,5.1,4.8,55.63,57.63,53.43,60.05,64.4,55.44,45.59,43.13,48.54,32.34,33.62,29.41,23.3,26.42,16.18,76,78,74,83,89,77,61,56,67
Madhya Pradesh,Dhar,6.2,6.7,5.6,6,6.8,5.3,6.6,6.3,6.9,54.1,52.65,55.64,54.27,56.8,51.76,53.45,38.92,73.17,32.71,31.8,36.21,21.39,22.47,17.24,66,68,65,67,72,61,63,53,79
Madhya Pradesh,Dindori,10.2,11.3,9.2,10.4,11.5,9.3,6.8,6.9,6.6,66.18,69.78,62.6,66.16,69.35,62.98,NA,NA,NA,44.25,44.11,NA,21.93,22.04,NA,95,101,89,95,101,90,NA,NA,NA
Madhya Pradesh,East Nimar,7.7,8.6,6.7,7.9,8.8,6.9,7.3,8.2,6.3,66.69,69.08,64.03,64.81,70.51,58.37,73.17,63.98,82.91,43.22,39.84,54.88,23.47,24.97,18.29,94,98,90,100,107,91,80,70,92
Madhya Pradesh,Guna,8.3,8.7,7.8,8.4,8.9,7.9,7.9,8.2,7.4,74.97,63.42,88.46,80.77,68.72,94.5,53.63,44.94,64.75,46.1,50.06,31.55,28.87,30.72,22.08,93,82,106,103,93,116,61,50,74
Madhya Pradesh,Gwalior,5.9,6.5,5.1,6.6,6.4,6.9,5.6,6.6,4.4,48.33,47.08,49.88,57.93,45.23,74.67,43.33,48.09,37.59,31.74,35.66,29.7,16.59,22.27,13.63,63,63,64,77,64,94,57,62,50
Madhya Pradesh,Harda,6.9,7,6.9,7.2,7.4,7,6,5.8,6.3,62.61,56.81,68.9,65.24,60.97,69.92,51.35,38.53,64.64,40.76,42.43,33.61,21.85,22.81,17.74,76,71,83,81,76,86,58,47,70
Madhya Pradesh,Hoshangabad,7.4,8,6.8,8.2,8.7,7.6,6.1,6.7,5.5,58.86,55.99,62.05,68.86,63.83,74.3,34.54,37.57,31.01,43.93,52.19,23.82,14.93,16.66,10.72,68,66,71,82,77,87,38,40,34
Madhya Pradesh,Indore,5.2,5.9,4.5,6.9,7.3,6.5,4.7,5.5,3.9,37.33,37.5,37.13,51.81,52.67,50.87,31.61,31.68,31.52,24.19,36.33,19.38,13.14,15.48,12.22,46,47,44,67,67,67,38,40,36
Madhya Pradesh,Jabalpur,5.7,6.3,5.1,6,6.4,5.6,5.6,6.2,4.8,47.8,44.61,51.69,53.05,49.62,57.28,42.88,39.87,46.51,34.19,38.87,29.8,13.61,14.18,13.08,54,51,57,59,57,61,49,46,52
Madhya Pradesh,Jhabua,5.7,5.9,5.4,5.8,6.1,5.5,4.7,4.3,5.1,63.82,65.29,62.25,67.15,68.37,65.85,NA,NA,NA,37.79,39.62,NA,26.03,27.53,NA,86,86,85,90,91,90,NA,NA,NA
Madhya Pradesh,Katni,9.6,10.3,8.9,10.4,11,9.8,7.5,8.4,6.5,64.67,62.89,66.52,71.64,74.27,68.97,39.11,22.5,57.22,46.9,52.94,24.77,17.77,18.71,14.34,83,80,86,93,94,92,49,34,66
Madhya Pradesh,Mandla,8.4,8.8,8,8.8,9.2,8.4,5.2,6.1,4.2,67.85,61.87,73.88,70.79,63.24,78.35,32.61,46.39,17.24,46.11,47.92,24.46,21.74,22.88,8.15,84,81,88,88,83,94,37,55,17
Madhya Pradesh,Mandsaur,6.6,7.3,5.9,6.9,7.6,6.1,5.7,6.3,5.1,60.29,57.02,63.91,65.11,64.22,66.09,44.17,33.94,56.3,39.34,43.78,24.54,20.94,21.34,19.63,76,72,81,83,80,86,54,47,63
Madhya Pradesh,Morena,7.6,7.7,7.5,7.6,7.8,7.5,7.6,7.7,7.5,59.18,53.35,66,56.01,52,60.64,67.75,56.93,80.84,34.92,35.81,32.52,24.26,20.2,35.23,77,68,89,78,70,88,78,65,93
Madhya Pradesh,Narsimhapur,7.2,7.2,7.2,7.4,7.4,7.3,6.2,6.2,6.2,61.88,56.73,67.78,66.85,61.68,72.61,30.8,28.47,33.98,41.37,44.7,20.53,20.51,22.15,10.27,69,65,73,73,68,78,44,49,39
Madhya Pradesh,Neemuch,5.8,6.6,5,6,6.8,5.1,5.5,6.2,4.9,54.98,57.21,52.59,61.17,59.11,63.39,44.52,53.94,34.68,36.74,40.91,29.68,18.24,20.25,14.84,70,72,67,81,80,83,49,59,38
Madhya Pradesh,Panna,11.3,10.8,11.8,11.6,11,12.3,9.4,9.7,9.1,84.78,83.82,85.79,86.77,83.88,89.82,69.71,83.33,56.99,60.97,61.94,53.62,23.81,24.83,16.09,127,119,135,132,124,140,94,92,97
Madhya Pradesh,Raisen,7.9,8.1,7.6,8.6,8.7,8.5,5.7,6.4,4.8,69.01,67.82,70.26,73.23,73.37,73.08,50.81,45.28,57.27,48.14,51.29,34.55,20.87,21.94,16.26,88,84,93,95,91,100,61,58,64
Madhya Pradesh,Rajgarh,7.5,7.6,7.4,7.8,7.8,7.9,5.8,6.3,5.2,60.15,59.71,60.65,62.29,61.5,63.2,45.87,46.73,45.05,40.82,43.51,22.94,19.33,18.78,22.94,78,76,80,81,80,82,57,51,63
Madhya Pradesh,Ratlam,7.5,8.1,7,9.4,9.9,8.8,5.5,6.1,4.9,64.74,64.15,65.4,76.95,74.37,79.91,44.12,46.48,41.54,38.17,45.11,26.47,26.57,31.85,17.65,92,84,101,120,106,136,53,52,55
Madhya Pradesh,Rewa,8,8.1,7.8,8.3,8.4,8.1,6.5,6.6,6.4,68.03,66.4,69.73,71.74,71.35,72.15,NA,NA,NA,44.97,48.23,NA,23.06,23.52,NA,100,97,103,107,105,109,NA,NA,NA
Madhya Pradesh,Sagar,8.9,9.4,8.3,9.8,10.1,9.4,7.3,8.2,6.3,69.37,69.12,69.66,75.67,77.1,74.07,52.85,48.17,58.06,56.65,60.03,47.76,12.73,15.64,5.08,92,91,94,105,106,104,63,56,72
Madhya Pradesh,Satna,10.2,10.2,10.2,11.7,11.8,11.6,6.3,6.1,6.4,83.37,79.25,87.96,91.94,86.86,97.6,54.12,53.48,54.84,56.78,60.83,42.96,26.59,31.11,11.17,121,116,128,138,133,143,70,62,79
Madhya Pradesh,Sehore,7.1,7.9,6.3,7.4,8.2,6.5,6,6.3,5.6,66.73,74.75,57.92,71.34,81.08,60.7,NA,NA,NA,44.25,47.08,NA,22.48,24.26,NA,84,92,75,92,101,81,NA,NA,NA
Madhya Pradesh,Seoni,9,9.6,8.4,9.2,9.9,8.5,7,6.5,7.4,66.91,65.41,68.53,70.08,68.62,71.64,29.63,28.17,31.25,45.79,47.79,22.22,21.13,22.29,7.41,85,83,86,89,87,90,43,41,45
Madhya Pradesh,Shahdol,9.6,10,9.2,10.8,11.3,10.3,6.7,7.1,6.3,70.83,71.79,69.81,72.74,66.68,79.23,64.05,90.53,37.34,44.2,42.11,51.65,26.63,30.63,12.4,85,84,86,89,82,95,73,93,54
Madhya Pradesh,Shajapur,8.1,8.5,7.6,8.1,8.4,7.8,7.9,8.8,6.9,56.27,55.82,56.77,57.11,54.97,59.59,53.76,58.46,48.78,38.81,38.12,40.86,17.46,19,12.9,80,76,84,82,77,88,73,72,74
Madhya Pradesh,Sheopur,7.1,7.2,7,7.6,7.7,7.6,4.7,5,4.4,71.67,70.42,72.94,75.01,72.75,77.31,50.11,55.56,44.44,42.56,45.1,26.14,29.11,29.91,23.97,98,91,105,105,95,115,59,67,51
Madhya Pradesh,Shivpuri,9.5,9.5,9.4,9.4,9.6,9.1,9.8,8.7,11,68.89,65.66,72.48,67.04,62.96,71.53,80.34,81.76,78.65,43.5,41.13,58.12,25.4,25.91,22.22,100,91,110,98,90,108,109,97,122
Madhya Pradesh,Sidhi,7.5,7.7,7.2,8,8.3,7.7,4.1,3.9,4.3,67.21,51.17,84.82,69.82,55.71,85.13,46.58,17.05,82.19,50.78,53.67,27.95,16.43,16.15,18.63,112,101,124,120,111,130,57,32,87
Madhya Pradesh,Tikamgarh,7.1,7.2,7.1,7.5,7.4,7.5,6,6.3,5.7,61.3,56.86,66.27,62.51,55.26,70.52,54.96,64.94,42.97,43.06,42.81,44.33,18.24,19.69,10.64,84,77,91,87,79,97,68,73,61
Madhya Pradesh,Ujjain,6.2,6.7,5.6,7,7.5,6.6,5,5.6,4.2,54.1,53.78,54.44,60.87,61.74,59.92,41.43,38.88,44.19,30.61,36.79,19.04,23.49,24.07,22.4,70,69,72,82,81,82,51,49,54
Madhya Pradesh,Umaria,10.1,10.9,9.2,10.3,10.8,9.7,9.3,11.3,7.1,59.78,52.81,67.28,61.06,53.74,68.95,52.69,47.62,58.11,43.41,43.63,42.15,16.37,17.43,10.54,99,99,98,105,107,102,74,68,80
Madhya Pradesh,Vidisha,9.1,9.4,8.8,9.8,10,9.5,7.6,7.9,7.1,65.02,65.5,64.49,70.68,72.9,68.31,44.83,40.34,50.13,48.05,52.83,31.03,16.97,17.86,13.79,94,89,100,107,102,113,56,50,63
Madhya Pradesh,West Nimar,11.3,12.9,9.6,11.7,13.4,10,9.1,10.8,7.4,56.45,57.98,54.69,58.04,59.39,56.51,47.09,49.83,43.91,34.51,36.15,24.93,21.94,21.9,22.16,76,77,75,79,79,79,58,64,52
Odisha,Anugul,7.1,7.6,6.6,7.5,7.9,7,5.3,5.9,4.6,48,47,48,50,46,54,38,55,18,36,37,31,12,13,7,59,55,64,62,54,71,44,58,28
Odisha,Balangir,9.9,10.7,9.2,10.2,10.9,9.4,7.3,8.2,6.4,97,97,97,99,100,97,71,52,89,71,73,54,25,26,17,111,111,111,114,115,113,74,59,89
Odisha,Baleshwar,6.7,7.4,6,6.6,7.3,5.9,7.2,8,6.4,45,42,49,46,41,53,36,55,13,33,34,24,12,13,12,51,49,53,52,48,57,38,55,18
Odisha,Bargarh,9.8,10.1,9.4,10.1,10.4,9.8,5.8,6.5,5.1,60,54,66,62,55,70,37,43,32,46,48,26,14,14,11,69,64,75,70,65,77,53,49,57
Odisha,Baudh,10.3,10.7,9.9,10.6,11,10.1,5.6,5.7,5.5,57,49,66,58,51,67,NA,NA,NA,45,46,NA,12,13,NA,85,82,90,88,85,91,NA,NA,NA
Odisha,Bhadrak,7.9,8.5,7.3,8.1,8.8,7.4,6.6,6.6,6.7,48,47,48,50,48,52,NA,NA,NA,31,32,NA,17,18,NA,55,52,59,58,53,63,NA,NA,NA
Odisha,Cuttack,6.8,7.1,6.4,7.3,7.5,7.1,5.2,5.8,4.6,56,52,61,67,60,73,29,30,27,35,43,13,21,24,15,85,79,90,100,90,110,41,47,35
Odisha,Debagarh,8.8,8.9,8.7,8.8,8.6,9,8.8,11,6.6,60,59,60,63,63,63,NA,NA,NA,46,49,NA,13,14,NA,76,73,80,81,77,85,NA,NA,NA
Odisha,Dhenkanal,10.5,10.5,10.4,10.8,10.7,10.8,7.8,8.9,6.7,67,60,75,67,59,77,NA,NA,NA,46,47,NA,20,20,NA,78,66,91,79,66,94,NA,NA,NA
Odisha,Gajapati,7.6,7.7,7.5,7.6,7.7,7.5,7.1,7.6,6.7,56,47,66,57,46,69,NA,NA,NA,28,29,NA,28,28,NA,81,75,88,84,77,92,NA,NA,NA
Odisha,Ganjam,8.3,9.1,7.6,8.5,9.3,7.7,7.4,7.8,7,56,51,61,62,57,69,20,24,15,35,39,13,21,23,7,87,88,86,97,98,98,30,38,20
Odisha,Jagatsinghapur,7,7.6,6.3,7.4,8.2,6.7,3.4,3.3,3.6,48,39,57,51,42,60,NA,NA,NA,27,29,NA,21,22,NA,62,56,69,66,60,73,NA,NA,NA
Odisha,Jajapur,7.6,8.2,7.1,7.7,8.2,7.2,6.6,8.2,5,48,49,46,48,50,46,34,24,47,37,37,27,11,11,7,57,57,56,57,59,56,34,24,47
Odisha,Jharsuguda,8,8.6,7.3,9,9.9,8.1,6.3,6.7,5.9,42,42,42,45,51,39,36,28,46,34,39,27,8,6,10,48,46,51,53,57,49,41,31,52
Odisha,Kalahandi,6.7,7.4,6,7,7.8,6.1,4.4,3.9,4.9,54,53,55,57,56,58,NA,NA,NA,31,33,NA,23,24,NA,73,70,76,78,75,82,NA,NA,NA
Odisha,Kandhamal,9,9.3,8.6,9.3,9.6,8.9,6.1,6.3,5.8,82,71,94,85,73,98,NA,NA,NA,39,39,NA,43,45,NA,139,132,147,146,139,154,NA,NA,NA
Odisha,Kendrapara,8.8,9.4,8.3,8.9,9.5,8.4,7,7.3,6.7,58,51,65,60,53,67,NA,NA,NA,43,44,NA,15,16,NA,65,55,74,67,57,77,NA,NA,NA
Odisha,Kendujhar,9.2,9.7,8.7,9.6,10,9.2,7.5,8.6,6.4,53,53,53,54,55,52,48,40,56,41,42,37,11,12,11,69,69,69,70,72,68,65,52,77
Odisha,Khordha,8.2,8.4,8,9.3,9.6,8.9,6.9,6.9,6.9,67,66,69,73,71,76,60,58,61,43,49,35,25,24,25,96,91,101,110,107,114,78,72,85
Odisha,Koraput,7.8,8.6,7,8.2,9.2,7.3,5.6,5.8,5.4,48,44,52,50,48,53,35,20,51,32,33,23,17,17,15,65,62,69,68,67,70,50,34,66
Odisha,Malkangiri,7.1,7.9,6.4,7.4,8.2,6.6,3.9,4.2,3.6,48,47,49,48,49,48,NA,NA,NA,31,31,NA,16,17,NA,73,75,70,74,78,69,NA,NA,NA
Odisha,Mayurbhanj,8.5,9.6,7.5,8.5,9.5,7.6,8.3,10.6,6,47,48,47,49,49,48,NA,NA,NA,35,37,NA,12,12,NA,62,66,58,64,68,60,NA,NA,NA
Odisha,Nabarangapur,7.7,8.9,6.4,7.8,9,6.5,5,5.8,4.1,50,52,48,50,53,47,NA,NA,NA,29,29,NA,21,21,NA,83,87,79,85,90,80,NA,NA,NA
Odisha,Nayagarh,7.4,7.5,7.2,7.5,7.7,7.3,5.1,4.9,5.3,49,47,50,49,49,50,NA,NA,NA,31,31,NA,18,18,NA,70,74,67,72,76,68,NA,NA,NA
Odisha,Nuapada,8.9,9.4,8.4,9,9.5,8.5,6.7,8,5.4,60,49,74,60,50,73,59,24,93,36,36,35,24,24,24,80,69,92,80,70,93,59,24,93
Odisha,Puri,8.7,9.2,8.3,9,9.5,8.6,7.2,7.8,6.6,75,70,80,80,78,83,48,32,66,41,43,29,34,37,18,101,94,109,106,99,112,78,66,91
Odisha,Rayagada,8.4,9.2,7.7,8.6,9.4,7.8,7.7,8.3,7,58,54,63,61,58,65,36,26,46,28,31,11,30,31,25,98,96,101,105,105,105,59,45,74
Odisha,Sambalpur,9.1,10.1,8.1,10.1,10.6,9.5,7.6,9.3,5.8,47,44,51,59,57,61,27,21,33,32,41,15,15,17,12,62,56,68,77,72,82,36,27,45
Odisha,Sonapur,7.5,7.6,7.5,7.6,7.6,7.6,6.2,6.5,6,49,45,53,50,44,55,NA,NA,NA,34,34,NA,15,15,NA,77,68,87,78,68,89,NA,NA,NA
Odisha,Sundargarh,7.2,8.2,6.1,8.5,9.5,7.4,4.6,5.7,3.4,47,46,48,55,53,57,25,27,24,33,38,19,14,17,7,57,59,55,67,67,67,32,38,26
Rajasthan,Ajmer,6.3,7,5.5,6.5,7.2,5.7,5.9,6.6,5.2,50,39,62,58,46,72,35,24,45,31,40,15,19,19,20,70,59,81,79,66,94,54,47,61
Rajasthan,Alwar,5.8,6.3,5.2,5.8,6.3,5.3,5.5,6.3,4.6,52,49,55,53,50,57,38,34,41,33,34,18,19,19,20,74,67,81,75,69,82,62,50,75
Rajasthan,Banswara,7.2,7.8,6.6,7.3,7.9,6.8,5.2,7.1,3.2,57,54,60,57,54,61,NA,NA,NA,36,36,NA,21,21,NA,95,89,101,97,91,104,NA,NA,NA
Rajasthan,Baran,6.4,6.9,5.9,6.8,7.4,6.2,4.3,4.4,4.1,55,54,57,54,54,53,66,50,84,36,34,45,20,19,21,71,68,74,72,72,72,68,50,88
Rajasthan,Barmer,6.2,6.6,5.9,6.3,6.6,5.9,5.8,5.7,5.8,70,66,75,71,66,76,58,56,61,53,54,34,17,17,24,85,80,90,86,81,92,66,61,72
Rajasthan,Bharatpur,5.7,6.1,5.2,5.8,6.2,5.3,5.4,5.9,4.8,49,45,53,50,46,55,43,40,47,37,38,33,12,12,10,70,59,83,72,61,85,60,49,71
Rajasthan,Bhilwara,7.2,7.9,6.4,7.6,8.3,6.8,5.6,6.3,4.9,64,65,62,68,69,67,42,46,37,46,49,35,17,19,7,80,79,81,85,84,87,54,57,50
Rajasthan,Bikaner,6.1,6.6,5.6,6.7,7.3,6,5.2,5.5,4.9,47,42,53,56,49,63,32,27,36,32,37,24,15,19,8,67,56,79,74,62,88,54,45,63
Rajasthan,Bundi,7.6,8.1,7.1,7.9,8.5,7.3,6.6,6.6,6.7,65,65,66,72,72,71,38,34,42,47,52,27,18,20,11,85,84,86,94,93,95,48,44,53
Rajasthan,Chittaurgarh,5.7,6.8,4.5,6.1,7.3,4.8,3.8,4.4,3.3,63,64,63,68,69,67,37,34,40,47,50,28,16,18,9,77,80,73,84,87,80,42,43,40
Rajasthan,Churu,6,6.6,5.3,6,6.9,5.1,5.8,5.9,5.8,48,44,51,52,49,55,35,30,40,30,31,25,18,20,10,62,58,66,66,65,68,49,37,61
Rajasthan,Dausa,6.7,7.1,6.4,6.8,7.2,6.4,6.3,5.8,6.7,53,44,64,54,46,65,38,25,52,31,32,26,22,23,13,82,73,92,84,75,94,58,47,68
Rajasthan,Dhaulpur,5.9,6.3,5.5,6.4,6.7,6.2,4.3,5.1,3.5,58,55,62,62,58,66,NA,NA,NA,38,40,NA,21,22,NA,73,64,83,78,69,90,NA,NA,NA
Rajasthan,Dungarpur,6.6,7.3,5.8,6.6,7.3,6,5.4,6.7,4.1,63,61,65,63,60,66,NA,NA,NA,41,40,NA,23,23,NA,81,79,85,82,78,87,NA,NA,NA
Rajasthan,Ganganagar,6.2,6.2,6.1,6.2,6.2,6.3,5.9,6.1,5.8,52,46,58,57,52,63,36,31,42,34,39,18,18,18,17,71,64,78,72,68,77,65,53,78
Rajasthan,Hanumangarh,6.1,6.6,5.5,6.2,6.6,5.6,5.7,6.3,5.1,45,43,48,48,46,51,34,35,33,29,31,23,16,17,11,63,58,68,68,63,73,43,39,47
Rajasthan,Jaipur,5.7,6.1,5.2,5.9,6.5,5.2,5.5,5.8,5.1,50,44,57,61,54,68,40,34,46,35,39,31,15,22,8,65,55,77,78,72,86,53,39,68
Rajasthan,Jaisalmer,6.6,7.4,5.6,6.8,7.7,5.7,5.5,5.9,5.1,50,43,57,52,45,60,37,31,42,27,28,21,22,23,16,71,62,82,75,66,85,52,39,65
Rajasthan,Jalor,7.3,8.3,6.3,7.4,8.5,6.5,5.8,6.6,4.9,72,66,78,73,67,80,45,46,45,52,53,23,20,20,23,94,90,98,96,92,101,56,53,59
Rajasthan,Jhalawar,7.6,8.4,6.7,8,8.8,7,5.6,6.1,5,63,61,65,66,65,68,39,36,42,46,48,31,17,18,7,78,76,82,84,81,88,41,40,42
Rajasthan,Jhunjhunun,5.7,6.4,5,5.9,6.7,5,5.1,5.3,4.9,48,43,53,50,45,56,39,35,42,35,37,28,12,13,10,69,65,73,72,65,79,57,62,53
Rajasthan,Jodhpur,6,6.5,5.5,6,6.3,5.7,6.1,7,5.1,46,40,52,53,45,60,33,29,36,29,34,20,17,19,13,63,56,70,71,65,78,47,41,54
Rajasthan,Karauli,6.3,6.5,6.1,6.7,6.7,6.8,4.7,6.1,3.2,69,66,74,69,64,76,70,79,58,45,44,48,25,25,22,81,74,90,83,73,95,75,83,63
Rajasthan,Kota,5.6,5.9,5.2,7,6.8,7.3,4.3,5.1,3.5,36,36,37,46,45,47,26,27,26,25,31,19,12,16,8,47,45,50,65,61,70,31,30,31
Rajasthan,Nagaur,6.3,6.8,5.6,6.4,7.1,5.7,5.5,5.7,5.3,52,45,60,55,48,63,36,26,47,39,42,24,13,13,12,68,58,80,71,61,83,52,42,63
Rajasthan,Pali,6.8,7.8,5.7,7.3,8.6,6.1,4.9,5.2,4.5,54,51,56,57,56,59,37,31,44,39,42,25,15,15,12,71,70,72,78,78,78,43,39,47
Rajasthan,Rajsamand,8.2,9.2,7.2,8.8,9.9,7.7,4.6,5.2,4,59,55,65,63,57,70,NA,NA,NA,38,39,NA,21,23,NA,80,74,86,86,79,93,NA,NA,NA
Rajasthan,Sawai Madhopur,7.1,7.8,6.5,7.9,8.5,7.3,4.7,5.6,3.8,67,65,70,71,69,74,50,47,54,48,51,37,19,20,13,80,75,86,87,81,94,54,51,59
Rajasthan,Sikar,5.8,6.1,5.4,6,6.3,5.6,5.2,5.4,4.9,50,43,58,52,46,61,42,34,50,31,33,23,19,19,19,74,65,84,74,65,84,73,62,85
Rajasthan,Sirohi,7,7.8,6.3,7.3,8.1,6.5,5.5,5.8,5.1,65,62,68,69,67,71,35,22,50,44,46,19,21,22,16,85,80,91,90,85,95,51,38,66
Rajasthan,Tonk,7.5,7.8,7.2,8.4,8.7,8.1,4.4,4.7,4.2,57,61,54,66,69,64,26,34,16,39,45,19,18,21,7,79,80,78,93,94,93,30,37,22
Rajasthan,Udaipur,8.3,9.3,7.2,9.1,10.2,8,5.7,6.6,4.7,63,60,66,67,63,71,44,46,41,41,43,32,21,23,12,91,89,93,101,99,104,51,53,49
Uttar Pradesh,Agra,6.64,6.99,6.23,7.21,7.4,7,6.1,6.61,5.51,51.4,49.39,53.8,54.75,54.63,54.88,47.68,43.85,33.1,34.67,37.55,31.47,16.73,17.2,16.21,69,63,76,79,77,82,59,50,69
Uttar Pradesh,Aligarh,7.51,8.14,6.82,8.48,8.66,8.28,5.51,7.08,3.77,70.04,68.68,71.3,74.05,68.77,78.83,59.67,68.46,88.24,50.72,51.63,48.35,19.33,22.42,11.32,90,84,96,99,89,109,70,76,65
Uttar Pradesh,Allahabad,8.9,9.95,7.87,9.36,10.42,8.35,7.38,8.49,6.21,81.41,79.74,83.18,85.91,83.67,88.31,54.77,55.94,110.34,59.6,62.51,42.4,21.81,23.4,12.37,104,101,107,113,108,117,62,65,58
Uttar Pradesh,Ambedkar Nagar,8.93,10.31,7.7,9.01,10.52,7.7,7.93,7.93,7.9,63.16,62.1,64,64.34,63.1,66,NA,NA,NA,46.8,47.82,NA,16.37,16.53,NA,78,75,80,79,76,82,NA,NA,NA
Uttar Pradesh,Auraiya,8.63,9.3,7.87,9.02,9.7,8.23,6.83,7.41,6.18,58.45,58.98,57.84,62.28,63.48,60.86,36.27,32.76,60.05,40.78,43.17,26.94,17.67,19.11,9.33,84,79,89,90,86,95,48,42,55
Uttar Pradesh,Azamgarh,9.18,10.26,8.21,9.5,10.63,8.48,5.79,6.39,5.21,74.19,74.7,73.63,74.28,74.9,73.6,72.99,72.07,45.98,57.43,58.07,48.66,16.76,16.21,24.33,89,88,90,90,89,90,82,80,85
Uttar Pradesh,Baghpat,9.53,10.27,8.67,9.04,9.74,8.23,11.33,12.16,10.33,52.24,55.55,48.87,54,54.43,53.58,45.29,59.63,41.35,35.08,35.29,34.27,17.15,18.71,11.02,70,73,68,75,74,77,52,70,31
Uttar Pradesh,Bahraich,7.92,7.99,7.85,8.04,8.07,8,6.28,6.77,5.74,66.49,67.82,65.11,67.7,69.02,66.35,38.55,42.92,22.99,44.24,45.52,14.46,22.26,22.18,24.1,105,93,118,108,96,121,53,53,52
Uttar Pradesh,Ballia,8.13,8.49,7.77,8.39,8.67,8.11,6.08,7.15,4.88,68.8,71.5,65.63,68.21,69.81,66.36,75.76,90.43,75.68,52.3,52.11,54.55,16.5,16.1,21.21,82,84,80,83,83,82,80,98,56
Uttar Pradesh,Balrampur,10.43,10.59,10.3,10.47,10.67,10.3,9.55,9.16,9.9,87.11,87.5,87,87.27,87.27,87,NA,NA,NA,59.9,60.88,NA,27.21,26.39,NA,117,112,122,119,113,124,NA,NA,NA
Uttar Pradesh,Banda,9.17,9.52,8.8,9.17,9.56,8.75,9.19,9.31,9.05,55.25,54.72,55.84,52.1,54.87,49.11,73.83,53.89,37.04,35.68,34.34,43.62,19.56,17.76,30.2,96,84,108,97,87,107,96,72,125
Uttar Pradesh,Barabanki,7.66,7.57,7.77,7.89,7.91,7.87,4.93,3.56,6.52,67.83,66.23,69.56,69.71,69.72,69.7,NA,NA,NA,51.74,53.44,NA,16.08,16.28,NA,97,94,99,100,99,101,NA,NA,NA
Uttar Pradesh,Bareilly,8.66,8.6,8.73,9.39,9.3,9.49,7.38,7.36,7.4,78.01,81.11,74.9,86.54,88.72,84.36,57.31,62.74,84.29,51.63,56.45,39.92,26.38,30.09,17.39,104,99,109,117,110,125,74,75,75
Uttar Pradesh,Basti,11.08,12,11.5,11.46,12.42,10.6,5.93,6.82,5,80.78,83.19,78,81.81,84.82,79,NA,NA,NA,60.39,61.04,NA,20.39,20.77,NA,106,102,110,109,105,112,NA,NA,NA
Uttar Pradesh,Bijnor,7.7,7.99,7.39,8.27,8.69,7.82,5.77,5.63,5.92,61.52,59.8,63.58,64.49,60.46,69.3,50.52,57.38,43.93,47.44,51.01,34.18,14.09,13.48,16.34,79,74,85,83,76,92,64,68,59
Uttar Pradesh,Budaun,9.3,9.41,9.19,9.67,9.65,9.69,7.65,8.29,7,84.28,77.13,92.91,84.83,76.57,94.51,NA,NA,NA,65.14,64.06,NA,19.15,20.77,NA,108,93,126,110,91,131,NA,NA,NA
Uttar Pradesh,Bulandshahar,8.91,8.89,8.93,10.04,10.24,9.81,6.68,6.21,7.2,67.87,68.91,66.81,66.42,75.85,56.54,71.05,52.92,58.22,47.89,49.48,44.4,19.98,16.94,26.64,89,87,93,92,96,90,84,66,101
Uttar Pradesh,Chandauli,9.41,9.95,8.87,9.47,9.93,9.01,8.88,10.1,7.58,77.03,76.94,77.14,75.56,72.84,78.46,93.36,123.46,70.71,55.91,54.4,72.61,21.13,21.16,20.75,98,94,102,98,90,106,103,136,70
Uttar Pradesh,Chitrakoot,8.64,8.71,8.55,8.87,8.93,8.81,6.54,6.83,6.22,67.32,67.91,66.69,67.25,68.87,65.52,68.32,54.22,99.24,45.03,45.14,43.48,22.29,22.11,24.84,119,111,127,123,116,131,81,62,101
Uttar Pradesh,Deoria,10.19,11.45,9.11,10.31,11.59,9.22,9.38,10.52,8.34,69.76,67.71,71.8,72.54,70.11,75,44.73,43.17,0,53.71,56.83,25.56,16.05,15.71,19.17,83,79,86,86,83,89,57,48,65
Uttar Pradesh,Etah,7.93,8.61,7.17,8.03,8.95,6.98,7.39,6.63,8.25,66.55,66.5,66.61,69.25,68.86,69.67,46.32,49.75,56.7,48.41,50.15,35.42,18.14,19.1,10.9,86,81,92,91,84,99,53,59,47
Uttar Pradesh,Etawah,8.26,8.52,7.95,8.61,8.95,8.22,7.03,7.05,7.01,55.93,58.82,52.61,55.89,60.21,50.88,56.11,52.51,74.9,41,40.12,44.89,14.93,15.76,11.22,85,81,91,90,85,96,69,63,75
Uttar Pradesh,Faizabad,10.54,11.39,9.7,10.84,11.88,9.84,8.48,8.3,8.69,88.26,89.41,86.94,91.9,93.65,89.86,53.97,45.45,67.31,64.96,68.48,31.75,23.3,23.42,22.22,115,116,114,120,123,117,72,55,89
Uttar Pradesh,Farrukhabad,7.54,7.9,7.13,7.93,8.06,7.78,6.51,7.47,5.44,77.61,75.12,80.43,81.81,80.46,83.35,61.32,54.05,43.17,54.43,57.52,42.45,23.18,24.29,18.87,98,94,102,107,102,112,70,66,74
Uttar Pradesh,Fatehpur,7.14,7.78,6.45,7.34,8,6.63,5.52,6.03,4.97,54.93,53.21,56.86,56.9,56.81,56.99,36.3,18.87,83.33,38.67,40.32,23.1,16.26,16.58,13.2,81,77,86,86,83,89,40,19,62
Uttar Pradesh,Firozabad,9.09,8.72,9.5,9.37,8.77,10.05,8.26,8.6,7.89,56.46,54.5,58.78,58.27,57.4,59.32,49.34,42.89,52.52,35.85,37.63,28.88,20.61,20.65,20.46,79,72,87,85,76,94,61,57,65
Uttar Pradesh,Gautam Buddha Nagar,6.17,6.65,5.61,7.04,7.71,6.27,4.29,4.46,4.08,57.26,56.27,58.4,61.82,64.77,58.47,45.42,34.97,43.04,36.39,40.32,26.17,20.87,21.49,19.25,70,66,74,75,77,74,55,41,73
Uttar Pradesh,Ghaziabad,6.66,6.89,6.39,6.86,6.48,7.3,6.52,7.17,5.77,45.56,37.7,54.28,55.22,42.36,70.07,38.43,34.14,28.87,30.11,37.83,24.4,15.45,17.38,14.03,59,50,68,69,54,87,52,48,55
Uttar Pradesh,Ghazipur,8.73,9.28,8.21,8.81,9.43,8.23,7.77,7.63,7.91,77.21,77.62,76.79,77.12,77.1,77.14,NA,NA,NA,63.51,63.67,NA,13.7,13.45,NA,94,93,94,94,93,95,NA,NA,NA
Uttar Pradesh,Gonda,8.2,8.12,8.28,8.26,8.21,8.33,6.96,6.57,7.37,71.22,71.62,70.79,73.5,74.17,72.79,NA,NA,NA,53.75,55.25,NA,17.47,18.26,NA,97,93,101,100,95,104,NA,NA,NA
Uttar Pradesh,Gorakhpur,8.01,8.57,7.49,8.82,9.43,8.3,6.27,6.92,5.57,61.77,60.69,62.92,62.05,58.35,65.97,60.81,68.21,95.74,45.87,46.66,43.22,15.9,15.4,17.58,76,70,82,78,69,87,71,75,67
Uttar Pradesh,Hamirpur,6.73,6.81,6.63,6.82,7.09,6.5,6.35,5.63,7.18,44.94,44.53,45.38,45,47.29,42.49,44.62,30.89,38.46,26.45,26.47,26.37,18.49,18.53,18.26,66,64,68,67,71,64,60,35,88
Uttar Pradesh,Hardoi,9.25,9.46,9.01,9.44,9.7,9.14,7.98,7.84,8.13,81.35,80.9,81.82,82.5,85.29,79.68,72.94,49.77,83.87,52.47,53.85,42.35,28.88,28.65,30.59,118,111,127,121,117,126,97,64,134
Uttar Pradesh,Hathras,8.59,8.36,8.86,8.61,8.26,9.01,8.55,8.69,8.38,57.18,53.83,60.88,56.82,52.81,61.15,58.63,57.75,51.02,37.96,38.24,36.85,19.21,18.59,21.78,78,68,89,76,68,85,84,71,99
Uttar Pradesh,Jalaun,8.46,8.54,8.38,8.77,8.87,8.66,7.51,7.52,7.5,65.02,63.25,66.9,66.61,61.4,72.03,59.28,69.57,30.49,48.2,49.89,42.12,16.82,16.72,17.16,97,92,102,97,91,103,96,95,98
Uttar Pradesh,Jaunpur,8.25,8.58,7.9,8.29,8.84,7.8,7.88,6.11,9.7,74.88,74.81,75,77.13,77.38,77,NA,NA,NA,58.8,61.09,NA,16.08,16.04,NA,91,83,98,91,85,97,NA,NA,NA
Uttar Pradesh,Jhansi,6.39,6.94,5.77,7.27,7.75,6.72,5.54,6.15,4.84,40.84,40.65,41.06,49.94,47.76,52.45,28.48,31.21,47.3,28.82,34.2,21.52,12.02,15.75,6.96,59,58,61,73,71,74,43,43,43
Uttar Pradesh,Jyotiba Phule Nagar,7.92,8.55,7.25,7.98,8.55,7.36,7.72,8.53,6.86,72.32,73.6,70.84,76.93,74.38,79.91,55.03,70.67,37.97,56.9,58.4,51.23,15.43,18.53,3.8,92,92,91,97,92,102,73,91,52
Uttar Pradesh,Kannauj,9.15,9.9,8.31,9.39,10.05,8.64,8.25,9.34,7.07,79.39,79.05,79.75,80.81,80.74,80.88,73.25,71.69,69.31,55.04,58.05,42.04,24.35,22.76,31.21,102,98,105,105,102,107,89,81,98
Uttar Pradesh,Kanpur Dehat,8.82,8.62,9.1,9.14,8.9,9.4,5.45,5.53,5.4,64.79,63.72,66,68.17,66.97,69,NA,NA,NA,41.21,43.78,NA,23.58,24.38,NA,94,86,102,98,89,108,NA,NA,NA
Uttar Pradesh,Kanpur Nagar,6.03,6.29,5.72,7.2,7.25,7.15,5.66,5.99,5.28,36.57,34.37,39.04,55.02,50.25,60.42,29.14,27.95,14.08,24.28,37.84,18.82,12.29,17.17,10.32,50,47,54,77,68,87,40,38,41
Uttar Pradesh,Kaushambi,10.74,11.42,10.08,10.88,11.55,10.24,9.15,10.04,8.28,82.15,80.3,84.28,80.94,79.76,82.3,NA,NA,NA,61.34,60.47,NA,20.81,20.47,NA,113,107,119,113,107,119,NA,NA,NA
Uttar Pradesh,Kheri,8.08,8.16,7.99,8.37,8.41,8.33,4.96,5.49,4.37,78.37,79.14,77.54,79.8,80.17,79.4,51.89,60.87,35.43,54.75,55.67,37.74,23.62,24.13,14.15,117,113,120,121,117,126,55,67,41
Uttar Pradesh,Kushinagar,9.63,10.59,8.8,9.64,10.6,8.8,9.51,10.24,8.8,80.24,80.66,80,80.51,80.21,81,NA,NA,NA,61.43,61.46,NA,18.81,19.05,NA,99,101,97,99,101,98,NA,NA,NA
Uttar Pradesh,Lalitpur,7.72,7.83,7.61,7.92,7.97,7.87,6.41,6.91,5.85,72.93,72.46,73.44,74.54,72.63,76.57,56.28,70.87,25.17,53.48,54.46,43.29,19.45,20.07,12.99,114,111,117,118,112,124,78,100,52
Uttar Pradesh,Lucknow,6.45,6.83,6.04,7.82,8.09,7.51,5.48,5.92,5,44.28,43.06,45.66,54.02,50.69,57.87,33.55,34.59,32.61,28.56,37.08,19.17,15.72,16.94,14.38,58,55,62,79,70,89,40,41,38
Uttar Pradesh,Maharajganj,9.64,10.47,8.9,9.95,10.77,9.2,6.18,7.38,4.9,78.01,77.14,79,78.48,78.87,78,NA,NA,NA,61.1,61.46,NA,16.91,17.02,NA,96,92,100,97,94,99,NA,NA,NA
Uttar Pradesh,Mahoba,7.23,7.7,6.69,7.4,8.07,6.64,6.87,6.93,6.79,45.53,47.3,43.51,48.77,50.67,46.59,38.67,40.12,59.83,31.19,32.12,29.2,14.34,16.65,9.47,73,71,76,79,77,81,62,60,65
Uttar Pradesh,Mainpuri,10.05,10.32,9.75,10.28,10.35,10.21,9.02,10.19,7.77,50.27,52.9,47.77,48.15,49.41,46.96,60.76,69.69,42.17,33.62,31.3,45.14,16.64,16.85,15.63,78,78,79,79,78,80,75,78,73
Uttar Pradesh,Mathura,7.51,7.44,7.59,7.68,7.64,7.74,7.18,7.07,7.31,44.03,41.39,47.1,48.95,45.1,53.36,33.3,33.46,59.7,31.32,36.82,19.33,12.71,12.13,13.96,58,51,65,66,59,74,41,37,46
Uttar Pradesh,Mau,8.46,9.12,7.82,8.71,9.56,7.9,7.54,7.56,7.52,73.4,72.65,74.21,72.91,72.09,73.8,75.34,75,74.07,58.5,58.39,58.9,14.91,14.51,16.44,86,88,85,87,89,85,86,86,87
Uttar Pradesh,Meerut,6.27,6.64,5.85,6.48,7.06,5.84,6,6.13,5.86,49.61,47.44,52.1,53.37,48.25,59.01,44.07,46.3,36.89,34.82,38.13,29.94,14.79,15.24,14.12,59,55,62,65,59,72,49,50,48
Uttar Pradesh,Mirzapur,8.39,8.88,7.87,8.42,8.76,8.07,8.16,9.64,6.42,79.85,79.2,80.61,81.97,79.04,85.32,NA,NA,NA,57.42,58.72,NA,22.43,23.26,NA,105,105,106,110,109,111,NA,NA,NA
Uttar Pradesh,Moradabad,8.07,8.15,7.99,8.32,7.92,8.77,7.56,8.61,6.4,63.53,60.06,66.8,62.87,59.54,65.91,65.2,61.3,42.35,45.61,43.43,51.1,17.92,19.45,14.1,80,72,87,81,71,91,78,76,79
Uttar Pradesh,Muzaffarnagar,8.7,8.93,8.45,9.22,9.66,8.74,7.35,7.04,7.71,51.3,48.65,54.24,56.26,55.28,57.3,35.88,29.35,40.11,36.77,41.52,21.99,14.53,14.74,13.89,71,64,77,80,75,86,43,35,52
Uttar Pradesh,Pilibhit,8.72,9.25,8.12,8.62,9.19,7.96,9.23,9.51,8.91,73.36,71.92,74.85,77.85,75.45,80.33,44.85,50.25,51.81,50.48,53.45,31.66,22.88,24.41,13.19,91,88,95,96,91,102,61,72,49
Uttar Pradesh,Pratapgarh,9.91,11.28,8.71,10,11.42,8.77,8,8.65,7.35,83.63,82.65,84.68,85.41,85.15,85.7,NA,NA,NA,63.61,64.98,NA,20.03,20.44,NA,104,102,107,107,105,109,NA,NA,NA
Uttar Pradesh,Rae Bareli,7.87,8.27,7.44,7.99,8.4,7.55,6.45,6.74,6.13,53.24,53.9,52.5,54.77,56.2,53.17,32.79,24.1,32.37,34.84,35.24,29.51,18.4,19.54,3.28,80,77,84,84,80,88,39,37,43
Uttar Pradesh,Rampur,9.11,9.34,8.85,9.4,8.69,10.18,8.3,11.18,5.19,60.08,56.97,63.47,66.63,63.25,70.33,35.45,33.1,69.15,45.2,50.07,26.89,14.88,16.56,8.56,86,78,95,98,88,110,44,42,46
Uttar Pradesh,Saharanpur,9.05,9.64,8.41,9.26,9.97,8.49,8.37,8.57,8.16,76.4,77.29,75.43,84.48,84.4,84.56,43.91,47.62,47.06,54.35,59.06,35.41,22.05,25.42,8.5,99,99,98,111,111,110,53,53,54
Uttar Pradesh,Sant Kabir Nagar,9.93,10.25,9.6,10.07,10.47,9.7,7.77,7.18,8.3,63.41,62.52,64,64.41,63.25,66,NA,NA,NA,48.59,49.1,NA,14.82,15.31,NA,91,88,94,93,89,96,NA,NA,NA
Uttar Pradesh,Sant Ravidas Nagar (Bhadohi),7.41,7.8,7.02,7.64,8,7.28,5.93,6.56,5.22,81.79,81.23,82.43,80.61,78.78,82.63,93.17,102.7,81.86,59.24,60.56,46.58,22.55,20.05,46.58,106,100,112,106,100,113,109,110,106
Uttar Pradesh,Shahjahanpur,7.71,7.9,7.48,8.09,8.37,7.75,5.83,5.49,6.22,80.39,79.84,81,85.57,84.03,87.25,44.64,52.29,38.89,57.61,61.3,32.14,22.78,24.27,12.5,100,94,107,107,99,116,55,60,48
Uttar Pradesh,Shrawasti,12.1,12.36,11.8,12.16,12.44,11.9,9.77,9.71,9.8,96.36,96.02,97,95.83,95.55,96,NA,NA,NA,67.83,67.56,NA,28.53,28.27,NA,130,121,139,130,121,139,NA,NA,NA
Uttar Pradesh,Siddharthnagar,11.16,12.33,10.2,11.23,12.39,10.3,8.81,10.47,7.2,87.18,86.58,88,87.7,87.17,88,NA,NA,NA,69.69,70.39,NA,17.49,17.32,NA,116,109,122,117,110,124,NA,NA,NA
Uttar Pradesh,Sitapur,8.77,8.76,8.79,8.98,8.93,9.03,6.93,7.2,6.62,80.19,80.04,80.35,80.72,81.4,80.04,74.19,64.52,41.24,53.96,53.6,58.06,26.24,27.13,16.13,114,107,121,116,111,123,90,75,106
Uttar Pradesh,Sonbhadra,8.7,8.59,8.82,9.36,9.41,9.31,5.03,4.36,5.84,68.59,67.94,69.28,71.87,72.6,71.1,NA,NA,NA,52.07,54.35,NA,16.52,17.52,NA,99,91,108,106,100,113,NA,NA,NA
Uttar Pradesh,Sultanpur,7.47,8.04,6.9,7.54,8.09,6.4,6.42,7.28,5.5,45.1,43.41,47,46,44,48,NA,NA,NA,31.48,31.96,NA,13.62,14.04,NA,66,62,70,67,64,71,NA,NA,NA
Uttar Pradesh,Unnao,6.84,7.11,6.54,7.15,7.36,6.91,5.34,5.88,4.75,58.33,53.45,63.52,60.13,51.74,69.25,47.97,63.91,98.04,36.65,35.97,40.59,21.67,24.16,7.38,83,74,92,85,72,99,71,86,57
Uttar Pradesh,Varanasi,7.49,7.38,7.61,7.75,8.05,7.43,7.19,6.62,7.83,71.59,69.58,73.96,71.27,73.63,68.54,72.04,63.97,62.76,49.83,52.41,46.18,21.76,18.86,25.86,90,81,100,94,89,100,85,71,101
Uttarakhand,Almora,6.04,7.87,4.44,6.14,8.04,4.51,4.61,5.78,3.42,20.39,21.24,19.43,20.88,21.66,20,NA,NA,NA,14.87,15.26,NA,5.52,5.62,NA,24,24,24,25,24,25,NA,NA,NA
Uttarakhand,Bageshwar,7,8.76,5.4,6.98,8.72,5.41,7.5,9.6,5.27,31.46,30.3,32.85,32.38,31.53,33.39,NA,NA,NA,19.51,19.96,NA,11.94,12.41,NA,38,36,40,39,37,40,NA,NA,NA
Uttarakhand,Chamoli,5.29,6.59,4.04,5.67,7.13,4.33,3.49,4.31,2.59,25.55,25.97,25.07,28.35,28.96,27.63,10.69,9.97,11.52,17.12,18.84,8.01,8.43,9.51,2.67,29,28,30,33,32,33,11,10,13
Uttarakhand,Champawat,5.56,6.83,4.33,5.71,7.2,4.29,4.81,5.04,4.57,33.58,36.52,30.24,31.54,34.54,28.1,44.78,47.62,41.67,23.94,23.77,24.88,9.64,7.77,19.9,42,43,41,38,39,38,60,62,58
Uttarakhand,Dehradun,6.49,7.39,5.54,6.87,8.02,5.68,6.23,6.97,5.43,34.14,34.53,33.69,40.22,42.65,37.57,28.39,27.1,29.9,24.96,29.9,20.3,9.17,10.32,8.09,40,40,40,48,51,45,33,31,35
Uttarakhand,Haridwar,7.39,7.84,6.88,7.68,8.15,7.14,6.88,7.29,6.44,63.91,63.45,64.44,70.41,66.14,75.29,47.62,56.7,37.25,44.95,48.99,34.8,18.97,21.41,12.82,77,75,79,88,82,96,52,61,42
Uttarakhand,Nainital,5.28,6.07,4.42,5.58,6.5,4.61,4.82,5.45,4.13,28.92,25.54,32.61,26.03,21.13,31.44,33.11,32.01,34.28,20.5,18.1,23.97,8.42,7.93,9.13,36,30,42,36,28,44,37,34,40
Uttarakhand,Pauri Garhwal,7.93,9.75,6.34,8.28,10.34,6.51,5.91,6.59,5.23,37.42,35.37,39.75,38.88,36.59,41.5,27.19,26.77,27.66,24.8,25.32,21.15,12.62,13.57,6.04,45,43,47,47,45,49,33,30,36
Uttarakhand,Pithoragarh,6.16,7.66,4.77,6.8,8.4,5.33,3.27,4.4,2.15,22.91,21.98,24.13,24.94,23.59,26.66,NA,NA,NA,14.39,15.76,NA,8.53,9.18,NA,27,25,29,29,26,32,NA,NA,NA
Uttarakhand,Rudraprayag,6.06,8.11,4.4,6.11,8.2,4.4,NA,NA,NA,19.22,20.77,17,19.35,20.9,18,NA,NA,NA,11.22,11.3,NA,8,8.06,NA,26,27,25,27,27,25,NA,NA,NA
Uttarakhand,Tehri Garhwal,8.74,11.23,6.72,9.2,12.03,6.98,5.94,6.98,4.82,53.25,50.12,56.84,56.31,53.81,59.14,28.57,22.58,36.56,38.48,40.63,21.2,14.77,15.68,7.37,65,63,67,69,68,70,33,28,40
Uttarakhand,Udham Singh Nagar,5.3,6.04,4.48,5.66,6.45,4.81,4.66,5.33,3.9,34.59,33.78,35.52,40.8,43.99,37.32,22.96,15.92,31.88,26.94,31.04,19.26,7.65,9.76,3.7,44,44,43,47,49,45,36,36,38
Uttarakhand,Uttarkashi,4.63,5.39,3.86,4.78,5.72,3.86,3.6,3.4,3.82,41.57,43.38,39.58,42.81,46.38,38.96,30.1,17.86,45.8,26.26,27.3,16.72,15.31,15.51,13.38,51,52,50,54,56,51,34,22,50

