﻿State_Name,State_District_Name,FF_Children_Currently_Attending_School_Age_6_17_Years_Person_Total,FF_Children_Currently_Attending_School_Age_6_17_Years_Person_Rural,FF_Children_Currently_Attending_School_Age_6_17_Years_Person_Urban,FF_Children_Currently_Attending_School_Age_6_17_Years_Male_Total,FF_Children_Currently_Attending_School_Age_6_17_Years_Male_Rural,FF_Children_Currently_Attending_School_Age_6_17_Years_Male_Urban,FF_Children_Currently_Attending_School_Age_6_17_Years_Female_Total,FF_Children_Currently_Attending_School_Age_6_17_Years_Female_Rural,FF_Children_Currently_Attending_School_Age_6_17_Years_Female_Urban,FF_Children_Attended_Before_Drop_Out_Age_6_17_Years_Person_Total,FF_Children_Attended_Before_Drop_Out_Age_6_17_Years_Person_Rural,FF_Children_Attended_Before_Drop_Out_Age_6_17_Years_Person_Urban,FF_Children_Attended_Before_Drop_Out_Age_6_17_Years_Male_Total,FF_Children_Attended_Before_Drop_Out_Age_6_17_Years_Male_Rural,FF_Children_Attended_Before_Drop_Out_Age_6_17_Years_Male_Urban,FF_Children_Attended_Before_Drop_Out_Age_6_17_Years_Female_Total,FF_Children_Attended_Before_Drop_Out_Age_6_17_Years_Female_Rural,FF_Children_Attended_Before_Drop_Out_Age_6_17_Years_Female_Urban
Assam,Barpeta,89.6,89.7,88.9,86.5,86.5,85.9,93.1,93.1,92.6,10,10,10.6,13.2,13.2,13.9,6.5,6.5,6.6
Assam,Bongaigaon,90.7,90,96.3,88.1,87.2,95.8,93.5,93.2,96.9,9.2,9.9,3.7,11.9,12.7,4.2,6.3,6.6,3.1
Assam,Cachar,85.5,84.9,88.8,84.8,84.3,87.1,86.4,85.6,90.7,13.2,13.7,10.2,14.1,14.5,11.8,12.2,12.9,8.5
Assam,Darrang,88.2,87.9,NA,86.4,86,NA,90.1,89.8,NA,10.9,11.2,NA,12.7,13.1,NA,9,9.2,NA
Assam,Dhemaji,93.8,93.7,95,93.2,93.1,94.7,94.3,94.2,95.3,5.9,6,4.6,6.5,6.6,4.9,5.4,5.5,4.3
Assam,Dhubri,88.2,88.1,89.6,84.3,84.3,85,92.6,92.4,94,9.7,9.6,9.9,13.1,13,14.3,5.8,5.8,5.8
Assam,Dibrugarh,87.9,86.6,93.2,87.4,86.2,92.3,88.5,87,94.3,10.5,11.8,5.7,11.3,12.5,6.5,9.8,11,4.8
Assam,Goalpara,88.1,88.2,87.9,83.2,83.2,84.1,93.6,93.8,92.1,11.6,11.5,11.9,16.4,16.5,15.7,6.1,6,7.5
Assam,Golaghat,87.3,86.7,92,86.6,86.1,90.4,88,87.4,93.7,11.7,12.1,7.7,12.6,13,9.2,10.6,11.2,5.9
Assam,Hailakandi,85.8,85.5,NA,83.8,83.6,NA,87.9,87.4,NA,13.7,14,NA,15.8,16,NA,11.5,11.9,NA
Assam,Jorhat,88.6,87.7,91.9,88,87.3,90.2,89.3,88,93.7,10.4,11.2,7.5,11.2,11.8,9.1,9.5,10.6,5.6
Assam,Kamrup,93.8,92.4,95.4,92.2,90.3,94.4,95.4,94.6,96.4,6,7.5,4.3,7.6,9.6,5.3,4.3,5.2,3.3
Assam,Karbi Anglong,92.6,91.9,95.5,91.8,91,95,93.5,92.8,96.1,6.8,7.6,4,7.6,8.5,4.5,6,6.6,3.4
Assam,Karimganj,82.8,82.1,NA,83.3,82.6,NA,82.2,81.5,NA,14.5,15.1,NA,14.5,15.1,NA,14.5,15.1,NA
Assam,Kokrajhar,89.3,89.1,NA,88.5,88.2,NA,90.3,90.1,NA,9.7,9.9,NA,10.9,11.1,NA,8.4,8.6,NA
Assam,Lakhimpur,90.6,90.1,NA,90.2,89.8,NA,91,90.5,NA,9,9.4,NA,9.6,10,NA,8.4,8.9,NA
Assam,Marigaon,88.8,88.6,92.9,85,84.7,91.1,92.8,92.7,94.8,11,11.2,6.9,14.7,15,8.6,7.1,7.2,5
Assam,Nagaon,88.1,88,89.2,85.2,85.1,85.8,91.3,91,92.9,10.9,11.1,10.3,13.6,13.7,13.5,8.1,8.3,6.7
Assam,Nalbari,93.6,93.6,NA,92.3,92.2,NA,94.9,95,NA,6.2,6.3,NA,7.5,7.6,NA,4.9,4.9,NA
Assam,North Cachar Hills,96.3,96.8,95.8,96.3,97.1,95.4,96.3,96.4,96.2,3.6,3.1,4,3.6,2.8,4.5,3.5,3.4,3.6
Assam,Sibsagar,87.4,86.9,93.9,85.9,85.5,91.6,89.1,88.5,96.1,10.7,11.1,5.2,12.4,12.8,7.2,8.9,9.3,3.3
Assam,Sonitpur,86.7,86.1,93.7,85.8,85.2,91.7,87.7,87,95.9,12.6,13.2,6.2,13.7,14.3,8.2,11.5,12.1,3.9
Assam,Tinsukia,82.9,81.2,91.6,83,81.5,90.8,82.8,80.9,92.5,14.2,15.5,7.5,14.6,15.9,8.4,13.8,15.2,6.5
Bihar,Araria,94.4,94.1,NA,95.7,95.5,NA,93,92.5,NA,2.7,2.8,NA,1.7,1.7,NA,3.8,4,NA
Bihar,Aurangabad,95.9,95.9,95.9,95.7,95.8,94.6,96.2,96.1,97.2,3,3,3.2,3.5,3.4,4.6,2.4,2.5,1.6
Bihar,Banka,92.8,92.7,NA,93.5,93.4,NA,92,91.9,NA,4.5,4.5,NA,4.3,4.4,NA,4.7,4.7,NA
Bihar,Begusarai,94.4,94.5,NA,94,94.1,NA,94.9,94.9,NA,3.3,3.1,NA,3.8,3.6,NA,2.7,2.5,NA
Bihar,Bhagalpur,93.5,93,95.6,93.9,93.8,94.4,92.9,92.1,96.9,4.3,4.6,2.7,4.9,4.9,4.7,3.7,4.4,0.5
Bihar,Bhojpur,94.3,94,95.8,95.7,95.8,95,92.8,92.2,96.7,4.6,4.8,3.3,3.8,3.7,4.1,5.4,6,2.2
Bihar,Buxar,95.3,95.2,96.3,95.6,95.4,96.8,94.9,94.9,95.8,3.2,3.2,3,3.5,3.6,2.5,2.8,2.8,3.5
Bihar,Darbhanga,96.3,96.4,95.1,97.7,97.9,94.6,94.7,94.7,95.7,2.3,2.2,3.2,1.2,1,4.4,3.4,3.5,1.7
Bihar,Gaya,93.5,93,95.2,94.8,94.8,94.8,92.2,91.3,95.6,4.4,4.7,3.2,3.7,3.7,3.6,5.1,5.7,2.8
Bihar,Gopalganj,98.6,98.5,99.2,98.7,98.6,99.1,98.5,98.4,99.2,1,1.1,0.5,1.3,1.3,0.6,0.7,0.8,0.3
Bihar,Jamui,91.6,91.4,NA,94.2,94.1,NA,88.8,88.5,NA,5.8,5.8,NA,4.7,4.8,NA,6.9,7,NA
Bihar,Jehanabad,96,96.1,95.4,96.6,96.8,95.2,95.4,95.4,95.7,2.8,2.8,2.8,2.8,2.7,3.4,2.7,2.8,2.2
Bihar,Kaimur (Bhabua),97,97.1,NA,96.5,96.5,NA,97.6,97.7,NA,2.2,2.2,NA,3,3,NA,1.3,1.2,NA
Bihar,Katihar,93,92.6,98.7,93.4,93,99,92.6,92.3,98.5,5.4,5.7,0.7,5.3,5.6,0.6,5.6,5.9,0.9
Bihar,Khagaria,97,96.8,99.7,97.1,97,99.5,96.8,96.6,99.8,1.7,1.7,0.2,1.7,1.8,0.3,1.6,1.7,0.2
Bihar,Kishanganj,90.9,90.5,93.8,91.7,91.7,91.7,90,89.3,95.8,7.1,7.4,3.9,6.4,6.4,5.8,7.7,8.4,2
Bihar,Lakhisarai,93.6,93.5,94.2,93.9,93.9,93.3,93.3,93,95.3,3.6,3.7,3.2,3.9,3.9,3.9,3.3,3.4,2.4
Bihar,Madhepura,96.3,96.3,NA,96.7,96.6,NA,95.9,95.9,NA,1.9,1.9,NA,2,2,NA,1.8,1.8,NA
Bihar,Madhubani,96.6,96.5,NA,98,98,NA,95,95,NA,2.2,2.2,NA,1.1,1.1,NA,3.3,3.3,NA
Bihar,Munger,94.3,93.8,95.5,94,94,94,94.7,93.7,97.1,3.9,4,3.5,4.4,4.2,4.8,3.4,3.9,2.1
Bihar,Muzaffarpur,97.6,97.5,98.7,97.5,97.4,98.2,97.8,97.7,99.3,1.3,1.3,1.2,1.6,1.5,1.8,1,1.1,0.5
Bihar,Nalanda,93.9,93.3,97.1,95.4,95.1,97.2,92.4,91.6,96.9,3.7,4.4,0,3.3,3.9,0,4.2,5,0
Bihar,Nawada,93.1,92.8,95.9,94.6,94.3,97.4,91.6,91.3,94.2,3.6,3.9,0.4,3.2,3.6,0,4,4.3,0.8
Bihar,Pashchim Champaran,97.9,97.9,98,98.1,98.1,97.5,97.7,97.6,98.6,1.4,1.4,1.7,1.4,1.4,2.2,1.4,1.5,1
Bihar,Patna,94.2,92,96.9,94.2,92.7,96.1,94.2,91.3,97.9,3.8,4.8,2.4,4.1,4.9,3.3,3.3,4.8,1.4
Bihar,Purba Champaran,94.6,96.5,NA,93.6,95.6,NA,95.8,97.6,NA,4.3,2.4,NA,5.4,3.5,NA,3,1.1,NA
Bihar,Purnia,96.3,96.2,NA,96.4,96.5,NA,96.2,95.9,NA,1.4,1.3,NA,1.8,1.7,NA,1,1,NA
Bihar,Rohtas,95.8,95.9,94.9,95.4,95.6,93.7,96.2,96.2,96.3,3.2,3.1,3.3,3.6,3.5,4.3,2.7,2.7,2.2
Bihar,Saharsa,92.9,92.4,96.4,94.6,94.5,95.3,91,90,97.6,3.9,4.2,1.9,3.1,3.1,2.8,4.8,5.4,0.9
Bihar,Samastipur,99,99,NA,98.9,98.9,NA,99.3,99.2,NA,0.6,0.6,NA,0.7,0.7,NA,0.4,0.4,NA
Bihar,Saran,98.4,98.6,97,98.4,98.6,97.1,98.5,98.7,96.8,0.8,0.7,1.6,0.8,0.7,1.7,0.7,0.6,1.5
Bihar,Sheikhpura,93.4,92.8,96.8,95.1,94.4,99.1,91.7,91.2,94.4,3.9,4.2,2,3.5,4.1,0,4.3,4.3,4.1
Bihar,Sheohar,94,94.9,NA,94.5,94.9,NA,93.4,94.9,NA,3.8,3.3,NA,3.3,3.3,NA,4.3,3.3,NA
Bihar,Sitamarhi,95.5,95.4,NA,95.7,95.6,NA,95.4,95.2,NA,1.8,1.9,NA,2,2.1,NA,1.7,1.8,NA
Bihar,Siwan,98.6,98.6,98.9,98.6,98.6,98.7,98.7,98.6,99,0.8,0.8,0.5,0.8,0.8,0.6,0.7,0.7,0.4
Bihar,Supaul,96.3,96.2,NA,96.9,96.8,NA,95.7,95.6,NA,1.8,1.8,NA,1.9,1.9,NA,1.8,1.8,NA
Bihar,Vaishali,98,97.9,98.8,97.7,97.6,98.3,98.4,98.3,99.5,1.1,1.1,1,1.4,1.4,1.5,0.7,0.8,0.5
Chhattisgarh,Bastar,93.95,93.63,97.97,94.23,93.98,97.34,93.66,93.25,98.6,3.64,3.8,1.65,3.68,3.79,2.28,3.6,3.81,1.02
Chhattisgarh,Bilaspur,93.17,92.62,94.45,93.08,92.94,93.4,93.27,92.28,95.58,5.39,5.66,4.76,5.79,5.82,5.71,4.97,5.48,3.74
Chhattisgarh,Dantewada,88.58,87.68,96.97,89.97,89.36,95.85,87.12,85.9,98.07,4.84,5.1,2.44,5.01,5.19,3.28,4.66,5,1.61
Chhattisgarh,Dhamtari,94.98,95.13,93.68,94.14,94.43,91.47,95.85,95.85,95.82,4.88,4.75,6.02,5.76,5.48,8.23,3.98,3.99,3.88
Chhattisgarh,Durg,95.35,94.53,97.05,94.79,93.88,96.41,95.91,95.13,97.88,4.32,5.12,2.65,4.85,5.81,3.16,3.77,4.48,2
Chhattisgarh,Janjgir-Champa,95.08,94.98,96.22,95.08,94.96,96.14,95.08,94.99,96.34,4.04,4.09,3.48,4.24,4.32,3.55,3.84,3.87,3.36
Chhattisgarh,Jashpur,93.82,93.65,NA,93.4,93.21,NA,94.26,94.12,NA,4.98,5.1,NA,5.63,5.78,NA,4.3,4.4,NA
Chhattisgarh,Kanker,97.49,97.43,NA,97.25,97.2,NA,97.74,97.68,NA,2.36,2.41,NA,2.54,2.6,NA,2.17,2.22,NA
Chhattisgarh,Kawardha,93.27,92.76,NA,94.03,93.62,NA,92.5,91.9,NA,5.36,5.71,NA,5.01,5.28,NA,5.71,6.15,NA
Chhattisgarh,Korba,94.85,93.67,96.6,94.59,93.41,96.29,95.12,93.93,96.93,4.44,5.47,2.92,4.74,5.75,3.28,4.13,5.18,2.53
Chhattisgarh,Koriya,96.76,96.33,97.94,96.64,96.24,97.68,96.9,96.43,98.24,2.85,3.2,1.92,3,3.32,2.16,2.7,3.07,1.63
Chhattisgarh,Mahasamund,93.44,93.52,92.7,93.25,93.21,93.59,93.63,93.84,91.68,6.02,6.04,5.87,6.27,6.39,5.21,5.77,5.67,6.63
Chhattisgarh,Raigarh,93.61,93.17,96.32,93.2,92.76,95.96,94.05,93.61,96.68,6,6.45,3.21,6.47,6.95,3.39,5.51,5.92,3.03
Chhattisgarh,Raipur,94.45,93.97,95.79,94.19,93.81,95.24,94.73,94.15,96.39,4.72,5.05,3.79,5.08,5.36,4.33,4.32,4.72,3.19
Chhattisgarh,Rajnandgaon,96.17,96.15,96.32,95.76,95.94,94.73,96.61,96.36,98.06,3.68,3.71,3.5,4.1,3.93,5.01,3.23,3.47,1.85
Chhattisgarh,Surguja,93.49,93.17,97.73,93.21,92.92,97.01,93.8,93.45,98.56,4.8,5.03,1.76,5.35,5.58,2.31,4.18,4.41,1.12
Jharkhand,Bokaro,94.2,92.4,96,94,92,95.9,94.5,92.8,96.2,4.7,6.1,3.4,5.2,6.9,3.6,4.2,5.2,3.2
Jharkhand,Chatra,92,91.7,95.1,92.5,92.4,93.3,91.5,90.9,96.8,5.2,5.3,3.6,4.9,4.8,5.7,5.5,5.9,1.6
Jharkhand,Deoghar,91.1,90.3,95.1,91.7,90.8,96.4,90.3,89.8,93.7,7.3,8,3.3,7,7.8,2.9,7.6,8.3,3.8
Jharkhand,Dhanbad,91.7,91.5,91.8,91.4,91.7,91.2,92.1,91.3,92.6,6.8,7.1,6.5,7.2,7.3,7.1,6.3,6.9,5.9
Jharkhand,Dumka,87.5,87.1,93.6,87.4,86.9,93.6,87.7,87.2,93.7,10.3,10.7,5.9,10.9,11.3,5.7,9.7,9.9,6.1
Jharkhand,Garhwa,96.1,96.2,NA,96.5,96.7,NA,95.7,95.8,NA,2.6,2.4,NA,2.6,2.3,NA,2.6,2.6,NA
Jharkhand,Giridih,92.7,92.7,93.3,92.9,93,91.5,92.5,92.3,95.1,5.8,5.8,6.2,5.8,5.7,8.4,5.7,5.8,4.1
Jharkhand,Godda,90.5,90.3,NA,90.8,90.7,NA,90.1,89.9,NA,6.7,6.9,NA,6.9,7,NA,6.5,6.7,NA
Jharkhand,Gumla,90.2,90,93.3,89.8,89.6,92,90.7,90.4,94.6,7.9,8.1,5.2,8.6,8.7,6.4,7.2,7.4,3.9
Jharkhand,Hazaribagh,96.4,96.2,97.1,96,95.9,96,96.8,96.5,98.2,3.1,3.3,2.5,3.6,3.6,3.6,2.6,3,1.4
Jharkhand,Kodarma,96.4,96.2,97.3,96.3,96.2,96.7,96.5,96.3,97.8,2.9,3,2.4,3.1,3.1,3.1,2.6,2.9,1.6
Jharkhand,Lohardaga,91.9,91.7,93.7,91,90.8,92.7,92.8,92.6,94.8,7.1,7.3,5.7,8.1,8.3,6.3,6.1,6.2,5
Jharkhand,Pakaur,80.5,79.9,NA,78.8,78.1,NA,82.3,81.9,NA,11.6,11.9,NA,13.5,13.8,NA,9.6,9.7,NA
Jharkhand,Palamu,93.6,93.3,97.6,94,93.8,96.2,93.1,92.8,99,3.9,4.1,1.4,4,4.1,2.3,3.8,4,0.4
Jharkhand,Pashchimi Singhbhum,84,82.5,93,85.2,83.9,92.2,82.8,80.9,93.9,10.4,11.2,5.9,10.3,10.9,7,10.5,11.4,4.7
Jharkhand,Purbi Singhbhum,92.5,90.5,94,91.9,90,93.4,93.1,91,94.7,6.3,7.9,5.2,7,8.7,5.7,5.6,7,4.5
Jharkhand,Ranchi,92.5,91.4,94.5,91.5,90.5,93.4,93.6,92.4,95.7,6.6,7.5,4.9,7.6,8.4,6,5.5,6.5,3.8
Jharkhand,Sahibganj,89.4,88.7,94.5,89.2,88.6,93.9,89.6,88.9,95.2,6.6,6.9,4.4,7.1,7.4,5.1,6,6.3,3.6
Madhya Pradesh,Balaghat,97.6,97.5,98.4,96.9,96.7,97.9,98.4,98.3,98.9,2.3,2.4,1.5,3,3.2,1.9,1.5,1.6,1.1
Madhya Pradesh,Barwani,77.2,76,83.9,77.4,76.3,83.2,77,75.7,84.9,13.5,13.7,12.1,13.6,13.8,12.4,13.3,13.6,11.6
Madhya Pradesh,Betul,97.2,97,98.6,97,96.8,98.2,97.5,97.2,99,2.5,2.7,1.3,2.7,2.9,1.6,2.2,2.5,0.9
Madhya Pradesh,Bhind,93,92.9,93.3,93.4,93.4,93.3,92.5,92.1,93.2,6.3,6.5,5.9,5.8,5.8,5.7,6.9,7.3,6.2
Madhya Pradesh,Bhopal,92.7,87.6,94,92.2,87.4,93.4,93.3,87.9,94.6,7,11.7,5.9,7.5,11.9,6.4,6.5,11.6,5.2
Madhya Pradesh,Chhatarpur,96.5,96.3,97,96.1,95.9,96.9,96.9,96.8,97.2,3.2,3.3,2.8,3.5,3.6,3.1,2.8,2.9,2.6
Madhya Pradesh,Chhindwara,97.5,97.1,98.9,97.2,96.8,98.5,97.8,97.3,99.3,2.3,2.7,1.1,2.5,2.8,1.5,2.1,2.5,0.7
Madhya Pradesh,Damoh,95.5,95.7,95,94.7,95.1,93.1,96.4,96.2,97,4.1,4,4.6,4.9,4.5,6.2,3.4,3.5,2.8
Madhya Pradesh,Datia,93.3,93,94,94,93.9,94.4,92.5,92,93.6,6.2,6.6,5.4,5.7,5.8,5.3,7,7.7,5.6
Madhya Pradesh,Dewas,92.3,91.9,93.2,93.1,92.9,93.4,91.4,90.7,92.9,6.2,6.5,5.6,5.8,5.9,5.6,6.8,7.3,5.7
Madhya Pradesh,Dhar,87,86.2,90.8,87.2,86.4,91.3,86.7,86,90.2,10.6,11.2,7.7,10.3,10.8,7.9,10.9,11.6,7.6
Madhya Pradesh,Dindori,96.1,96,NA,95.9,95.8,NA,96.3,96.2,NA,3.7,3.8,NA,3.9,4,NA,3.5,3.6,NA
Madhya Pradesh,East Nimar,83.8,81.3,91.5,84.6,82.9,90.4,82.8,79.7,92.7,12.8,14.5,7.5,12.3,13.6,8.1,13.4,15.4,6.9
Madhya Pradesh,Guna,88.2,86.7,92.3,89.4,88.6,91.6,86.7,84.5,93.2,9.7,11.1,5.9,8.8,9.6,6.5,10.8,12.8,5.1
Madhya Pradesh,Gwalior,93.6,92.2,94.3,93.7,93.2,93.9,93.4,91,94.7,5.7,6.9,5.1,5.5,5.7,5.4,6,8.3,4.7
Madhya Pradesh,Harda,97.6,97.3,98.8,97.9,97.6,99,97.2,96.9,98.6,2,2.3,1.1,1.7,1.9,1,2.4,2.6,1.3
Madhya Pradesh,Hoshangabad,97.7,97.3,98.4,97.8,97.5,98.2,97.5,97,98.7,2.2,2.6,1.4,2.1,2.3,1.6,2.4,2.9,1.2
Madhya Pradesh,Indore,93.7,90.9,94.7,93.9,91.8,94.6,93.5,89.9,95,5.7,8.2,4.8,5.6,7.3,5,5.9,9.2,4.6
Madhya Pradesh,Jabalpur,95.9,95.1,96.5,95.3,94.4,95.9,96.5,95.7,97.2,3.9,4.6,3.2,4.4,5.3,3.8,3.3,4.1,2.6
Madhya Pradesh,Jhabua,72.3,71,86.2,74.2,73,86.9,70.2,68.8,85.5,10.9,10.9,10.1,10.6,10.8,8.6,11.2,11.2,11.8
Madhya Pradesh,Katni,96,95.8,96.9,96.1,95.9,96.7,95.9,95.6,97,3.8,4,3.1,3.7,3.8,3.2,3.9,4.3,2.9
Madhya Pradesh,Mandla,96.4,96.4,97.1,96.6,96.6,96.6,96.3,96.2,97.6,3.3,3.4,2.7,3.1,3.1,3.1,3.5,3.6,2.2
Madhya Pradesh,Mandsaur,90.1,90.8,87.9,90.9,92,87.1,89.3,89.4,88.8,9,8.3,11.6,8.4,7.3,12.4,9.7,9.4,10.7
Madhya Pradesh,Morena,92.8,92.8,93,93.8,94.1,93.3,91.5,91.1,92.5,6.5,6.7,6,5.5,5.4,5.8,7.8,8.5,6.4
Madhya Pradesh,Narsimhapur,97.9,97.7,98.9,97.8,97.7,98.5,98,97.8,99.3,1.8,1.9,1,1.9,2,1.4,1.7,1.9,0.7
Madhya Pradesh,Neemuch,92.8,91.8,94.6,93.3,92.6,94.6,92.2,90.9,94.6,6.8,7.6,5.3,6.4,7,5.2,7.3,8.4,5.3
Madhya Pradesh,Panna,94.3,94.2,94.7,94.2,94.2,94.7,94.3,94.2,94.7,4.5,4.5,4.8,4.7,4.7,4.8,4.3,4.2,4.9
Madhya Pradesh,Raisen,95.9,95.4,97.8,95.8,95.2,97.6,96.1,95.6,97.9,3.2,3.5,2.1,3.2,3.4,2.3,3.2,3.5,2
Madhya Pradesh,Rajgarh,91.1,90.3,95.3,92.5,91.7,96.4,89.6,88.8,94,8.2,8.8,4.7,7,7.6,3.6,9.5,10.1,6
Madhya Pradesh,Ratlam,90.8,88.2,94.3,92,90.3,94.4,89.3,85.6,94.2,7.5,9.7,4.5,6.5,8.1,4.3,8.6,11.7,4.6
Madhya Pradesh,Rewa,97.7,97.7,97.3,97.6,97.7,96.8,97.8,97.7,97.9,2,1.9,2.5,2.1,1.9,2.8,2,2,2.1
Madhya Pradesh,Sagar,96.1,96.1,96,95.6,95.9,94.9,96.7,96.4,97.3,3.6,3.5,3.6,4,3.7,4.7,3,3.4,2.4
Madhya Pradesh,Satna,96.8,97.3,95.4,96.3,97,94.7,97.2,97.6,96.1,3,2.6,4.2,3.4,2.9,4.8,2.6,2.2,3.6
Madhya Pradesh,Sehore,96,96.8,92.2,96.2,97.2,91.9,95.7,96.3,92.6,3.2,2.2,7.6,2.8,1.7,7.8,3.6,2.9,7.4
Madhya Pradesh,Seoni,97.5,97.4,99.4,97.1,96.9,99.2,98,97.9,99.5,2.4,2.6,0.6,2.9,3.1,0.8,2,2.1,0.5
Madhya Pradesh,Shahdol,98.4,98.2,98.8,97.9,97.6,98.6,99,98.9,99.1,1.4,1.7,0.7,1.9,2.3,0.9,0.9,1,0.4
Madhya Pradesh,Shajapur,90.3,91.3,87.5,91.3,92.9,86,89.3,89.3,89.1,9.1,8.1,12,8.3,6.6,13.4,10,9.8,10.4
Madhya Pradesh,Sheopur,88.8,88.6,90.3,89.8,89.7,90.5,87.6,87.2,90,9,9.1,8.6,8.3,8.3,8.5,9.9,10.1,8.8
Madhya Pradesh,Shivpuri,91.1,90.8,92.7,90.5,90.3,91.5,91.8,91.5,93.9,7.8,7.9,6.8,8.3,8.4,7.8,7.1,7.4,5.6
Madhya Pradesh,Sidhi,97.5,97.2,99.3,96.9,96.6,99.2,98,97.8,99.4,1.6,1.8,0.3,1.9,2.1,0.5,1.3,1.5,0.1
Madhya Pradesh,Tikamgarh,96.9,96.7,98,96.5,96.3,97.5,97.4,97.2,98.5,2.6,2.8,1.8,3,3.1,2.2,2.2,2.4,1.4
Madhya Pradesh,Ujjain,87.7,85.9,90.6,89.8,89.1,90.9,85.1,82.1,90.3,10.7,12.2,8.1,8.8,9.4,7.9,13.1,15.6,8.5
Madhya Pradesh,Umaria,97.3,97.1,98.1,97,96.9,97.3,97.6,97.4,99,2.4,2.6,1.8,2.8,2.8,2.6,2.1,2.3,1
Madhya Pradesh,Vidisha,97.8,97.5,98.6,97.5,97.2,98.2,98.2,97.9,99,1.9,2.2,1.1,2.2,2.5,1.3,1.6,1.8,0.9
Madhya Pradesh,West Nimar,84.5,83.9,88.3,84.4,83.9,87.5,84.6,83.8,89.1,12.1,12.4,10.5,12.5,12.7,11.3,11.6,12,9.5
Odisha,Anugul,83.78,83.08,87.5,84.74,84.26,87.15,82.76,81.85,87.91,15.99,16.75,11.94,15.04,15.55,12.48,16.98,17.99,11.32
Odisha,Balangir,85.04,84.41,92.69,86.57,86.16,91.68,83.32,82.44,93.78,14.71,15.32,7.31,13.24,13.63,8.32,16.37,17.22,6.22
Odisha,Baleshwar,89.56,89.55,89.67,89.53,89.63,88.61,89.6,89.47,90.76,10.28,10.32,9.91,10.4,10.28,11.39,10.16,10.37,8.37
Odisha,Bargarh,79.47,78.59,89.38,79.5,78.68,88.46,79.44,78.49,90.39,20.35,21.24,10.47,20.38,21.2,11.39,20.33,21.28,9.45
Odisha,Baudh,86.42,86.27,NA,86.94,86.86,NA,85.89,85.66,NA,13.07,13.21,NA,12.65,12.71,NA,13.51,13.71,NA
Odisha,Bhadrak,86.29,86.9,81.8,87.53,88.61,79.75,85.05,85.19,83.98,13.32,12.73,17.7,12.16,11.09,19.77,14.5,14.36,15.52
Odisha,Cuttack,88.26,87.13,91.81,89.02,88.19,91.78,87.37,85.88,91.83,11.05,12.19,7.47,10.43,11.22,7.82,11.77,13.33,7.09
Odisha,Debagarh,82.25,81.66,87.89,82.73,82.21,87.92,81.76,81.07,87.85,17.35,17.91,12.11,17.13,17.64,12.08,17.58,18.19,12.15
Odisha,Dhenkanal,83.23,82.8,87.93,84.97,84.71,87.78,81.43,80.83,88.1,16.58,17.01,11.84,14.94,15.19,12.22,18.29,18.9,11.43
Odisha,Gajapati,84.54,84.03,90.82,86.73,86.4,90.87,82.2,81.5,90.77,12.07,12.39,8.09,10.84,11.07,7.96,13.37,13.79,8.23
Odisha,Ganjam,85.2,84.88,87.2,87.34,87.53,86.27,83.04,82.25,88.23,13.84,14.14,11.97,11.81,11.72,12.39,15.88,16.55,11.5
Odisha,Jagatsinghapur,97.19,97.25,96.76,97.32,97.35,97.12,97.05,97.14,96.42,2.33,2.32,2.45,2.34,2.37,2.08,2.33,2.26,2.8
Odisha,Jajapur,86.6,86.47,NA,87.51,87.4,NA,85.65,85.53,NA,12.67,12.77,NA,11.83,11.93,NA,13.53,13.62,NA
Odisha,Jharsuguda,84.38,81.05,89.61,84.39,81.36,89.02,84.37,80.71,90.28,15.52,18.87,10.25,15.54,18.57,10.89,15.5,19.2,9.51
Odisha,Kalahandi,82.81,81.83,NA,84.55,83.81,NA,80.96,79.73,NA,14.06,14.99,NA,13.05,13.85,NA,15.14,16.2,NA
Odisha,Kandhamal,93.39,93.24,95.1,93.92,93.7,96.39,92.81,92.76,93.45,5.55,5.65,4.37,4.98,5.1,3.61,6.17,6.23,5.34
Odisha,Kendrapara,87.49,87.35,89.81,88.82,88.69,91.18,86.18,86.03,88.59,12.26,12.38,10.19,10.92,11.04,8.82,13.56,13.7,11.41
Odisha,Kendujhar,82.23,81.91,83.76,82.31,82.08,83.42,82.15,81.73,84.08,16.72,17.09,14.97,16.74,16.9,15.97,16.7,17.29,13.99
Odisha,Khordha,88.84,86.49,92.14,88.9,86.58,92,88.78,86.4,92.3,10.31,12.69,6.97,10.19,12.51,7.1,10.43,12.87,6.81
Odisha,Koraput,76.04,74.11,87.05,77.92,76.25,87.07,74.02,71.84,87.03,17.09,18.37,9.75,16.68,17.99,9.52,17.53,18.78,10.02
Odisha,Malkangiri,81.12,80.27,90.66,81.94,81.18,90.7,80.25,79.31,90.63,13.14,13.58,8.17,13.15,13.57,8.28,13.13,13.59,8.05
Odisha,Mayurbhanj,85.4,85.1,90.29,85.2,84.88,90.14,85.61,85.32,90.46,12.4,12.6,9.22,13.2,13.43,9.63,11.57,11.74,8.76
Odisha,Nabarangapur,71.28,70.46,NA,72.22,71.46,NA,70.27,69.39,NA,20.76,21.31,NA,20.74,21.29,NA,20.78,21.34,NA
Odisha,Nayagarh,85.75,85.62,NA,87.12,87.01,NA,84.24,84.08,NA,13.74,13.87,NA,12.32,12.41,NA,15.31,15.49,NA
Odisha,Nuapada,86.19,86,NA,87.71,87.57,NA,84.51,84.26,NA,12.49,12.64,NA,11.32,11.44,NA,13.79,13.97,NA
Odisha,Puri,89.49,89.22,90.87,89.94,89.87,90.28,89.02,88.54,91.53,10.08,10.53,7.72,9.72,9.92,8.67,10.46,11.18,6.68
Odisha,Rayagada,78.84,76.45,92.56,81.09,78.93,93.77,76.48,73.85,91.35,15.41,17.09,5.77,14.55,16.2,4.85,16.32,18.03,6.69
Odisha,Sambalpur,78.82,74.82,85.11,78.41,74.82,83.84,79.27,74.82,86.51,21.06,25.04,14.81,21.44,24.95,16.11,20.66,25.13,13.37
Odisha,Sonapur,87.8,87.76,88.42,87.5,87.53,86.92,88.1,88,90,11.72,11.74,11.44,11.9,11.85,12.81,11.54,11.62,10
Odisha,Sundargarh,88.16,85.88,93.18,87.57,85.43,92.4,88.83,86.41,94.03,11.49,13.74,6.51,12.1,14.21,7.33,10.79,13.21,5.61
Rajasthan,Ajmer,86.7,84.5,90.4,89.8,89.4,90.4,83.2,78.6,90.4,10.9,13.2,7.1,9,9.6,8,13.1,17.6,6
Rajasthan,Alwar,95.2,95.2,95.7,96.1,96.1,96.4,94.1,94,95,4.1,4.1,3.9,3.5,3.5,3.2,4.7,4.7,4.7
Rajasthan,Banswara,85.9,85.4,NA,88.4,88,NA,83.1,82.5,NA,9,9.2,NA,8,8.2,NA,10.1,10.4,NA
Rajasthan,Baran,86.8,85.5,94.2,91.3,90.9,93.6,82,79.9,94.8,10.5,11.4,5.6,6.8,6.9,6.1,14.5,16.1,5.1
Rajasthan,Barmer,79.9,79.3,89.4,86.8,86.5,91.4,72.4,71.4,87.2,13.4,13.6,9.7,9.7,9.8,8,17.4,17.8,11.4
Rajasthan,Bharatpur,90.1,90.2,89.5,93.1,93.7,90.7,86.3,85.9,88,7.8,7.6,8.4,5.6,5.2,7.4,10.5,10.7,9.6
Rajasthan,Bhilwara,84,82.5,90.9,88,87.5,90.3,79.4,76.9,91.6,10.5,11,8.2,9.4,9.4,9.2,11.7,12.6,7.1
Rajasthan,Bikaner,84.8,82.9,88.7,87.7,86.4,90.2,81.5,79.1,86.7,12.9,15,8.9,10.6,12,8.1,15.6,18.2,10
Rajasthan,Bundi,88.6,87.3,93.7,91.9,91.2,94.6,84.8,82.9,92.7,8.7,9.5,5.3,6.6,7,5.1,11.1,12.4,5.5
Rajasthan,Chittaurgarh,83.4,81,95.1,85.9,84,95.1,80.7,77.8,95,10.5,11.8,4.4,9.5,10.6,4.3,11.6,13.1,4.6
Rajasthan,Churu,89.7,89.8,89.3,91.6,92,90.5,87.5,87.3,87.9,8.9,8.9,8.9,7.3,7.3,7.4,10.8,10.9,10.5
Rajasthan,Dausa,93.7,93.6,94,96,96,95.4,90.9,90.8,92.2,5.2,5.3,4.6,3.3,3.3,3.5,7.4,7.5,6
Rajasthan,Dhaulpur,91.6,91.7,91.3,92.9,93.3,92,89.9,89.6,90.5,6.6,6.6,6.7,5.8,5.6,6.2,7.7,7.9,7.1
Rajasthan,Dungarpur,87.3,87,91.2,89.6,89.2,95.1,84.9,84.7,87,9.6,9.7,8,8.5,8.8,4.5,10.8,10.7,11.6
Rajasthan,Ganganagar,89.7,89,91.7,89.8,88.9,92.4,89.5,89.2,90.7,8.6,9.3,6.5,8.5,9.4,6,8.7,9.2,7.2
Rajasthan,Hanumangarh,91.4,91.9,89.6,92.1,92.6,90,90.7,91.1,89.2,7.7,7.5,8.8,7.3,6.9,8.8,8.2,8.1,8.7
Rajasthan,Jaipur,92.9,94,91.6,94.7,96.2,92.9,90.8,91.4,90,5.8,4.7,7,4.5,3.2,6,7.3,6.4,8.3
Rajasthan,Jaisalmer,78.2,76,93.4,84,82.4,94.5,71.2,68.2,91.9,11.9,12.9,5.1,9.6,10.4,3.9,14.8,16,6.5
Rajasthan,Jalor,78.5,78,84.4,87.8,87.6,90.4,68.9,68.1,77.9,15.2,15.5,10.6,9.1,9.3,7.4,21.4,22,14.2
Rajasthan,Jhalawar,84.9,83.8,91.3,88.3,88,90.1,81.2,79.3,92.9,11.6,12.4,7.3,9.6,9.8,8.3,13.9,15.1,6.2
Rajasthan,Jhunjhunun,94.1,96,88.9,95.3,96.6,91.4,92.6,95.2,85.7,5.2,3.5,9.9,4.1,2.9,7.2,6.7,4.2,13.2
Rajasthan,Jodhpur,87.3,85.1,92.1,91,89.6,94.1,83.3,79.8,90.2,10.4,12.5,6.1,7.5,8.7,4.7,13.6,16.7,7.5
Rajasthan,Karauli,89.5,89.8,88.3,93,94,89,85.2,84.7,87.4,7.6,7.7,7.1,5.4,5.1,6.6,10.3,11,7.7
Rajasthan,Kota,89.3,85.7,92.7,91.5,90,92.9,86.7,81.1,92.5,8.8,11.6,6.2,6.9,8,6,11,15.5,6.4
Rajasthan,Nagaur,89.8,90.4,86.4,92.7,93.3,89,86.7,87.3,83.7,7.3,6.9,9.7,5.7,5.3,8.3,9,8.6,11.2
Rajasthan,Pali,86.3,85.6,88.6,92.1,92.2,91.8,79.8,78.4,85.1,11.3,11.7,9.9,6.8,6.7,7.1,16.3,17.2,13.1
Rajasthan,Rajsamand,86.8,85.7,93.8,89.2,88.4,94.6,84,82.6,92.8,11.2,12.1,5.5,9.6,10.3,5,13,14.1,6.1
Rajasthan,Sawai Madhopur,91.8,91.1,94.1,96.2,96.3,95.6,86.9,85.3,92.3,6.2,6.4,5.3,3.2,3,3.9,9.4,10.2,6.9
Rajasthan,Sikar,93.5,95.1,88.3,95.6,96.5,92.6,91.1,93.5,83.5,5.3,4.2,8.9,3.7,3,6,7.2,5.6,12.2
Rajasthan,Sirohi,76.6,75.2,85.4,85.3,84.6,89.7,67,64.8,80.5,13.8,14.1,12,8.9,9,8.4,19.2,19.7,16.1
Rajasthan,Tonk,90.2,89.4,93,94.6,94.9,93.7,85.1,83,92.1,6.8,7.3,5.2,4.3,4,5,9.8,11.2,5.3
Rajasthan,Udaipur,80.3,76.9,94.4,85.4,83.1,95,74.6,70.4,93.8,12,13.7,4.7,10.4,11.8,4.4,13.8,15.7,5.1
Uttar Pradesh,Agra,83.18,86.06,80.02,83.35,87.93,78.28,82.97,83.87,82,15.17,12.79,17.77,15.06,11.05,19.5,15.29,14.83,15.78
Uttar Pradesh,Aligarh,83.37,85.7,78.17,84.75,87.61,78.32,81.76,83.46,78,14.97,12.94,19.5,13.97,11.44,19.66,16.13,14.69,19.31
Uttar Pradesh,Allahabad,91.45,91.3,92.15,91.54,91.86,90.19,91.36,90.68,94.47,6.42,6.43,6.34,6.18,5.67,8.36,6.68,7.27,3.98
Uttar Pradesh,Ambedkar Nagar,94.68,94.89,NA,94.22,94.33,NA,95.15,95.46,NA,4.56,4.45,5.95,5.04,5,5.43,4.08,3.89,6.47
Uttar Pradesh,Auraiya,92.51,91.76,96.51,91.91,91.17,95.85,93.2,92.43,97.27,6.61,7.29,NA,7.24,7.89,NA,5.89,6.6,NA
Uttar Pradesh,Azamgarh,94.72,94.74,94.44,94.68,94.74,94,94.76,94.75,94.92,4.02,3.95,4.81,4.09,3.95,5.64,3.94,3.94,3.91
Uttar Pradesh,Baghpat,90.39,91.17,87.3,92.5,93.38,88.99,87.83,88.48,85.27,8.97,8.31,11.57,7.02,6.2,10.28,11.33,10.87,13.12
Uttar Pradesh,Bahraich,76.8,76.37,83.62,77.37,77.22,79.66,76.15,75.38,88.03,14.31,14.47,11.82,14.46,14.41,15.21,14.15,14.54,8.05
Uttar Pradesh,Ballia,95.1,95.17,94.49,95.84,95.93,95,94.23,94.27,93.87,3.03,3.07,2.65,2.81,2.84,2.55,3.28,3.34,2.76
Uttar Pradesh,Balrampur,80.26,80.12,NA,84.41,84.44,NA,75.65,75.36,NA,9.59,9.68,7.8,7.21,7.22,6.9,12.23,12.38,8.88
Uttar Pradesh,Banda,89,87.41,98.25,90.05,88.22,100,87.84,86.54,96.06,8.71,10.03,NA,7.87,9.31,NA,9.63,10.81,NA
Uttar Pradesh,Barabanki,85.68,85.63,86.43,85.02,85.03,84.86,86.43,86.29,88.32,11.78,11.99,9.05,12.34,12.51,10.21,11.15,11.41,7.64
Uttar Pradesh,Bareilly,73.91,74.7,72.28,77.35,79.48,73,69.99,69.28,71.46,22.99,22.74,23.48,20.15,18.51,23.5,26.21,27.55,23.47
Uttar Pradesh,Basti,91.06,90.77,NA,91.83,91.6,NA,90.25,89.9,NA,6.99,7.25,2.75,6.5,6.71,2.98,7.5,7.81,2.51
Uttar Pradesh,Bijnor,84.87,85.51,82.56,86.72,88.51,80.32,82.84,82.23,85.04,14.11,13.8,NA,12.35,11.02,NA,16.03,16.85,NA
Uttar Pradesh,Budaun,72.57,71.82,76.31,77.21,77.4,76.2,67.32,65.39,76.43,23.44,24.33,19,20.15,20.12,20.28,27.17,29.18,17.68
Uttar Pradesh,Bulandshahar,86.18,87.3,83.93,88.6,90.74,84.05,83.39,83.18,83.8,12.55,11.75,14.17,10.5,8.76,14.18,14.93,15.34,14.16
Uttar Pradesh,Chandauli,92.15,92.83,86.04,92.34,92.98,86.46,91.94,92.66,85.59,5.51,5.51,5.42,5.81,5.81,5.79,5.17,5.18,5.02
Uttar Pradesh,Chitrakoot,90.62,90.29,93.85,91.05,90.85,93,90.14,89.68,94.82,7.01,7.24,4.78,6.65,6.77,5.42,7.41,7.74,4.05
Uttar Pradesh,Deoria,93.77,94.04,91.74,93.94,94.33,90.91,93.59,93.74,92.56,4.56,4.51,4.95,4.47,4.28,6.02,4.65,4.76,3.92
Uttar Pradesh,Etah,84.52,84.41,85.18,86.44,86.67,84.97,82.21,81.71,85.43,13.19,13.34,12.22,11.57,11.43,12.49,15.12,15.62,11.9
Uttar Pradesh,Etawah,93.83,94.03,93.03,94.37,94.74,92.86,93.18,93.17,93.22,5.57,5.49,5.93,4.99,4.76,5.9,6.28,6.36,5.96
Uttar Pradesh,Faizabad,92.98,92.92,93.45,92.72,92.6,93.65,93.26,93.26,93.23,5.77,5.81,5.45,6.06,6.1,5.78,5.46,5.51,5.08
Uttar Pradesh,Farrukhabad,87.63,88.32,85.44,87.73,88.87,84.15,87.52,87.7,86.96,9.91,9.74,10.45,10.08,9.59,11.61,9.72,9.92,9.08
Uttar Pradesh,Fatehpur,89.64,89.84,87.9,90.07,90.36,87.59,89.18,89.28,88.24,8.94,8.75,10.58,8.53,8.2,11.31,9.37,9.33,9.77
Uttar Pradesh,Firozabad,88.47,91.41,79.4,89.42,92.4,79.82,87.4,90.27,78.95,10.43,8.04,17.81,9.54,7.06,17.52,11.44,9.17,18.11
Uttar Pradesh,Gautam Buddha Nagar,93.07,93.18,92.8,94.08,94.58,92.97,91.67,91.35,92.53,6.45,6.51,6.33,5.52,5.17,6.31,7.73,8.25,6.36
Uttar Pradesh,Ghaziabad,89,87.87,89.87,90.1,89.61,90.47,87.66,85.67,89.13,10.06,11.21,9.2,9.14,9.64,8.75,11.21,13.19,9.75
Uttar Pradesh,Ghazipur,94.3,94.54,91.44,94.56,94.94,89.92,94.01,94.09,93.05,4.45,4.27,6.7,4.2,3.94,7.4,4.73,4.63,5.96
Uttar Pradesh,Gonda,86.48,86.29,90.56,88.51,88.44,90.09,84.23,83.91,91.05,8.47,8.56,6.48,7.47,7.45,7.76,9.59,9.8,5.15
Uttar Pradesh,Gorakhpur,92.55,92.86,91.72,92.77,93.39,91.18,92.3,92.29,92.33,5.61,5.53,5.81,5.46,5.2,6.15,5.77,5.89,5.43
Uttar Pradesh,Hamirpur,91.76,91.91,91.21,92.1,92.61,90.2,91.39,91.14,92.35,7.35,7.2,7.91,7.13,6.64,9.01,7.59,7.82,6.65
Uttar Pradesh,Hardoi,84.65,84.78,83.59,84.93,85.24,82.56,84.33,84.27,84.89,12.72,12.66,13.21,12.37,12.17,13.88,13.12,13.21,12.37
Uttar Pradesh,Hathras,86.37,86.75,85.06,88.02,89.08,84.59,84.34,83.97,85.69,12.26,12.01,13.13,10.8,9.98,13.47,14.05,14.44,12.67
Uttar Pradesh,Jalaun,89.41,91.66,82.57,90.07,92.35,83.29,88.67,90.89,81.74,8.65,7.41,12.4,8.38,6.92,12.73,8.94,7.96,12.02
Uttar Pradesh,Jaunpur,94.92,95.49,NA,95.23,95.61,NA,94.57,95.34,NA,3.76,3.38,7.84,3.66,3.41,6.5,3.88,3.34,9.25
Uttar Pradesh,Jhansi,91.88,92.41,91.31,92.05,93.13,90.92,91.67,91.58,91.77,6.87,7.03,NA,6.63,6.38,NA,7.15,7.79,NA
Uttar Pradesh,Jyotiba Phule Nagar,86.38,86.99,84.17,88.4,89.16,85.71,83.99,84.46,82.25,12.7,12.21,14.47,10.72,10.18,12.64,15.04,14.59,16.73
Uttar Pradesh,Kannauj,85.97,87.04,81.61,87.03,88.22,82.21,84.8,85.75,80.96,12.36,11.73,14.92,11.46,10.68,14.6,13.36,12.88,15.27
Uttar Pradesh,Kanpur Dehat,90.8,90.64,NA,90.34,90.22,NA,91.3,91.1,NA,8.4,8.7,4.57,8.73,9.02,5.26,8.03,8.35,3.71
Uttar Pradesh,Kanpur Nagar,90.33,91.07,90.07,89.19,90.55,88.72,91.65,91.64,91.66,8.01,8.32,NA,9.14,8.83,NA,6.7,7.75,NA
Uttar Pradesh,Kaushambi,86.6,86.7,85.53,87.96,88.13,86.04,85.13,85.14,84.98,9.14,9.41,6.19,8.35,8.54,6.33,9.99,10.36,6.04
Uttar Pradesh,Kheri,82.88,82.21,92.09,83.43,82.92,90.32,82.26,81.38,94.16,14.37,14.98,6.2,13.91,14.4,7.35,14.91,15.64,4.86
Uttar Pradesh,Kushinagar,92.46,92.46,NA,92.33,92.34,NA,92.59,92.58,NA,5.57,5.57,5.13,5.81,5.81,6.09,5.31,5.33,4.2
Uttar Pradesh,Lalitpur,91.51,90.84,96.67,92.51,92.16,95.23,90.34,89.31,98.41,7.79,8.48,NA,6.83,7.26,NA,8.89,9.89,NA
Uttar Pradesh,Lucknow,89.29,88.77,89.78,87.85,87.71,87.97,90.94,89.95,91.88,8.59,9.92,7.36,9.76,10.94,8.7,7.27,8.8,5.8
Uttar Pradesh,Maharajganj,92.51,92.38,NA,93.4,93.47,NA,91.57,91.22,NA,5.46,5.52,4.64,4.98,4.89,6.08,5.97,6.2,2.96
Uttar Pradesh,Mahoba,88.9,88.73,89.26,89.17,89.54,88.39,88.6,87.85,90.27,9.11,9.09,NA,9.04,8.57,NA,9.18,9.65,NA
Uttar Pradesh,Mainpuri,91.75,92.69,87.37,92.07,93.67,84.54,91.38,91.57,90.52,7.55,6.8,11.02,7.38,5.97,14,7.75,7.76,7.7
Uttar Pradesh,Mathura,85.31,87.81,79.69,87.44,90.98,79.43,82.77,84.02,80,12.52,10.7,16.6,10.72,7.86,17.18,14.65,14.09,15.91
Uttar Pradesh,Mau,94.63,95.66,90.47,94.31,95.51,89.32,94.97,95.83,91.66,4.22,3.73,6.2,4.54,3.92,7.08,3.87,3.5,5.28
Uttar Pradesh,Meerut,83.9,85.38,81.9,85.83,87.37,83.74,81.55,82.95,79.67,14.66,13.46,16.28,12.96,11.53,14.9,16.73,15.81,17.96
Uttar Pradesh,Mirzapur,90.79,90.96,89.46,91.05,91.2,89.9,90.49,90.68,88.89,6.73,6.52,8.48,6.69,6.53,7.96,6.77,6.5,9.14
Uttar Pradesh,Moradabad,80.91,82.62,76.95,81.77,84.68,74.97,79.96,80.32,79.12,17.06,15.9,19.74,16.41,14.2,21.54,17.78,17.78,17.77
Uttar Pradesh,Muzaffarnagar,83,83.42,81.81,86.19,86.8,84.51,79.04,79.32,78.23,15.53,15.2,16.45,12.65,12.13,14.06,19.11,18.94,19.62
Uttar Pradesh,Pilibhit,78.5,78.86,76.42,80.41,80.83,77.87,76.36,76.62,74.9,19.44,19.11,21.37,17.86,17.45,20.4,21.21,21,22.38
Uttar Pradesh,Pratapgarh,93.14,93.11,93.65,93.87,93.92,92.72,92.36,92.27,94.72,5.51,5.52,5.12,4.88,4.84,5.82,6.16,6.23,4.32
Uttar Pradesh,Rae Bareli,87.93,87.84,89.04,88.41,88.47,87.7,87.42,87.19,90.6,10.12,10.27,8.16,9.55,9.62,8.68,10.72,10.95,7.55
Uttar Pradesh,Rampur,73.93,75.14,69.93,76.55,78.5,70.02,70.91,71.24,69.83,22.74,21.94,25.38,20.53,19.09,25.34,25.28,25.24,25.41
Uttar Pradesh,Saharanpur,82.91,82.48,84.61,83.69,84.03,82.36,82.03,80.71,87.24,16.14,16.59,14.35,15.43,15.12,16.64,16.95,18.28,11.68
Uttar Pradesh,Sant Kabir Nagar,88.73,88.88,NA,90.46,90.77,NA,86.96,86.94,NA,8.73,8.74,8.47,7.38,7.23,10.14,10.11,10.3,6.92
Uttar Pradesh,Sant Ravidas Nagar (Bhadohi),93.74,94.35,89.8,94.14,94.91,89.07,93.27,93.68,90.65,4.31,3.84,NA,4.22,3.49,NA,4.43,4.25,NA
Uttar Pradesh,Shahjahanpur,79.94,79.1,84.77,81.22,80.72,84.1,78.4,77.14,85.56,17.61,18.44,12.84,16.66,17.22,13.43,18.75,19.91,12.14
Uttar Pradesh,Shrawasti,79.96,79.74,NA,83.15,83,NA,76.27,76,NA,9.17,9.2,8.25,8.28,8.27,8.58,10.2,10.27,7.82
Uttar Pradesh,Siddharthnagar,84.91,84.86,NA,88.4,88.55,NA,81.49,81.24,NA,11.42,11.51,NA,8.83,8.74,NA,13.96,14.24,NA
Uttar Pradesh,Sitapur,81.97,81.36,86.92,81.74,81.32,85.08,82.24,81.4,89.21,14.72,15.24,NA,15.04,15.39,NA,14.34,15.06,NA
Uttar Pradesh,Sonbhadra,87.41,86.46,93.55,88.89,88.45,91.64,85.78,84.3,95.78,6.96,7.27,4.95,6.81,6.87,6.39,7.12,7.69,3.26
Uttar Pradesh,Sultanpur,93.95,93.85,NA,93.95,93.92,NA,93.94,93.77,NA,5.15,5.22,3.95,5.24,5.23,5.35,5.06,5.21,2.43
Uttar Pradesh,Unnao,87.36,86.8,90.28,87.09,86.61,89.59,87.65,87,91.03,10.82,11.41,NA,11.3,11.78,NA,10.3,11.01,NA
Uttar Pradesh,Varanasi,91.36,94.94,86.32,90.46,94.82,84.48,92.44,95.08,88.6,6.35,4.52,8.92,6.78,4.63,9.73,5.83,4.4,7.92
Uttarakhand,Almora,98.27,98.22,99.08,98.59,98.59,98.65,97.93,97.84,99.61,1.62,1.68,0.63,1.28,1.31,0.83,1.97,2.06,0.39
Uttarakhand,Bageshwar,97.87,97.9,97.29,98.49,98.57,96.98,97.17,97.15,97.71,1.92,1.89,2.46,1.33,1.26,2.8,2.57,2.59,2.01
Uttarakhand,Chamoli,98.67,98.59,99.17,98.93,98.89,99.14,98.39,98.26,99.21,1.24,1.32,0.78,0.98,1.01,0.8,1.53,1.65,0.75
Uttarakhand,Champawat,96.43,97.55,89.76,96.07,97.4,88.86,96.85,97.73,91,3.28,2.35,8.82,3.57,2.5,9.41,2.94,2.18,8
Uttarakhand,Dehradun,94.65,94.96,94.4,94.28,94.96,93.77,95.08,94.97,95.16,4.71,4.68,4.73,5.09,4.72,5.37,4.26,4.64,3.95
Uttarakhand,Haridwar,86.66,84.88,92.2,88.57,87.69,91.48,84.42,81.47,92.96,11.69,13.04,7.51,9.93,10.51,8.01,13.77,16.12,6.98
Uttarakhand,Nainital,94.74,96.43,91.85,94.38,96.82,90.22,95.16,95.98,93.74,4.8,3.29,7.39,5.16,2.91,8.97,4.39,3.72,5.56
Uttarakhand,Pauri Garhwal,97.57,97.87,95.55,97.64,98.11,94.63,97.49,97.62,96.61,2.13,1.81,4.26,2.1,1.62,5.13,2.17,2.02,3.25
Uttarakhand,Pithoragarh,98.28,98.05,99.23,98.64,98.49,99.18,97.87,97.57,99.31,1.62,1.84,0.73,1.33,1.48,0.79,1.96,2.24,0.65
Uttarakhand,Rudraprayag,98.87,98.88,NA,99.04,99.06,NA,98.69,98.7,NA,1.01,0.99,NA,0.81,0.79,NA,1.22,1.2,NA
Uttarakhand,Tehri Garhwal,97.99,97.97,98.13,98.51,98.61,97.91,97.45,97.32,98.4,1.84,1.86,1.69,1.37,1.29,1.89,2.33,2.45,1.44
Uttarakhand,Udham Singh Nagar,88.78,88.28,90.16,89.75,89.46,90.52,87.68,86.95,89.74,10.09,10.57,8.78,9.47,9.67,8.91,10.81,11.58,8.63
Uttarakhand,Uttarkashi,97.98,97.88,98.74,98.03,97.95,98.57,97.93,97.8,98.97,1.85,1.98,0.94,1.8,1.89,1.19,1.91,2.08,0.62
