﻿State_Name,GG_Children_Aged_5_14_Years_Engaged_In_Work_Person_Total,GG_Children_Aged_5_14_Years_Engaged_In_Work_Person_Rural,GG_Children_Aged_5_14_Years_Engaged_In_Work_Person_Urban,GG_Children_Aged_5_14_Years_Engaged_In_Work_Male_Total,GG_Children_Aged_5_14_Years_Engaged_In_Work_Male_Rural,GG_Children_Aged_5_14_Years_Engaged_In_Work_Male_Urban,GG_Children_Aged_5_14_Years_Engaged_In_Work_Female_Total,GG_Children_Aged_5_14_Years_Engaged_In_Work_Female_Rural,GG_Children_Aged_5_14_Years_Engaged_In_Work_Female_Urban,GG_Work_Participation_Rate_15_Years_And_Above_Person_Total,GG_Work_Participation_Rate_15_Years_And_Above_Person_Rural,GG_Work_Participation_Rate_15_Years_And_Above_Person_Urban,GG_Work_Participation_Rate_15_Years_And_Above_Male_Total,GG_Work_Participation_Rate_15_Years_And_Above_Male_Rural,GG_Work_Participation_Rate_15_Years_And_Above_Male_Urban,GG_Work_Participation_Rate_15_Years_And_Above_Female_Total,GG_Work_Participation_Rate_15_Years_And_Above_Female_Rural,GG_Work_Participation_Rate_15_Years_And_Above_Female_Urban
Assam,2.8,3,1.8,4.2,4.4,2.7,1.4,1.5,0.8,49.1,49.5,47.7,78.9,79.4,76.8,18.5,18.9,16.9
Bihar,2.9,3,2.1,3.2,3.3,2.5,2.4,2.6,1.6,41,41.4,38.5,70.9,71.8,65.7,10.7,11.1,8.1
Chhattisgarh,2.7,2.9,1.8,2.78,2.95,2.08,2.6,2.85,1.51,54.39,57.53,43.49,72.77,73.98,68.6,35.53,40.71,17.32
Jharkhand,2.5,2.8,1.5,2.9,3.2,1.9,2.1,2.4,1,45.7,47.7,41,72.6,74.6,67.9,18.8,21.4,11.8
Madhya Pradesh,3.8,4.4,2.2,4.2,4.8,2.6,3.4,4,1.7,52.5,56.5,44.8,75.3,77.2,71.5,27.8,34,15.8
Odisha,3.67,3.81,2.77,4.18,4.3,3.48,3.11,3.29,2,50.83,51.59,47.09,76.34,76.85,73.9,26.07,27.42,19.1
Rajasthan,2.8,2.9,2.4,2.9,2.9,2.7,2.8,2.9,2.1,49.1,51.1,43.5,74.4,75.1,72.7,22.9,26.7,12.2
Uttar Pradesh,3.16,3.12,3.35,4,3.87,4.5,2.21,2.26,2,41.61,41.01,43.42,73.81,74.03,73.17,9.15,8.68,10.67
Uttarakhand,1.74,1.69,1.88,2.17,2.1,2.38,1.25,1.24,1.29,38.68,36.27,43.94,68.98,67.06,72.83,9.89,8.49,13.2
