﻿State_Name,State_District_Name,II_Number_Of_Injured_Persons_By_Type_Of_Treatment_Received_Per_100000_Population_Severe_Person_Total,II_Number_Of_Injured_Persons_By_Type_Of_Treatment_Received_Per_100000_Population_Severe_Person_Rural,II_Number_Of_Injured_Persons_By_Type_Of_Treatment_Received_Per_100000_Population_Severe_Person_Urban,II_Number_Of_Injured_Persons_By_Type_Of_Treatment_Received_Per_100000_Population_Severe_Male_Total,II_Number_Of_Injured_Persons_By_Type_Of_Treatment_Received_Per_100000_Population_Severe_Male_Rural,II_Number_Of_Injured_Persons_By_Type_Of_Treatment_Received_Per_100000_Population_Severe_Male_Urban,II_Number_Of_Injured_Persons_By_Type_Of_Treatment_Received_Per_100000_Population_Severe_Female_Total,II_Number_Of_Injured_Persons_By_Type_Of_Treatment_Received_Per_100000_Population_Severe_Female_Rural,II_Number_Of_Injured_Persons_By_Type_Of_Treatment_Received_Per_100000_Population_Severe_Female_Urban,II_Number_Of_Injured_Persons_By_Type_Of_Treatment_Received_Per_100000_Population_Major_Person_Total,II_Number_Of_Injured_Persons_By_Type_Of_Treatment_Received_Per_100000_Population_Major_Person_Rural,II_Number_Of_Injured_Persons_By_Type_Of_Treatment_Received_Per_100000_Population_Major_Person_Urban,II_Number_Of_Injured_Persons_By_Type_Of_Treatment_Received_Per_100000_Population_Major_Male_Total,II_Number_Of_Injured_Persons_By_Type_Of_Treatment_Received_Per_100000_Population_Major_Male_Rural,II_Number_Of_Injured_Persons_By_Type_Of_Treatment_Received_Per_100000_Population_Major_Male_Urban,II_Number_Of_Injured_Persons_By_Type_Of_Treatment_Received_Per_100000_Population_Major_Female_Total,II_Number_Of_Injured_Persons_By_Type_Of_Treatment_Received_Per_100000_Population_Major_Female_Rural,II_Number_Of_Injured_Persons_By_Type_Of_Treatment_Received_Per_100000_Population_Major_Female_Urban,II_Number_Of_Injured_Persons_By_Type_Of_Treatment_Received_Per_100000_Population_Minor_Person_Total,II_Number_Of_Injured_Persons_By_Type_Of_Treatment_Received_Per_100000_Population_Minor_Person_Rural,II_Number_Of_Injured_Persons_By_Type_Of_Treatment_Received_Per_100000_Population_Minor_Person_Urban,II_Number_Of_Injured_Persons_By_Type_Of_Treatment_Received_Per_100000_Population_Minor_Male_Total,II_Number_Of_Injured_Persons_By_Type_Of_Treatment_Received_Per_100000_Population_Minor_Male_Rural,II_Number_Of_Injured_Persons_By_Type_Of_Treatment_Received_Per_100000_Population_Minor_Male_Urban,II_Number_Of_Injured_Persons_By_Type_Of_Treatment_Received_Per_100000_Population_Minor_Female_Total,II_Number_Of_Injured_Persons_By_Type_Of_Treatment_Received_Per_100000_Population_Minor_Female_Rural,II_Number_Of_Injured_Persons_By_Type_Of_Treatment_Received_Per_100000_Population_Minor_Female_Urban
Assam,Barpeta,107,105,121,160,162,141,50,44,100,168,176,97,264,284,94,66,61,100,566,555,652,767,758,845,351,340,448
Assam,Bongaigaon,54,54,51,73,75,60,33,31,42,34,34,31,53,55,40,13,12,21,62,61,72,94,87,140,28,33,0
Assam,Cachar,1190,1430,188,1431,1733,193,951,1133,182,206,185,292,291,268,386,121,104,196,3105,2479,5716,4043,3639,5700,2179,1341,5733
Assam,Darrang,95,88,NA,162,149,NA,24,24,NA,181,183,NA,238,248,NA,121,115,NA,177,169,NA,198,186,NA,155,151,NA
Assam,Dhemaji,132,132,130,205,205,205,55,56,49,240,245,177,357,363,297,117,123,49,309,315,248,442,449,365,171,176,122
Assam,Dhubri,98,102,67,165,176,88,27,24,46,90,90,90,126,132,88,52,46,92,79,74,112,100,95,131,56,51,92
Assam,Dibrugarh,231,219,269,332,309,404,125,124,126,309,293,361,443,439,453,169,140,263,1299,1437,864,1730,1947,1053,848,906,663
Assam,Goalpara,113,110,148,161,159,177,63,58,116,153,139,314,255,227,568,44,45,39,180,169,296,274,251,532,79,82,39
Assam,Golaghat,116,113,137,155,147,213,75,78,57,446,451,412,571,607,319,316,290,512,2057,1232,7977,3256,1634,14665,819,818,824
Assam,Hailakandi,1063,137,NA,1035,233,NA,1093,37,NA,313,199,NA,352,285,NA,271,110,NA,1201,1190,NA,1536,1452,NA,851,918,NA
Assam,Jorhat,435,270,928,589,369,1239,277,169,604,558,517,683,762,724,876,350,306,482,2444,2460,2397,3269,3333,3081,1600,1571,1685
Assam,Kamrup,104,139,72,118,163,76,88,112,67,120,106,132,159,156,161,77,50,100,221,210,232,300,288,311,135,123,146
Assam,Karbi Anglong,97,88,129,113,112,119,80,63,139,97,103,76,116,124,89,78,82,62,115,115,114,140,155,89,89,74,139
Assam,Karimganj,86,84,NA,130,123,NA,43,46,NA,695,192,NA,1247,231,NA,151,153,NA,1447,1454,NA,1884,1885,NA,1017,1030,NA
Assam,Kokrajhar,6,0,NA,0,0,NA,12,0,NA,21,17,NA,40,32,NA,0,0,NA,77,54,NA,92,65,NA,62,42,NA
Assam,Lakhimpur,294,296,NA,410,407,NA,171,178,NA,379,375,NA,569,566,NA,178,172,NA,407,389,NA,598,571,NA,206,197,NA
Assam,Marigaon,67,61,184,94,86,238,39,35,126,155,146,326,237,224,477,72,68,168,166,156,347,255,243,477,75,68,210
Assam,Nagaon,182,192,140,267,275,237,97,111,38,1753,1549,2616,3110,2653,5000,389,452,115,3811,3667,4420,4998,5152,4361,2618,2191,4481
Assam,Nalbari,291,291,NA,443,448,NA,146,142,NA,403,409,NA,629,640,NA,186,187,NA,852,857,NA,1093,1096,NA,622,628,NA
Assam,North Cachar Hills,130,16,233,137,30,235,123,0,231,86,16,149,87,20,149,84,11,148,356,306,402,430,352,502,277,254,297
Assam,Sibsagar,125,118,195,163,158,216,84,77,173,158,150,251,186,175,324,128,124,173,280,266,446,404,370,809,150,158,58
Assam,Sonitpur,74,71,98,91,83,159,57,60,34,127,121,179,183,172,270,71,69,84,215,201,326,315,291,509,113,111,134
Assam,Tinsukia,109,110,101,154,153,161,61,67,37,235,225,278,327,316,373,139,131,175,283,289,256,379,401,288,182,173,221
Bihar,Araria,68,73,NA,97,104,NA,37,40,NA,95,98,NA,133,135,NA,56,60,NA,182,194,NA,231,249,NA,131,137,NA
Bihar,Aurangabad,572,540,855,642,646,611,504,438,1113,352,343,427,476,455,655,231,236,186,1406,1343,1957,1791,1676,2751,1031,1022,1113
Bihar,Banka,823,822,NA,910,924,NA,738,723,NA,356,347,NA,517,514,NA,200,186,NA,1113,1090,NA,1463,1422,NA,773,769,NA
Bihar,Begusarai,842,878,NA,1023,1064,NA,666,698,NA,564,570,NA,717,730,NA,415,415,NA,1942,1904,NA,2507,2440,NA,1390,1386,NA
Bihar,Bhagalpur,629,693,370,670,738,408,584,646,327,263,266,255,324,339,264,199,189,245,997,992,1020,1265,1244,1344,713,727,653
Bihar,Bhojpur,682,700,580,785,846,473,577,556,702,337,329,377,431,409,540,241,250,191,649,633,736,827,767,1136,467,499,281
Bihar,Buxar,667,648,854,809,768,1192,525,528,489,310,300,406,413,400,534,206,200,266,1599,1616,1430,1955,1966,1850,1239,1265,977
Bihar,Darbhanga,203,193,354,201,171,591,205,214,77,46,46,35,49,47,66,43,45,0,107,112,35,108,116,0,106,108,77
Bihar,Gaya,717,735,656,762,808,618,674,668,695,376,390,328,496,512,445,262,277,206,1817,1542,2724,2463,2102,3583,1201,1022,1828
Bihar,Gopalganj,142,141,166,158,160,135,126,121,200,77,77,71,89,89,90,64,65,50,194,189,261,227,216,360,159,160,150
Bihar,Jamui,682,689,NA,805,821,NA,562,561,NA,353,356,NA,520,511,NA,191,206,NA,962,969,NA,1235,1228,NA,697,720,NA
Bihar,Jehanabad,443,422,622,408,381,647,477,463,597,112,111,120,139,141,120,85,81,119,384,365,555,484,460,693,285,270,418
Bihar,Kaimur (Bhabua),798,796,NA,916,912,NA,675,676,NA,375,382,NA,494,503,NA,251,256,NA,719,713,NA,895,880,NA,535,540,NA
Bihar,Katihar,315,329,138,441,469,105,193,195,175,153,147,221,232,234,211,75,64,233,391,385,470,541,511,895,245,263,0
Bihar,Khagaria,263,262,277,323,322,338,196,196,203,229,232,184,251,254,211,204,207,152,233,236,184,293,293,296,165,172,51
Bihar,Kishanganj,50,57,0,42,49,0,56,64,0,33,32,44,39,45,0,27,19,88,53,51,66,63,65,44,44,38,88
Bihar,Lakhisarai,648,682,428,777,830,448,517,534,406,285,299,196,373,387,283,196,211,102,1879,1908,1695,2340,2388,2043,1417,1431,1321
Bihar,Madhepura,145,116,NA,201,158,NA,84,71,NA,145,142,NA,215,215,NA,70,63,NA,343,313,NA,490,444,NA,184,172,NA
Bihar,Madhubani,315,318,NA,389,391,NA,238,243,NA,93,92,NA,119,118,NA,68,66,NA,231,232,NA,251,253,NA,211,211,NA
Bihar,Munger,487,496,468,520,534,491,453,457,442,229,263,154,294,338,199,161,186,104,871,898,812,998,1034,923,739,760,689
Bihar,Muzaffarpur,120,100,339,138,117,367,101,83,308,58,52,121,69,75,0,46,27,257,249,223,533,304,285,504,190,157,565
Bihar,Nalanda,726,725,729,796,811,721,659,645,736,417,418,410,548,560,490,291,284,329,1235,1312,830,1531,1632,1026,951,1011,631
Bihar,Nawada,835,851,690,1025,1061,706,663,662,673,440,449,358,592,620,353,301,294,362,1264,1230,1584,1573,1562,1664,983,931,1501
Bihar,Pashchim Champaran,118,79,570,147,100,682,85,55,441,132,133,122,184,187,152,73,72,88,95,90,163,93,87,152,99,92,176
Bihar,Patna,462,531,387,504,602,401,417,458,370,262,276,246,340,342,339,176,208,138,897,1243,514,1103,1500,690,672,980,311
Bihar,Purba Champaran,155,163,NA,169,180,NA,139,145,NA,103,115,NA,133,148,NA,69,77,NA,552,608,NA,611,681,NA,485,525,NA
Bihar,Purnia,95,105,NA,92,112,NA,98,99,NA,35,19,NA,36,16,NA,34,21,NA,309,246,NA,485,376,NA,125,112,NA
Bihar,Rohtas,908,899,973,979,936,1272,837,862,657,377,373,407,525,528,509,230,221,299,1854,1814,2134,2352,2303,2686,1361,1335,1552
Bihar,Saharsa,153,157,125,183,183,179,121,130,66,63,63,63,76,68,119,50,58,0,101,104,78,144,157,60,55,47,99
Bihar,Samastipur,223,235,NA,280,294,NA,162,170,NA,74,78,NA,94,99,NA,52,55,NA,135,139,NA,157,160,NA,112,117,NA
Bihar,Saran,163,130,395,159,128,370,167,131,420,71,77,34,85,93,34,57,60,35,172,175,154,184,191,135,161,159,175
Bihar,Sheikhpura,810,799,872,846,849,827,776,753,920,355,328,507,501,454,750,216,211,248,1547,1698,695,2101,2307,1025,1023,1135,343
Bihar,Sheohar,199,174,NA,239,217,NA,156,126,NA,176,174,NA,233,232,NA,114,110,NA,787,773,NA,1065,1051,NA,483,470,NA
Bihar,Sitamarhi,113,116,NA,125,132,NA,99,99,NA,40,39,NA,40,39,NA,41,40,NA,182,195,NA,215,231,NA,147,156,NA
Bihar,Siwan,112,113,108,133,132,138,90,92,75,74,74,72,111,112,104,35,35,38,205,217,117,261,278,138,147,154,94
Bihar,Supaul,269,275,NA,286,285,NA,251,264,NA,108,112,NA,126,132,NA,89,90,NA,187,179,NA,238,233,NA,134,123,NA
Bihar,Vaishali,129,126,172,150,144,260,106,108,73,66,69,0,80,85,0,50,53,0,93,86,207,119,114,195,66,57,220
Chhattisgarh,Bastar,89.04,90.68,71.41,118,118.58,111.98,59.71,62.53,29.15,110.48,114.13,71.41,162.25,167.02,111.98,58.07,60.74,29.15,146.63,157.67,28.56,183.71,198.49,28,109.1,116.45,29.15
Chhattisgarh,Bilaspur,222.79,209.24,249.98,304.59,298.47,316.82,136.68,115.65,179.12,287.56,277.85,307.04,394.94,381.16,422.43,174.53,169.48,184.72,609.87,338.31,1154.8,817.28,427.87,1594.68,391.55,244.37,688.5
Chhattisgarh,Dantewada,285.35,129.41,1451.54,394.11,180.51,1964.68,177.32,78.86,926.34,128.53,88.99,424.3,162.62,103.67,596.03,94.68,74.46,248.53,172.43,176.08,145.15,198.25,204.2,154.53,146.79,148.27,135.56
Chhattisgarh,Dhamtari,303.61,297.37,352.57,475.27,472.85,494.48,129.61,118.95,212.11,548.39,559.76,459.17,778.24,799.42,609.86,315.39,316.08,310,1877.38,1918.1,1557.89,2780.65,2840.15,2307.57,961.75,980.61,815.79
Chhattisgarh,Durg,145.06,135.51,162.18,186.15,162.71,227.53,103.1,108.07,94.03,136.7,121.29,164.37,201.78,167.75,261.87,70.26,74.42,62.68,388.14,258.82,620.23,556.44,353.69,914.4,216.32,163.12,313.42
Chhattisgarh,Janjgir-Champa,529.24,533.52,492.95,736.55,735.68,743.91,314.57,324.16,233.26,474.27,468.01,527.34,666.52,660.05,721.37,275.18,269.12,326.57,401.92,418.22,263.67,487.77,502.75,360.69,313.02,330.69,163.28
Chhattisgarh,Jashpur,273.06,274.79,NA,405.47,407.42,NA,136.51,138.56,NA,257.11,262.72,NA,397.14,404.68,NA,112.7,116.91,NA,803.6,779.62,NA,1278.39,1239.33,NA,313.99,307.43,NA
Chhattisgarh,Kanker,350.42,357.44,NA,495.25,508.86,NA,203.83,204.39,NA,284.02,281.57,NA,435.27,435.72,NA,130.92,125.76,NA,406.42,391.96,NA,530.17,513.63,NA,281.16,268.97,NA
Chhattisgarh,Kawardha,1045.6,1064.52,NA,1386.79,1380.51,NA,697.59,743.76,NA,356.13,381.58,NA,484.05,530.97,NA,225.65,229.94,NA,252.13,276.36,NA,366.82,407.06,NA,135.14,143.7,NA
Chhattisgarh,Korba,349.95,329.65,380.75,516.17,509.94,525.49,175.71,142.7,226.52,203.45,173.88,248.31,310.01,273.26,365.04,91.75,70.82,123.95,429.11,191,790.46,628.09,260.03,1179.35,220.53,119.42,376.12
Chhattisgarh,Koriya,215.46,181.6,298.53,300,256.6,404.14,124.93,102.35,181.67,259.96,228.02,338.33,350.7,307.38,454.66,162.79,144.16,209.61,362.16,261.02,610.32,513.43,353.74,896.69,200.16,163.04,293.46
Chhattisgarh,Mahasamund,159.46,156.17,188.12,263.38,257.88,311.04,54.79,53.83,63.21,219.37,194.14,438.94,343.5,322.11,528.77,94.34,65.38,347.66,452.06,397.73,924.91,681.31,594.77,1430.79,221.16,199.47,410.87
Chhattisgarh,Raigarh,385.12,376.08,440.46,548.15,535.99,622.28,219.36,213.62,254.53,366.73,357.25,424.73,531.18,516.23,622.28,199.51,195.73,222.72,947.2,898.88,1242.72,1418.39,1355.03,1804.6,468.1,435.49,668.15
Chhattisgarh,Raipur,175.04,187.93,144.36,257.21,271.12,224.36,89.66,101.9,60.31,135.46,124.98,160.4,238.32,235.39,245.23,28.59,10.8,71.27,304.54,304.45,304.76,448.55,444.07,459.15,154.92,160.07,142.54
Chhattisgarh,Rajnandgaon,164.34,150.95,230.8,237.2,206.9,387.53,90.4,94.19,71.58,282.84,264.72,372.84,407.3,375.78,563.68,156.55,152.04,178.95,1149.94,1107.99,1358.19,1714.88,1638.03,2096.18,576.67,570.27,608.45
Chhattisgarh,Surguja,246.65,230.95,432.45,368.11,354.16,530.15,118.66,101.52,325.73,98,93.13,155.68,143.66,133.21,265.08,49.89,51.02,36.19,190.45,197.77,103.79,280.44,290.32,165.67,95.62,100.54,36.19
Jharkhand,Bokaro,137,126,147,190,181,198,80,69,90,209,159,254,323,270,369,86,43,125,1049,1061,1039,1484,1512,1460,581,590,572
Jharkhand,Chatra,841,848,777,836,827,909,846,868,640,329,332,296,388,391,364,273,278,226,1027,1021,1073,1455,1442,1563,622,628,565
Jharkhand,Deoghar,634,681,401,625,660,462,643,704,331,216,194,323,318,288,462,109,98,166,926,979,668,1278,1384,777,559,562,544
Jharkhand,Dhanbad,148,109,174,200,137,241,92,80,100,264,178,320,326,235,384,197,118,249,1058,696,1295,1427,907,1762,657,470,782
Jharkhand,Dumka,67,69,47,84,87,45,50,50,50,76,78,47,107,112,45,44,44,50,430,423,520,586,586,585,270,256,449
Jharkhand,Garhwa,346,356,NA,375,391,NA,318,321,NA,231,244,NA,301,314,NA,162,175,NA,1042,1053,NA,1353,1374,NA,732,736,NA
Jharkhand,Giridih,673,660,856,735,729,817,615,597,896,320,320,323,458,461,409,193,191,234,1103,1102,1122,1460,1461,1449,774,774,779
Jharkhand,Godda,725,696,NA,616,611,NA,836,783,NA,206,205,NA,292,292,NA,118,117,NA,1041,1062,NA,1364,1387,NA,711,731,NA
Jharkhand,Gumla,117,102,338,163,142,457,72,62,218,203,193,338,301,285,523,106,102,153,801,757,1417,1139,1074,2047,467,444,786
Jharkhand,Hazaribagh,770,767,781,897,925,810,642,612,750,452,504,275,599,677,349,304,334,194,1082,1142,876,1494,1559,1285,668,735,422
Jharkhand,Kodarma,844,869,730,957,987,828,736,758,628,549,516,695,723,704,805,382,340,580,1870,1935,1577,2449,2584,1872,1316,1327,1266
Jharkhand,Lohardaga,122,106,232,157,136,301,87,76,162,209,192,321,291,271,425,128,115,216,875,801,1392,1212,1092,2036,544,517,738
Jharkhand,Pakaur,1044,1061,NA,1167,1177,NA,914,938,NA,213,188,NA,305,267,NA,116,105,NA,1246,1252,NA,1731,1736,NA,734,742,NA
Jharkhand,Palamu,492,492,487,594,593,609,391,393,357,310,308,346,375,367,487,247,250,195,1922,1939,1683,2656,2670,2467,1202,1226,847
Jharkhand,Pashchimi Singhbhum,122,92,266,177,144,328,68,41,201,199,150,429,287,232,530,112,69,321,717,711,747,1050,1059,1010,389,373,468
Jharkhand,Purbi Singhbhum,90,35,129,122,52,170,56,18,84,174,83,239,217,90,304,128,75,166,486,301,617,677,407,864,282,192,348
Jharkhand,Ranchi,183,204,150,255,273,227,109,135,69,304,339,250,415,468,334,190,209,162,1284,1282,1288,1761,1763,1759,792,793,790
Jharkhand,Sahibganj,701,717,581,762,773,679,638,659,473,290,282,350,375,372,394,202,190,301,1266,1274,1204,1744,1763,1607,767,769,755
Madhya Pradesh,Balaghat,44.44,34.38,96.49,52.4,36.44,134.49,36.49,32.31,58.15,65.96,69.39,48.24,103.93,112.93,57.64,27.97,25.89,38.77,179.85,186.65,144.73,251.44,251.76,249.76,108.21,121.58,38.77
Madhya Pradesh,Barwani,282.29,268.56,341.06,300.22,287.5,354.76,263.38,248.57,326.64,268.77,281.1,216,328.17,352.99,221.72,206.08,205.17,209.98,806.88,782.91,909.48,1001.12,919.17,1352.51,601.87,638.99,443.3
Madhya Pradesh,Betul,139.8,146.12,112.38,189.85,198.66,150.85,85.54,88.72,71.99,116.99,126.14,77.26,174.32,185.82,123.42,54.82,60.94,28.8,130.89,125.45,154.53,153.42,147.8,178.28,106.47,101.04,129.59
Madhya Pradesh,Bhind,321.39,434.53,128.98,394.41,537.25,147.78,235.41,312.09,107.3,230.78,297.53,117.26,251.14,320.52,131.36,206.8,270.13,100.99,442.59,523.57,304.87,503.37,595.19,344.83,371.02,438.2,258.79
Madhya Pradesh,Bhopal,281.65,219.66,293.14,316.69,290.63,321.58,243.29,140.33,262.14,376.96,431.61,366.82,506.18,544.94,498.9,235.52,304.91,222.82,624.19,312.97,681.91,807.61,466.85,871.58,423.42,140.93,475.13
Madhya Pradesh,Chhatarpur,226.43,252.95,145.33,269.09,305.34,157.48,178.34,193.68,131.78,86.67,94.65,62.29,117.11,135.97,59.06,52.36,47.9,65.89,152.59,182.11,62.29,168.02,209.81,39.37,135.19,150.78,87.85
Madhya Pradesh,Chhindwara,311.78,353.2,206.53,357.06,370.03,324.32,264.3,335.62,81.78,286.56,314.93,214.47,381.79,392.32,355.21,186.71,234.11,65.42,375.54,360.77,413.06,434.89,429.75,447.88,313.3,288.73,376.19
Madhya Pradesh,Damoh,119.09,115.97,129.69,112.84,106.59,134.25,125.96,126.32,124.74,82.14,82.83,79.81,76.24,59.29,134.25,88.63,108.8,20.79,254.2,217.41,379.09,317.9,276.32,460.3,184.19,152.43,291.06
Madhya Pradesh,Datia,268.02,238.06,330.87,292.22,281.19,315.66,239.34,186.48,348.56,170.58,146.76,220.58,219.96,174.94,315.66,112.08,113.05,110.07,300.3,257.43,390.26,319.34,261.67,441.92,277.74,252.34,330.21
Madhya Pradesh,Dewas,421.24,359.05,541.05,564.45,467.98,749.15,267.56,242.68,315.81,848.28,829.03,885.35,1038.47,1037.19,1040.93,644.18,606.66,716.97,555.13,475.21,709.1,702.92,608.76,883.21,396.54,332.55,520.66
Madhya Pradesh,Dhar,306.53,305.35,311.14,449.16,461.29,403.13,155.9,142.55,209.53,307.52,287.46,385.81,420.32,399.88,497.98,188.39,170.09,261.92,463.65,499.54,323.58,638.78,688.34,450.56,278.7,302.43,183.34
Madhya Pradesh,Dindori,212.33,208.75,NA,233.25,233.98,NA,191.12,183.19,NA,102.04,104.96,NA,142.43,148.82,NA,61.1,60.53,NA,132.07,133.07,NA,167.07,164.84,NA,96.6,100.88,NA
Madhya Pradesh,East Nimar,324.65,271.8,475.01,425.24,360.55,610.36,216.96,176.49,331.38,390.49,419.86,306.93,512.07,571.97,340.67,260.32,256.5,271.13,1351.95,1226.07,1710.03,1535.41,1357.66,2044,1155.53,1084.75,1355.63
Madhya Pradesh,Guna,704.74,628.47,905.12,868.12,812.72,1013.97,518.71,418.41,781.59,697.63,758,539,909.42,978.7,726.99,456.48,506.39,325.66,654.87,578.97,854.27,910.27,805.49,1186.15,364.06,320.72,477.64
Madhya Pradesh,Gwalior,177.86,267.34,141.17,220.73,305.21,185.13,127.9,221.28,90.84,178.18,297.15,129.41,203.61,372.98,132.23,148.55,204.93,126.17,284.97,320.07,270.58,321.19,309.35,326.18,242.77,333.1,206.92
Madhya Pradesh,Harda,289.19,315.85,191.16,307.18,321.77,253.16,269.57,309.37,124.22,98.97,117.76,29.87,99.52,113.97,46.03,98.38,121.92,12.42,108.31,100.4,137.4,115.4,93.73,195.63,100.58,107.71,74.53
Madhya Pradesh,Hoshangabad,49.32,44.59,57.29,68.19,67.51,69.33,28.68,19.5,44.15,63.87,67.76,57.29,100.97,102.61,98.21,23.27,29.6,12.62,81.11,66.62,105.54,122.01,95.05,167.54,36.37,35.49,37.85
Madhya Pradesh,Indore,362.7,959.22,188.42,476.88,1282.12,247.22,237.46,618.51,123.19,437.24,1394.5,157.57,468.85,1341.41,219.98,402.57,1450.52,88.32,780.06,2635.38,238,903.65,3124.44,270.26,644.48,2119.35,202.21
Madhya Pradesh,Jabalpur,164.42,164.27,164.53,201.79,172.83,220.35,123.46,154.96,102.96,121.31,78.63,148.86,157.94,83.89,205.42,81.14,72.92,86.49,615.77,565.37,648.31,904.41,911.14,900.09,299.31,189.65,370.66
Madhya Pradesh,Jhabua,243.12,151.94,1046.19,255.09,156.96,1116.24,230.61,146.69,972.45,182.15,169.22,296.09,201.34,189.19,307.93,162.09,148.34,283.63,314.73,218.23,1164.63,343.95,251.56,1154.73,284.17,183.4,1175.04
Madhya Pradesh,Katni,141.32,110.17,224.32,174.65,140.9,264.3,106.05,77.69,181.82,137.09,89.3,264.38,181.67,115.43,357.59,89.9,61.7,165.29,362.16,395.85,272.39,513.68,554.89,404.23,201.79,227.82,132.23
Madhya Pradesh,Mandla,175.18,183.15,111.36,214.87,235.2,54.91,135.61,131.47,169.4,135.36,145.31,55.68,196.8,218.33,27.46,74.1,72.8,84.7,219.98,245.72,13.92,254.39,283.24,27.46,185.68,208.47,0
Madhya Pradesh,Mandsaur,278.34,269.93,304.6,385.57,375.96,415.56,164.77,157.67,186.94,317.84,301.33,369.41,433.67,399.11,541.49,195.17,197.81,186.94,315.67,271.49,453.66,427.85,363.19,629.64,196.86,174.4,267.06
Madhya Pradesh,Morena,571.68,645.57,420.4,722.83,796.18,571.92,389.69,463.59,239.28,446.61,402.37,537.17,535.62,504.08,600.51,339.44,279.49,461.46,757.98,728.93,817.44,905.89,894.47,929.37,579.9,528.93,683.64
Madhya Pradesh,Narsimhapur,411.25,421.58,357.24,416.81,416.73,417.21,405.09,426.95,290.44,253.37,280.83,109.92,298.51,320.79,182.53,203.41,236.65,29.04,212.56,198.01,288.54,262.5,257.83,286.83,157.28,131.89,290.44
Madhya Pradesh,Neemuch,613.39,784.08,310.66,796.35,1001.4,429.69,417.13,549.53,184.34,715.66,965.24,273.01,841.74,1102.86,374.84,580.41,816.71,164.94,2139.82,2892.49,804.9,2345.73,3074.73,1042.24,1918.94,2695.81,553.02
Madhya Pradesh,Panna,329.92,333.39,311.53,322.28,322.44,321.43,338.35,345.56,301.09,113.71,114.41,109.95,87.44,83.83,107.14,142.67,148.42,112.91,274.14,270.55,293.2,259.02,260.67,250,290.8,281.53,338.73
Madhya Pradesh,Raisen,69.66,64.02,87.13,57.93,69.39,23.23,82.72,58.1,160.9,33.92,8.69,112.02,29.77,16.58,69.69,38.53,0,160.9,71.17,86.11,24.89,106.78,126.71,46.46,31.53,41.45,0
Madhya Pradesh,Rajgarh,593.06,617.72,462.51,690.43,698.64,646.9,487.35,529.83,262.77,461.9,461.79,462.51,649.19,654.71,619.95,258.58,252.26,291.97,736.79,722.42,812.89,880.37,843.06,1078.17,580.92,591.39,525.55
Madhya Pradesh,Ratlam,291.41,367.73,206.49,365.33,433.68,288.39,212.32,296.35,119.99,653.94,1052.07,210.98,689.77,1069.6,262.17,615.61,1033.11,156.91,748.52,848.38,637.43,1038.78,1216.29,838.94,438,450.21,424.59
Madhya Pradesh,Rewa,351.69,331.52,445.72,302.94,262.7,485.58,403.07,403.35,401.74,104,102.4,111.43,80.01,90.95,30.35,129.29,114.36,200.87,208.16,228.91,111.43,226.73,243.25,151.75,188.58,213.93,66.96
Madhya Pradesh,Sagar,223.02,182.19,300.92,275.37,199.5,423.95,164.1,162.33,167.36,396.41,411.41,367.79,524.83,556.66,462.49,251.86,244.78,264.99,693.69,608.65,855.96,819,725.53,1002.06,552.65,474.57,697.35
Madhya Pradesh,Satna,228.52,228.03,229.76,214.26,188.43,279.36,243.82,269.93,174.45,81.2,51.07,159.07,88.68,66.23,145.27,73.16,35.03,174.45,81.64,83.59,76.59,94.14,104.9,67.05,68.22,61.06,87.23
Madhya Pradesh,Sehore,534.58,610.1,224.1,757.83,882.02,255.92,281.27,303.77,186.92,425.31,407.17,499.91,589.4,569.02,671.79,239.13,224.83,299.07,903.51,1001.68,499.91,1112.9,1222.04,671.79,665.94,753.44,299.07
Madhya Pradesh,Seoni,115.35,108.43,179.25,154.09,166.22,43.5,75.16,48.63,323.48,94.86,100.28,44.81,105.83,112.67,43.5,83.47,87.45,46.21,217.18,238.28,22.41,253.83,281.69,0,179.16,193.37,46.21
Madhya Pradesh,Shahdol,78.74,100.86,22.29,56.08,78.52,0,102.97,124.46,46.88,10.38,10.09,11.14,0,0,0,21.49,20.74,23.44,104.1,136.16,22.29,125.25,166.86,21.24,81.48,103.71,23.44
Madhya Pradesh,Shajapur,767.47,931.43,259.4,887.05,1080.52,281.43,636.65,767.47,235.69,629.73,720.46,348.57,730.26,818.71,453.41,519.73,612.41,235.69,2084.98,2658.41,308.04,2041.74,2569.13,390.87,2132.29,2756.6,218.86
Madhya Pradesh,Sheopur,322.76,329.94,288.31,381.84,388.12,352.19,256.53,265.1,214.75,148.93,133.73,221.78,187.65,165.95,290.04,105.52,97.8,143.16,682.58,720.88,499,797.62,848.1,559.35,553.63,579.08,429.49
Madhya Pradesh,Shivpuri,381.58,347.69,563.65,493.55,421.14,888.89,253.8,263.43,202.96,182.15,152.09,343.69,215.6,168.89,470.59,143.99,132.82,202.96,322.63,267.54,618.64,388.46,311.16,810.46,247.51,217.5,405.91
Madhya Pradesh,Sidhi,57.66,64.12,18.64,85.83,100.22,0,26.48,24.32,39.75,97.99,114.21,0,119.61,139.67,0,74.05,86.14,0,106.85,121.45,18.64,171.56,200.33,0,35.21,34.47,39.75
Madhya Pradesh,Tikamgarh,58.69,59.88,54.05,62.76,63.04,61.65,54.1,56.29,45.61,40.14,39.35,43.24,59.25,63.83,41.1,18.52,11.53,45.61,63.34,60.19,75.67,90.71,92.86,82.2,32.37,23.06,68.42
Madhya Pradesh,Ujjain,436.42,537.33,297.93,588.73,752.15,368.96,271.1,308.3,218.91,452.1,554.99,310.88,604.95,707.26,467.35,286.2,392.65,136.82,629.14,596.77,673.58,930.69,882,996.19,301.83,292.67,314.68
Madhya Pradesh,Umaria,74.66,73.87,77.84,82.12,76.49,104.63,66.67,71.07,48.73,110.83,122.86,62.27,144.57,158.28,89.69,74.71,85.07,32.48,355.7,424.52,77.84,443.87,524.91,119.58,261.3,317.44,32.48
Madhya Pradesh,Vidisha,95.55,112.64,53.39,92.29,106.3,57.68,99.22,119.78,48.58,102.48,116.19,68.65,123.9,133.19,100.94,78.36,97.02,32.39,265.97,339.76,83.91,363.04,457.44,129.78,156.7,207.17,32.39
Madhya Pradesh,West Nimar,271.12,293.13,162.44,352.46,378.91,221.47,183.87,201.03,99.47,286.69,309.43,174.47,360.83,391.33,209.81,207.17,221.48,136.76,621.36,592.45,764.05,720.46,722.36,711.04,515.06,452.95,820.59
Odisha,Anugul,276.92,292.18,201.16,396.84,419.18,289.48,153.43,162.86,105.02,587.37,633.1,360.41,873.67,941.71,546.8,292.55,318.85,157.54,2933.95,3128.26,1969.66,4074.27,4359.95,2701.83,1759.74,1874.05,1172.76
Odisha,Balangir,148.69,150.14,132.71,202.18,196.91,259.63,93.84,102.26,0,256.12,263.31,176.95,393.07,405.31,259.63,115.71,117.98,90.5,1249.81,1264.87,1083.83,1665.65,1683.48,1471.22,823.45,836.44,678.73
Odisha,Baleshwar,257.23,278.86,100.53,415.94,451.05,172.02,109.13,119.77,28.78,344.66,372.4,143.62,515.9,561.28,200.69,184.85,197.9,86.33,1834.43,1833.9,1838.29,2577.9,2565.18,2666.28,1140.63,1158.31,1007.19
Odisha,Bargarh,162.62,174.53,30.13,225.16,240.22,58.81,97.69,106.41,0,495.59,515.77,271.17,705.43,737.33,352.84,277.74,285.99,185.36,3386.35,3429.39,2907.5,4569.37,4594.38,4292.86,2158.15,2221.21,1451.96
Odisha,Baudh,143.42,146.23,NA,182.14,182.21,NA,103.76,109.37,NA,300.37,309.19,NA,410.56,422.9,NA,187.5,192.66,NA,485.61,499.49,NA,573.62,585.01,NA,395.45,411.85,NA
Odisha,Bhadrak,179.15,192.84,81.91,266.98,296.6,69.28,98.16,98.59,94.88,680.45,682.35,666.98,758.7,733.96,923.79,608.29,635.46,403.23,2355.49,2319.74,2609.41,3255.09,3286.04,3048.5,1525.87,1442.04,2158.44
Odisha,Cuttack,376.71,422.84,251.2,481.63,508.66,407.87,265.63,331.83,86.01,560.99,594.5,469.83,701.43,732.62,616.33,412.31,448.05,315.37,949.13,908.16,1060.61,1256.02,1171.56,1486.45,624.23,628.88,611.62
Odisha,Debagarh,242.08,240.21,259.74,300.46,282.58,468.6,183.71,197.93,47.6,863.62,899.9,519.48,1221.99,1262.24,843.49,505.37,538.28,190.39,3938.57,4089.89,2502.95,5287.24,5500.66,3280.22,2590.33,2681.95,1713.47
Odisha,Dhenkanal,358.73,365.8,289.27,459.2,465.7,397.35,262.62,270.81,179.45,451.86,468.4,289.27,693.59,720.12,441.5,220.6,229.07,134.59,2653.69,2611.25,3070.76,3747.11,3723.28,3973.51,1607.67,1553.94,2153.43
Odisha,Gajapati,139.11,139.79,133.41,149.19,144.23,191.42,128.9,135.28,75.9,119.67,129.38,38.12,167.17,177.83,76.57,71.56,80.18,0,8345,8557.87,6556.13,8833.99,9445,3637.06,7849.74,7657.04,9449.72
Odisha,Ganjam,254.37,285.37,99.59,339.45,375.46,171.53,175.84,204.05,25.3,333.09,342.46,286.32,516.93,538.46,416.56,163.39,165.56,151.82,736.33,828.95,273.87,895.44,1008.66,367.56,589.46,666.75,177.13
Odisha,Jagatsinghapur,391.44,407.96,260.46,516.55,534.63,386.44,264.95,282.77,107.95,485.57,479.05,537.2,623.89,607.32,743.16,345.71,352.27,287.87,2791.24,2944.15,1579.03,2651.38,2809.15,1516.05,2932.65,3077.59,1655.27
Odisha,Jajapur,297.16,302.83,NA,383.63,390.83,NA,213.26,217.65,NA,544.28,551.53,NA,762.12,773.08,NA,332.93,337.07,NA,1641.5,1579.19,NA,2135.39,2052.3,NA,1162.3,1121.26,NA
Odisha,Jharsuguda,189.68,189.34,190.23,239.12,243.12,232.8,136.65,133.12,142.63,401.55,426.8,360.25,553.79,587.34,500.67,238.28,258.98,203.24,2882.33,3369.53,2085.75,3848.84,4569.88,2707.44,1845.86,2114.73,1390.62
Odisha,Kalahandi,111.04,116.49,NA,145.19,147.25,NA,75.15,84.29,NA,152.2,148.84,NA,198.72,191.24,NA,103.29,104.47,NA,205.7,172.8,NA,268.4,204.42,NA,139.8,139.72,NA
Odisha,Kandhamal,230.26,229.05,242.77,292.29,278.8,429.18,167.01,178.5,45.43,386.74,394.25,308.98,555.49,563.71,472.1,214.68,222.09,136.3,2447.33,2304.37,3928.49,1390.75,1307.92,2231.76,3524.65,3316.7,5724.67
Odisha,Kendrapara,229.61,232.42,187.09,362.98,368.13,287.77,110.47,111.7,91.28,602.9,621.13,327.41,887.34,915.29,479.62,348.83,359.48,182.57,5018.62,4976.21,5659.49,6684.61,6689.13,6618.71,3530.51,3452.58,4746.69
Odisha,Kendujhar,135.45,143.97,96.23,198.7,210.04,147.41,73.36,79.5,44.6,286.53,310.19,177.65,425.63,461.05,265.33,149.99,162.98,89.21,1502.16,1598.58,1058.48,2134.5,2286.95,1444.58,881.49,926.9,669.05
Odisha,Khordha,190.88,232.95,141.43,261.48,318.04,197.69,116.6,146.85,79.44,345.73,406.47,274.32,489.79,579.67,388.4,194.15,231.22,148.63,793.18,1007.39,541.33,1012.42,1243.98,751.22,562.5,768,310.07
Odisha,Koraput,134.33,148.94,65.24,202.75,232.17,65,66.52,66.74,65.49,184.26,205.98,81.55,246.02,270.8,130,123.05,141.96,32.74,307.09,327.19,212.04,412.03,430.62,324.99,203.09,225.04,98.23
Odisha,Malkangiri,179.74,175.8,224.3,257.65,260.33,227.1,102.53,91.9,221.57,147.91,147.77,149.53,189.77,196.46,113.55,106.43,99.45,184.64,2486.81,2447.16,2934.58,2878.9,2965.49,1892.51,2098.2,1932.71,3951.26
Odisha,Mayurbhanj,153.49,152.5,166.43,207.19,208.54,189.84,101.05,97.9,142.93,272.51,269.71,309.08,401.66,395.99,474.61,146.39,146.65,142.93,1550.74,1563.88,1378.98,2133.77,2166.79,1708.59,981.4,976.37,1048.12
Odisha,Nabarangapur,33.29,34.95,NA,45.52,47.77,NA,20.79,21.84,NA,61.04,53.87,NA,84.03,67.97,NA,37.54,39.43,NA,1102.19,1077.49,NA,538.67,516.76,NA,1678.38,1651.48,NA
Odisha,Nayagarh,445.03,447.53,NA,591.04,595.15,NA,296.29,297.49,NA,611.98,619.42,NA,842.38,846.73,NA,377.27,388.38,NA,1462.83,1473.69,NA,1852.32,1861.19,NA,1066.03,1079.85,NA
Odisha,Nuapada,57.91,53.77,NA,58.9,48.46,NA,56.87,59.28,NA,133.07,123.34,NA,186.46,168.47,NA,77.72,76.54,NA,3590.55,3538.43,NA,1597.89,1579.23,NA,5656.72,5570.07,NA
Odisha,Puri,321.46,338.56,236.6,459.04,476.08,377.24,180.96,199.69,84.82,569.61,621.94,310.03,816.9,908.46,377.24,317.07,332.58,237.49,1327.7,1299.3,1468.55,1852.38,1815.87,2027.66,791.91,777.63,865.14
Odisha,Rayagada,97.43,80.69,179.76,135.36,117.66,219.36,61.04,45.64,139.47,111.29,97.37,179.76,135.36,117.66,219.36,88.19,78.13,139.47,115.24,76.84,304.2,147.58,97.82,383.88,84.22,56.95,223.15
Odisha,Sambalpur,200.41,234.86,145.54,281.41,332.65,200.57,116.91,134.8,88.12,385.46,407.5,350.37,529.95,558.08,485.59,236.51,253.44,209.27,1611.87,1696.59,1476.93,2196.27,2337.14,1974.03,1009.44,1041.25,958.26
Odisha,Sonapur,79.19,82.44,26,109.92,113.69,49.33,46.22,48.98,0,299.54,290.84,442.02,410.85,393.44,690.68,180.08,180.99,164.93,509.4,488.12,858.03,684.86,659.94,1085.35,321.11,304.16,604.73
Odisha,Sundargarh,242.12,204.18,321.41,354.54,289.13,488.92,123.43,115.52,140.27,253.87,238.92,285.12,364.2,347.21,399.12,137.38,125.88,161.85,1472.02,1375.15,1674.44,1954.12,1851.35,2165.24,962.99,878.07,1143.72
Rajasthan,Ajmer,189,224,138,254,324,154,120,118,122,496,493,500,667,675,655,313,300,332,850,609,1202,1167,821,1668,511,385,697
Rajasthan,Alwar,81,78,110,108,102,154,50,49,60,211,202,290,278,268,360,135,126,209,1570,1563,1630,1672,1609,2210,1453,1510,956
Rajasthan,Banswara,276,20,NA,270,22,NA,281,19,NA,109,19,NA,26,27,NA,191,11,NA,431,47,NA,544,65,NA,318,30,NA
Rajasthan,Baran,181,179,193,200,200,200,162,157,185,569,556,638,867,864,885,256,236,370,1608,1671,1260,2563,2704,1799,608,596,679
Rajasthan,Barmer,69,69,71,77,75,93,61,62,48,105,98,189,116,102,280,94,94,96,267,261,331,318,309,420,215,213,239
Rajasthan,Bharatpur,113,109,127,132,118,189,91,99,58,315,289,418,370,331,532,252,243,289,2564,2507,2796,3274,3248,3380,1759,1664,2140
Rajasthan,Bhilwara,338,331,365,476,477,474,197,185,249,350,297,567,483,377,909,214,216,208,735,643,1114,976,797,1700,489,487,499
Rajasthan,Bikaner,190,199,177,265,255,281,107,138,60,236,214,269,331,311,361,130,108,165,1575,1126,2252,2010,1470,2811,1097,754,1625
Rajasthan,Bundi,346,361,298,558,600,414,122,107,175,510,573,298,671,771,331,339,362,262,2156,2455,1148,2826,3189,1595,1445,1674,677
Rajasthan,Chittaurgarh,184,75,655,246,99,873,120,49,427,232,117,729,309,144,1018,153,90,427,360,248,848,523,387,1105,193,105,579
Rajasthan,Churu,154,167,118,197,209,163,110,124,72,227,170,378,321,241,537,130,97,216,263,277,225,338,350,304,185,201,144
Rajasthan,Dausa,194,193,207,305,301,342,71,72,55,379,370,465,520,508,636,222,217,274,1150,1165,1008,1497,1521,1271,763,768,712
Rajasthan,Dhaulpur,70,77,50,99,109,72,38,42,27,142,161,88,190,231,72,88,81,107,462,289,959,694,372,1625,200,195,214
Rajasthan,Dungarpur,38,37,46,52,48,96,24,26,0,54,50,92,88,84,143,22,20,44,418,99,4147,467,125,4443,373,75,3870
Rajasthan,Ganganagar,142,146,134,210,215,197,66,67,63,126,115,152,149,139,175,99,88,125,220,260,123,249,297,131,188,218,113
Rajasthan,Hanumangarh,132,139,107,149,149,150,113,127,58,75,66,107,77,58,150,72,76,58,541,397,1083,540,383,1121,542,411,1039
Rajasthan,Jaipur,154,142,166,217,192,241,84,88,80,516,552,484,731,819,652,273,255,290,1170,1380,977,1565,1818,1336,725,894,566
Rajasthan,Jaisalmer,55,63,16,66,78,0,43,45,34,61,61,64,60,54,91,63,69,34,126,104,241,174,133,393,69,69,69
Rajasthan,Jalor,188,188,183,295,294,309,84,87,53,247,231,419,372,363,463,126,104,373,339,334,393,525,521,566,160,155,213
Rajasthan,Jhalawar,102,116,29,153,172,55,48,57,0,139,133,174,208,205,222,67,57,121,579,588,535,899,902,887,243,261,151
Rajasthan,Jhunjhunun,113,93,177,152,119,255,72,66,92,116,106,145,161,150,194,68,60,92,252,235,303,341,314,425,157,152,171
Rajasthan,Jodhpur,54,38,82,71,58,92,36,16,71,89,117,41,106,145,39,70,85,43,302,279,341,376,388,355,221,158,326
Rajasthan,Karauli,86,86,84,102,118,40,68,51,130,93,90,105,117,116,121,66,60,87,230,247,168,217,254,81,243,239,261
Rajasthan,Kota,94,124,70,151,199,113,32,45,21,279,348,224,372,522,255,178,165,189,1186,1544,900,1529,2025,1144,816,1041,630
Rajasthan,Nagaur,94,106,26,113,125,50,73,87,0,66,79,0,97,115,0,34,40,0,144,156,78,181,206,50,103,102,108
Rajasthan,Pali,171,181,141,204,207,196,139,155,80,359,316,499,479,442,587,241,196,400,595,622,508,761,814,604,432,441,400
Rajasthan,Rajsamand,97,101,76,83,91,38,112,111,115,171,185,95,236,251,150,108,119,38,534,488,798,596,548,864,474,430,731
Rajasthan,Sawai Madhopur,94,50,223,141,88,299,43,11,143,820,1030,189,1516,1980,133,83,28,250,196,169,275,218,202,266,172,135,285
Rajasthan,Sikar,71,61,101,99,84,145,42,38,53,125,124,126,163,159,178,84,88,70,193,196,185,269,267,274,113,122,88
Rajasthan,Sirohi,273,291,177,347,348,342,198,234,0,271,270,275,375,359,456,167,183,81,393,382,451,563,562,571,222,204,324
Rajasthan,Tonk,329,354,252,406,416,378,249,291,116,333,417,75,478,620,54,182,209,97,707,845,280,1073,1305,378,327,375,174
Rajasthan,Udaipur,198,176,261,254,236,306,140,117,212,343,274,552,432,379,585,252,168,516,624,596,711,456,488,362,798,704,1092
Uttar Pradesh,Agra,246.37,302.21,194.33,325.39,405.95,250.92,155.09,183.45,128.42,551.28,688.48,423.44,738.56,904.16,585.48,334.95,441.56,234.7,1993.4,1963.71,2021.07,2467.54,2463.58,2471.2,1445.72,1391.44,1496.77
Uttar Pradesh,Aligarh,147.35,172.45,96.41,205.87,256.73,103.95,82.53,79.92,87.9,376.73,504.7,117.06,502.43,688.33,129.94,237.52,303.11,102.55,2407.89,3031.19,1143.09,3050.44,3878.93,1390.33,1696.26,2100.52,864.34
Uttar Pradesh,Allahabad,121.6,137.99,67.11,129.71,165.5,16.32,113.62,111.54,120.88,141.71,136.39,159.4,195.79,180.35,244.74,88.56,94.14,69.07,1756.1,1903.26,1266.78,2329.13,2538.93,1664.22,1192.96,1292.34,846.14
Uttar Pradesh,Ambedkar Nagar,52.05,43.04,NA,74.59,63.86,NA,32.41,25.02,NA,220.45,228.82,NA,293.6,302.8,NA,156.72,164.8,NA,2231.72,2307.01,NA,2752.4,2856.82,NA,1778.14,1831.19,NA
Uttar Pradesh,Auraiya,237.36,210.11,362.3,312.42,273.18,492.73,151.55,137.94,213.76,186.15,200.86,118.68,246.21,266.6,152.51,117.49,125.66,80.16,641.25,625.8,712.1,782.32,766.19,856.41,479.98,465.16,547.76
Uttar Pradesh,Azamgarh,56.21,57.43,43.27,71.22,72.44,58.77,42.85,44.17,28.33,177.37,179.14,158.66,235.51,232.65,264.47,125.63,131.87,56.66,2010.06,2062.19,1456.8,2651.22,2718.52,1968.85,1439.44,1482.48,963.17
Uttar Pradesh,Baghpat,431.72,509.99,146.67,562.93,654.05,238.43,277.14,342.06,34.34,489.97,539.73,308.78,686.21,760.75,420.76,258.79,282.07,171.7,1592.98,1591.62,1597.96,1936.95,2000.38,1711.08,1187.76,1115.11,1459.48
Uttar Pradesh,Bahraich,153.57,153.69,151.79,186.51,189.45,144.89,118.22,115.39,159.39,129.55,132.23,91.07,166.25,171.87,86.93,90.16,89.78,95.63,441.55,449.07,333.94,574.47,580.26,492.61,298.93,308.54,159.39
Uttar Pradesh,Ballia,99.88,102.92,75.6,116.33,127.99,28.62,83.32,78.03,128.21,144.31,128.29,272.15,200.15,173.49,400.69,88.12,83.4,128.21,890.33,893.91,861.81,1157.22,1170.28,1058.96,621.76,619.48,641.03
Uttar Pradesh,Balrampur,59.54,58.63,NA,98.87,96.01,NA,22.62,23.7,NA,118.88,113.15,NA,186.26,171.86,NA,55.64,58.3,NA,2407.86,2384.33,NA,2773,2733.51,NA,2065.12,2058.12,NA
Uttar Pradesh,Banda,442.23,480.65,264.61,577.98,628.06,359.71,301.04,330.64,155.2,362.54,368.11,336.78,509.41,512.8,494.6,209.79,220.87,155.2,949.09,946.24,962.23,1101.8,1086.37,1169.06,790.25,803.64,724.26
Uttar Pradesh,Barabanki,230.69,238.54,137.51,290.97,302.85,153.22,163.5,167.13,119.19,329.08,338.27,220.02,446.49,462.96,255.36,198.2,199.79,178.78,957.78,992.12,550.06,1290.9,1322.94,919.31,586.42,624.75,119.19
Uttar Pradesh,Bareilly,220.99,217.22,227.57,291.88,297.51,282.02,144.52,130.58,168.88,287.62,277.81,304.78,395.94,384.93,415.2,170.78,162.2,185.76,1563.07,1583.14,1527.96,2076.6,2090.38,2052.49,1009.09,1035.71,962.59
Uttar Pradesh,Basti,39.81,40.68,NA,51.45,55.62,NA,29.02,27.01,NA,164.04,149.24,NA,239.64,211.36,NA,93.98,92.4,NA,1932.81,1978.38,NA,2159.76,2208.93,NA,1722.52,1767.4,NA
Uttar Pradesh,Bijnor,161.1,158.6,169.49,273.51,273.27,274.29,46.83,42.69,60.9,217.92,250.19,109.67,311.44,364.02,137.15,122.87,135.13,81.2,1237.33,1380.27,757.73,1654.76,1882.11,901.25,813.01,873.05,609.01
Uttar Pradesh,Budaun,290.76,293.58,278.01,409.49,418.44,367.34,167.7,162.21,191.52,499.86,496.67,514.32,705.96,687.87,791.18,286.28,295.51,246.24,2320.29,2298.53,2418.68,3044.87,3037.42,3079.97,1569.39,1521.19,1778.39
Uttar Pradesh,Bulandshahar,223.96,229.51,213.21,306.79,305.81,308.72,131.84,144.07,108.4,407.33,507.47,213.21,515.03,620.44,308.72,287.55,380.97,108.4,3062,3245.11,2707.07,4034.62,4329.41,3457.64,1980.28,2030.76,1883.47
Uttar Pradesh,Chandauli,121.53,127.94,66.81,145,146.85,129.74,98.22,109.31,0,372.86,400.9,133.62,505.41,551.08,129.74,241.18,252.85,137.74,2559.43,2629.18,1964.19,2948.71,2953.9,2906.07,2172.69,2309.09,964.19
Uttar Pradesh,Chitrakoot,189.54,186.42,217.36,267.56,264.88,290.61,105.55,102.54,133.33,185.36,183.51,201.83,231.04,230.87,232.49,136.18,132.87,166.67,705.57,709.84,667.6,856.32,868.03,755.59,543.25,540.71,566.67
Uttar Pradesh,Deoria,108.22,120.53,19.96,136.84,150.68,41.77,83.79,95.05,0,148.44,146.87,159.68,169.33,175.74,125.31,130.61,122.47,191.13,1680.58,1580.9,2395.21,2323.46,2157.06,3467,1131.89,1093.93,1414.37
Uttar Pradesh,Etah,224.04,215.2,274.27,276.26,270.31,309.92,165.33,153.3,233.92,412.04,407.32,438.84,535.7,539.09,516.53,273.01,259.35,350.88,3041.65,3042.77,3035.29,3984.61,4055.92,3581.27,1981.45,1905.04,2417.15
Uttar Pradesh,Etawah,167.74,186.43,104.49,199.08,230.57,90.81,130.37,133.38,120.36,111.38,123.72,69.66,137.64,151.26,90.81,80.08,90.62,45.13,164.11,189.97,76.63,185.55,216.87,77.84,138.56,157.65,75.22
Uttar Pradesh,Faizabad,92.69,98.18,54.96,141.68,147.48,104.57,45.06,51.13,0,173.09,187.6,73.27,209.38,225.77,104.57,137.8,151.16,38.61,1434.33,1387.22,1758.56,1703.52,1659.22,1986.75,1172.55,1127.65,1505.79
Uttar Pradesh,Farrukhabad,131.52,129.05,138.05,164.12,166.74,157.11,94.33,85.7,116.79,158.95,140.75,207.07,213.71,195.76,261.85,96.5,77.47,145.99,908.13,1100.31,400.33,1172.55,1414.57,523.7,606.57,738.85,262.77
Uttar Pradesh,Fatehpur,216.26,230.41,102.77,268.02,287.35,116.37,160.27,169.13,87.45,352.66,370.99,205.55,450.78,478.57,232.74,246.52,255.24,174.9,712.97,681.42,966.08,823.8,750.81,1396.43,593.1,606.74,480.98
Uttar Pradesh,Firozabad,127.83,146.26,74.38,152.31,170.46,99.19,100.42,119.03,46.96,239.78,255.77,193.38,294.47,322.46,212.55,178.52,180.72,172.2,996.84,981.53,1041.28,1167.99,1150.68,1218.65,805.15,791.16,845.34
Uttar Pradesh,Gautam Buddha Nagar,260.72,299.49,177.25,354.41,402.18,256.66,147.34,179.6,73.41,645.41,731.99,459.03,884.68,1034.82,577.48,355.86,378.43,304.14,2863.69,3070.81,2417.85,3812.66,4135.5,3152.07,1715.35,1827.74,1457.79
Uttar Pradesh,Ghaziabad,277.67,340.31,235.27,369.99,450.31,315.74,169.38,211.67,140.66,420.64,482.22,378.94,583.82,636.28,548.39,229.2,302.05,179.74,1387.1,1533.92,1287.69,1835.58,2028.92,1705,860.97,955.05,797.09
Uttar Pradesh,Ghazipur,65.81,71.68,0,90.92,99.46,0,42.4,46.01,0,178.31,185.46,98.16,227.65,239.9,97.18,132.33,135.15,99.16,2425.48,2359.39,3165.64,3233.99,3168.09,3935.86,1672.16,1611.98,2379.77
Uttar Pradesh,Gonda,162.55,163.84,140.37,234.61,238.75,163.93,87.36,85.74,115.47,107.42,98.96,252.67,146.29,132.44,382.51,66.87,64.06,115.47,448.67,438.82,617.63,493.68,477.77,765.03,401.7,398.22,461.89
Uttar Pradesh,Gorakhpur,73.94,79.95,60.97,88.05,88.05,88.05,60.8,72.9,31.71,357.9,363.05,346.77,522.1,522.69,520.95,204.98,224.3,158.57,2199.38,2305.58,1970.12,2671.22,2781.55,2457.99,1759.98,1891.91,1442.96
Uttar Pradesh,Hamirpur,167.05,167.7,164.52,221.18,217.13,237.3,104.87,110.83,81.34,200.06,215.41,139.21,219.17,238.47,142.38,178.11,188.88,135.57,441.1,437.45,455.58,505.72,507.58,498.34,366.87,356.78,406.72
Uttar Pradesh,Hardoi,179.43,187.07,128.53,200.11,214.97,102.63,156.17,155.82,158.54,242.29,207.02,477.41,313.19,261.86,650.02,162.52,145.59,277.45,1869.98,1822.71,2185.09,2290.53,2222.51,2736.91,1396.9,1374.97,1545.78
Uttar Pradesh,Hathras,302.18,348.52,156.36,396.65,461,197.81,193.04,219.81,107.02,669.11,735.79,459.3,852.59,936.47,593.42,457.14,506.14,299.66,3523.63,3649.64,3127.14,4218.99,4437.92,3542.53,2720.29,2747.55,2632.71
Uttar Pradesh,Jalaun,162.69,165.78,153.15,201.61,204.63,192.44,117.25,120.9,105.69,322.02,361.11,201.01,395.33,433.38,279.92,236.42,277.63,105.69,531.84,576.86,392.46,549.55,575.01,472.36,511.16,579.01,295.92
Uttar Pradesh,Jaunpur,61.58,64.3,NA,56.84,62.99,NA,66,65.51,NA,145.68,135.45,NA,170.17,136.12,NA,122.87,134.83,NA,2052.9,1936.26,NA,2848.23,2639.45,NA,1312.32,1287.97,NA
Uttar Pradesh,Jhansi,335.88,416.12,257.57,404.52,516.83,295.4,256.53,300.26,213.63,259.1,355.78,164.72,300.23,442.87,161.63,211.54,255.59,168.32,285.78,317.74,254.57,378.71,424.3,334.41,178.34,195.15,161.84
Uttar Pradesh,Jyotiba Phule Nagar,182.85,205.32,108.34,291.01,338.89,131.37,66.84,61.68,83.85,310.52,355.15,162.51,427.49,484.79,236.47,185.05,215.74,83.85,2120.97,2327.66,1435.54,2708.95,3009.25,1707.83,1490.29,1594.72,1145.89
Uttar Pradesh,Kannauj,249.88,257.71,219.93,347.98,365.43,281.03,144.37,141.7,154.57,406.49,428.15,323.66,561.54,590.7,449.65,239.76,253.09,188.92,1250.54,1266.13,1190.92,1623.72,1653.47,1509.56,849.24,849,850.15
Uttar Pradesh,Kanpur Dehat,451.4,455.65,NA,601.28,603.29,NA,276.02,282.85,NA,376.87,365.41,NA,546.16,537.62,NA,178.78,163.85,NA,2407.25,2570.91,NA,3284.04,3541.8,NA,1381.29,1434.57,NA
Uttar Pradesh,Kanpur Nagar,366.5,438.9,344.06,467.66,608.95,423.96,248.55,241.43,250.76,294.87,258.47,306.16,375.41,386.03,372.13,200.96,110.33,229.14,542.47,529.46,546.5,674.54,652.68,681.3,388.46,386.36,389.11
Uttar Pradesh,Kaushambi,143.16,152.83,47.07,143.79,153.7,47.53,142.57,152.02,46.62,87.49,84.46,117.67,123.04,111.25,237.64,53.99,59.31,0,2426.31,2473.89,1953.4,2955.99,3025.4,2281.37,1927.07,1956.15,1631.7
Uttar Pradesh,Kheri,136.92,135.17,155.25,180.58,177.7,211.15,87.47,86.89,93.41,169.22,166.32,199.6,218.89,219.62,211.15,112.96,105.82,186.83,901.49,888.06,1042.36,1212.1,1218.87,1140.2,549.71,512.56,934.14
Uttar Pradesh,Kushinagar,33.98,28.02,NA,43.04,29.76,NA,26.04,26.5,NA,124.55,120.32,NA,172.34,166.44,NA,82.65,79.99,NA,2275.88,2275.24,NA,2620.01,2636.04,NA,1974.18,1959.77,NA
Uttar Pradesh,Lalitpur,135.04,134.42,139.18,162.23,160.49,173.84,104.06,104.74,99.5,142.19,125.28,255.16,186.47,162.27,347.67,91.76,83.17,149.25,222.94,214.64,278.36,268.89,257.06,347.67,170.59,166.35,199
Uttar Pradesh,Lucknow,280.48,325.21,248.84,354.88,427.31,303.26,196.18,208.47,187.57,285.95,383.32,217.07,372.16,501.56,279.93,188.28,248.12,146.3,690.31,792.98,617.68,875.58,1052.04,749.83,480.4,496.76,468.92
Uttar Pradesh,Maharajganj,51.03,50.63,NA,56.17,56.31,NA,46.56,45.78,NA,96.57,102.55,NA,120.52,126.82,NA,75.77,81.79,NA,1933.3,2009.6,NA,2462.04,2561.47,NA,1474.29,1537.64,NA
Uttar Pradesh,Mahoba,211.28,232.6,167.23,298.56,323.88,246.47,112.32,129.43,76.76,332.11,365.64,262.8,406.42,446.06,324.89,247.83,274.75,191.89,700.4,620.25,866.03,912.41,784.1,1176.34,459.97,435.07,511.71
Uttar Pradesh,Mainpuri,214.42,210.95,229.83,298.36,289.53,337.91,125.26,127.09,117.29,321.52,326.65,298.78,433.69,460.07,315.39,202.35,184.27,281.49,1170.71,1128.9,1356.01,1535.72,1511.46,1644.51,782.96,720.66,1055.59
Uttar Pradesh,Mathura,253.31,282.02,200.82,305.43,341.96,239.69,193.39,213.95,155.08,554.08,587.85,492.32,707.95,748.38,635.19,377.16,405.54,324.26,3149.69,3324,2830.86,3881.89,4141.02,3415.63,2307.76,2396.19,2142.96
Uttar Pradesh,Mau,94.01,110.83,33.91,120.9,146.8,33.37,68.53,77.56,34.46,222.6,249.32,127.16,322.76,383.72,116.8,127.71,125.02,137.86,2120.09,2265.07,1602.24,2567.81,2779.66,1852.16,1695.88,1789.13,1344.13
Uttar Pradesh,Meerut,257.02,326.66,169.59,360.75,481.16,209.53,140.98,153.76,124.94,581.4,604.01,553.02,716.81,731.45,698.42,429.92,461.39,390.44,3078.96,3052.93,3111.64,3901.94,3939.08,3855.29,2158.34,2061.23,2280.18
Uttar Pradesh,Mirzapur,104.61,107.01,88.44,146.76,152.74,109.17,60.97,60.53,64.1,248.6,219.85,442.22,342.93,301.95,600.44,150.94,136.42,256.41,1573.52,1548.88,1739.39,1803.67,1743.23,2183.41,1335.24,1351.39,1217.95
Uttar Pradesh,Moradabad,167.27,194.29,112.88,232.35,295.44,106.77,95.42,83.49,119.73,262.48,314.37,158.03,362.6,426.75,234.89,151.95,191.26,71.84,929.94,1038.63,711.14,1262.48,1430.05,928.89,562.81,609.84,466.95
Uttar Pradesh,Muzaffarnagar,187.61,212.66,122.89,265.41,300.82,175.37,99.99,114.31,62.3,449.44,455.52,433.71,561.97,570.77,539.59,322.69,326.96,311.48,4547.8,4668.52,4235.94,5870.76,5967.33,5625.25,3057.78,3219.62,2631.99
Uttar Pradesh,Pilibhit,247.9,277.18,100.3,341.12,376.92,159.64,144.43,166.25,35.09,407.38,421.86,334.34,563.83,599.46,383.14,233.71,224.33,280.7,1359.79,1443.82,936.14,1789.39,1909.32,1181.35,882.92,926.09,666.67
Uttar Pradesh,Pratapgarh,67.35,70.49,0,93.29,98.04,0,45.19,47.13,0,99.37,98.12,126.22,144.1,148.23,62.93,61.16,55.63,189.87,2449.71,2466.81,2082.68,2924.9,2958.47,2265.58,2043.78,2050,1898.73
Uttar Pradesh,Rae Bareli,234.65,225.69,336.97,311.26,302.34,408.01,154.98,146.66,255.43,150.43,141.03,257.68,156.83,157.62,148.37,143.76,123.92,383.14,735.67,751.5,555,948.28,984.43,556.38,514.56,511.34,553.43
Uttar Pradesh,Rampur,174.33,195.51,116.26,253.23,289.09,154.19,88.47,93.27,75.44,279.85,283.86,268.86,380.05,390.77,350.43,170.81,167.04,181.05,1793.01,1877.17,1562.27,2426.11,2522.96,2158.68,1104.06,1171.59,920.34
Uttar Pradesh,Saharanpur,144.8,160.58,94.27,197.7,220.24,125.61,86.4,94.76,59.58,238.06,247.64,207.39,312.17,336.84,233.27,156.24,149.23,178.75,1380.74,1435.08,1206.64,1849.08,1894.23,1704.65,863.68,928.58,655.41
Uttar Pradesh,Sant Kabir Nagar,87.6,88.95,NA,109.46,107.38,NA,69.29,73.62,NA,107.29,103.23,NA,166.91,168.9,NA,57.33,48.64,NA,1701.58,1698.27,NA,2142.55,2151.77,NA,1332.09,1321.27,NA
Uttar Pradesh,Sant Ravidas Nagar (Bhadohi),110.99,120.72,49.12,136.89,159.9,0,85.74,83.21,102.99,218.41,232.14,131,314.42,335.69,187.85,124.8,133.04,68.66,1292.17,1322.84,1097.1,1534.37,1571.25,1314.97,1056.04,1085.06,858.22
Uttar Pradesh,Shahjahanpur,158.1,151.07,192.55,225.18,223.11,235.5,80.04,66.63,144.3,254.78,242.05,317.14,362.95,341.33,470.99,128.9,125.68,144.3,1215.42,1204.58,1268.55,1564.63,1577.84,1498.61,809.07,767.1,1010.1
Uttar Pradesh,Shrawasti,56.33,57.9,NA,71.83,73.97,NA,41.16,42.22,NA,110.75,111.68,NA,145.12,145.09,NA,77.08,79.08,NA,1520.59,1517.71,NA,1960.15,1957.57,NA,1090.14,1088.61,NA
Uttar Pradesh,Siddharthnagar,76.16,76.87,NA,94.43,93.9,NA,60.95,62.79,NA,153.03,147.28,NA,199.54,186.92,NA,114.32,114.49,NA,2257.84,2265.9,NA,2755.89,2772.78,NA,1843.42,1846.64,NA
Uttar Pradesh,Sitapur,617.95,654.1,302.64,800.92,864.23,245.1,409.71,414.6,367.31,672.06,704.51,389.11,936.29,982.44,531.05,371.36,387.74,229.57,955.05,881.14,1599.65,1320.15,1219.26,2205.88,539.53,495.78,918.27
Uttar Pradesh,Sonbhadra,37.08,39.19,24.94,35.06,41.68,0,39.15,36.7,54.5,126.93,140.35,49.89,167.08,189.93,46,85.65,90.62,54.5,1940.69,1974.61,1746.07,2688.89,2736.25,2437.9,1171.5,1210.66,926.43
Uttar Pradesh,Sultanpur,211.69,207.8,NA,273.49,276.14,NA,150.81,140.74,NA,318.12,327.29,NA,434.51,444.18,NA,203.47,212.61,NA,1138.57,1156.37,NA,1541.34,1566.53,NA,741.81,753.95,NA
Uttar Pradesh,Unnao,276.67,287.87,223.99,338.81,356.92,252.97,207.65,210.96,192.18,308.04,310.75,295.26,392.28,405.24,330.8,214.47,205.53,256.25,1218.73,1183.48,1384.65,1555.23,1464.61,1984.82,844.95,870.41,726.03
Uttar Pradesh,Varanasi,107.73,90.99,126.81,137.38,116.08,160.55,75.57,64.97,88.28,251.33,316.07,177.54,326.57,419.03,225.96,169.73,209.35,122.23,2811.09,3016.07,2577.43,3833.23,4175.5,3460.78,1702.62,1814.36,1568.65
Uttarakhand,Almora,210.78,219.7,97.93,246.04,258.99,97.44,180.82,186.78,98.43,289.71,300.03,159.14,318.29,337.54,97.44,265.43,268.61,221.46,541.75,556.51,355,570.19,575.3,511.57,517.58,540.77,196.85
Uttarakhand,Bageshwar,149.53,144.64,250.86,179.49,169.68,365.41,122.69,122.4,129.28,254.33,249.97,344.94,277.56,269.71,426.31,233.53,232.43,258.56,565.7,568.78,501.72,554.4,557.94,487.21,575.82,578.41,517.13
Uttarakhand,Chamoli,144.27,150.67,107.82,160.28,165.76,131.72,129.12,136.76,81.53,190,204.42,107.82,205.32,225.75,98.79,175.5,184.77,117.76,200.95,208.21,159.58,222.54,235.22,156.42,180.51,183.32,163.06
Uttarakhand,Champawat,292.41,267.03,438.17,388.22,356.86,554.79,199.3,181.76,308.48,314.07,300.94,389.48,424.85,400.38,554.79,206.42,206.54,205.66,1620.88,1775.95,730.28,1779.96,1984.51,693.48,1466.3,1577.99,771.21
Uttarakhand,Dehradun,119.78,148.02,99.97,149,191.03,120.04,88.82,103.43,78.37,145.76,174.17,125.84,198.46,233.98,173.99,89.93,112.18,74.02,1478.42,1618.7,1380.02,1588.77,1764.87,1467.47,1361.5,1467.2,1285.92
Uttarakhand,Haridwar,139.88,146.35,128.58,190.98,209.87,157.41,81.96,73.34,96.7,396.84,347.92,482.18,519.12,466.76,612.16,258.25,211.33,338.46,2253.1,2552.17,1731.26,2297.36,2792.98,1416.7,2202.94,2275.38,2079.1
Uttarakhand,Nainital,278.22,270.6,291.28,327.84,296.28,380.79,224.92,243.43,192.53,313,301.39,332.89,400.91,362.47,465.41,218.55,236.76,186.7,624.98,489.35,857.19,776.14,586.25,1094.77,462.57,386.82,595.1
Uttarakhand,Pauri Garhwal,143.14,152.95,86.04,155.05,163.28,111,132.73,144.12,60.92,136.55,146.09,80.98,158.31,167.15,111,117.53,128.12,50.77,1412.3,1531.4,718.66,1469.82,1603.18,756.81,1362.02,1470.14,680.27
Uttarakhand,Pithoragarh,252.61,262.74,206.52,291.25,298.75,258.49,216.89,229.94,155.25,320.04,359.74,139.54,341.53,386.32,146.1,300.17,335.52,133.07,659.19,734.21,318.15,693.54,770.06,359.63,627.44,701.55,277.22
Uttarakhand,Rudraprayag,297.53,299.18,NA,342.04,344.44,NA,261.2,262.34,NA,296.77,298.42,NA,401.02,403.83,NA,211.71,212.64,NA,367.18,363.89,NA,387.54,381.77,NA,350.56,349.33,NA
Uttarakhand,Tehri Garhwal,147.48,153.6,109.32,165.15,172.03,128.77,133.08,139.23,88.51,409.39,387.39,546.58,488.27,444.91,717.44,345.14,342.55,363.89,1403.44,1423.48,1278.52,1445.63,1470.29,1315.31,1369.07,1386.99,1239.18
Uttarakhand,Udham Singh Nagar,222.84,225.41,216.64,305.29,316.65,278.39,131.51,125.5,146.32,289.69,304.22,254.65,411.29,455.37,306.95,155,138.71,195.09,881.33,882.72,877.96,1176.62,1185.16,1156.4,554.22,551.52,560.88
Uttarakhand,Uttarkashi,129.43,130.37,123.3,150.24,148.24,162.26,108.75,112.97,79.03,657.89,662.35,628.85,781.68,792.15,718.59,534.88,536.02,526.87,67.98,67.06,73.98,77.43,78.74,69.54,58.59,55.69,79.03
